node,Degree,BetweennessCentrality,ClosenessCentrality,Radiality,Stress,ClusteringCoefficient
http://digistrucmed.org/questionnaire#ME1,1336,0.3218372960987403,0.3169937369519833,0.9983872481591085,1205271972,0.0014891565184238266
http://digistrucmed.org/questionnaire#uMARS,1320,0.25708926947320726,0.330173088631817,0.9984815011704725,48496920,0.0014887311324005789
http://digistrucmed.org/questionnaire#M006_01,181,0.14431056167210835,0.3442147261516141,0.9985739795435472,36683580,0.020588789153223274
http://digistrucmed.org/questionnaire#very_positive,44,0.1415158065210555,0.34682503426222017,0.9985903456522149,726875340,0.0
http://digistrucmed.org/questionnaire#Quality,16,0.12974217273271957,0.3208519989857155,0.9984156423717371,24641194,0.0
http://digistrucmed.org/questionnaire#positive,44,0.11096882297996263,0.3411521524220365,0.9985544585223651,337090818,0.0
http://digistrucmed.org/questionnaire#Agreement,16,0.08393562682852003,0.25847746152798584,0.9978526876699708,14038668,0.0
http://digistrucmed.org/questionnaire#neutral,44,0.06108347936587228,0.3277216610549944,0.9984645435157083,89244852,0.0
http://digistrucmed.org/questionnaire#UM18,64,0.04366983842752806,0.3283452988495805,0.9984688815204155,7550444,0.05076679005817028
http://digistrucmed.org/questionnaire#Degree,5,0.041858752496717215,0.3103335513407456,0.998336572376848,7350546,0.0
http://digistrucmed.org/questionnaire#M010_01,181,0.0324239591250309,0.32071645826292666,0.9984146564615762,14252424,0.020588789153223274
http://digistrucmed.org/questionnaire#M003_01,181,0.03179488165095948,0.32071645826292666,0.9984146564615762,14187914,0.020588789153223274
http://digistrucmed.org/questionnaire#M004_01,181,0.03168271532493725,0.32071645826292666,0.9984146564615762,14180214,0.020588789153223274
http://digistrucmed.org/questionnaire#M002_01,181,0.03159503755699323,0.32071645826292666,0.9984146564615762,14173590,0.020588789153223274
http://digistrucmed.org/questionnaire#SUS,540,0.027409807381771373,0.22354396089747364,0.9974001549062045,2016376,0.0036418607847179276
http://digistrucmed.org/questionnaire#negative,44,0.023570909923304656,0.3169672678690715,0.9983870509770764,18537664,0.0
http://digistrucmed.org/questionnaire#very_negative,43,0.018010228871904423,0.3141343925852367,0.998365755317605,16939658,0.0
http://digistrucmed.org/questionnaire#10030110,70,0.0176558698957029,0.2966320231304212,0.9982251645286876,106206452,0.02897278314310799
http://digistrucmed.org/questionnaire#UM25,64,0.016891407339549996,0.3021330786373766,0.9982711079421768,3826850,0.05076679005817028
http://digistrucmed.org/questionnaire#UM22,64,0.016859192617260738,0.3021330786373766,0.9982711079421768,3824288,0.05076679005817028
http://digistrucmed.org/questionnaire#UM24,64,0.016853829240644182,0.3021330786373766,0.9982711079421768,3824944,0.05076679005817028
http://digistrucmed.org/questionnaire#UM23,64,0.016850082791150345,0.3021330786373766,0.9982711079421768,3821266,0.05076679005817028
http://digistrucmed.org/questionnaire#UM21,64,0.016788286618772876,0.3021330786373766,0.9982711079421768,3809466,0.05076679005817028
http://digistrucmed.org/questionnaire#UM20,64,0.01668854230611341,0.3021330786373766,0.9982711079421768,3811856,0.05076679005817028
http://digistrucmed.org/questionnaire#10020110,65,0.01645172203332737,0.2964004060279535,0.9982231927083662,98298924,0.03123399897593446
http://digistrucmed.org/questionnaire#10040110,63,0.01591821237451649,0.29630786043244084,0.9982224039802376,95122450,0.03224043715846994
http://digistrucmed.org/questionnaire#10100109,57,0.015218253451679502,0.29603057006940653,0.998220037795852,85644284,0.03569023569023569
http://digistrucmed.org/questionnaire#10020108,48,0.01491767733179443,0.2966552047514848,0.9982253617107197,58287836,0.04251207729468599
http://digistrucmed.org/questionnaire#SU01_01,63,0.014301119497189893,0.26377597109304424,0.9979108563694528,32338010,0.053551912568306013
http://digistrucmed.org/questionnaire#SU01_10,63,0.014256985684783828,0.26377597109304424,0.9979108563694528,32337892,0.053551912568306013
http://digistrucmed.org/questionnaire#SU01_07,63,0.014104681699019144,0.26377597109304424,0.9979108563694528,32318098,0.053551912568306013
http://digistrucmed.org/questionnaire#SU01_05,63,0.01396522921142822,0.26377597109304424,0.9979108563694528,32305296,0.053551912568306013
http://digistrucmed.org/questionnaire#SU01_06,63,0.013943495531115877,0.26377597109304424,0.9979108563694528,32305356,0.053551912568306013
http://digistrucmed.org/questionnaire#SU01_04,63,0.013924325134100173,0.26377597109304424,0.9979108563694528,32309198,0.053551912568306013
http://digistrucmed.org/questionnaire#SU01_03,63,0.013876360763915234,0.26377597109304424,0.9979108563694528,32299390,0.053551912568306013
http://digistrucmed.org/questionnaire#SU01_09,63,0.013871330535205605,0.26377597109304424,0.9979108563694528,32297646,0.053551912568306013
http://digistrucmed.org/questionnaire#SU01_02,63,0.013839608532092455,0.26377597109304424,0.9979108563694528,32296240,0.053551912568306013
http://digistrucmed.org/questionnaire#SU01_08,63,0.013834034093101012,0.26377597109304424,0.9979108563694528,32298180,0.053551912568306013
http://digistrucmed.org/questionnaire#10040108,40,0.012822844876855585,0.29628473306275366,0.9982222067982055,47971552,0.051209103840682786
http://digistrucmed.org/questionnaire#UM12,65,0.011928106106546965,0.3146030167412564,0.9983693045941837,1911072,0.04915514592933948
http://digistrucmed.org/questionnaire#UM13,65,0.011892639214411176,0.3146551724137931,0.998369698958248,1921866,0.04915514592933948
http://digistrucmed.org/questionnaire#UM14,65,0.011888529392808385,0.3146551724137931,0.998369698958248,1916764,0.04915514592933948
http://digistrucmed.org/questionnaire#UM15,65,0.011765088748493888,0.3146030167412564,0.9983693045941837,1905214,0.04915514592933948
http://digistrucmed.org/questionnaire#10100108,35,0.011714996363275247,0.29605365777569803,0.9982202349778841,41519742,0.058712121212121215
http://digistrucmed.org/questionnaire#UM19,64,0.01155906206393104,0.3145508783559828,0.9983689102301194,1889074,0.05076679005817028
http://digistrucmed.org/questionnaire#10060110,59,0.011550378720194656,0.2961229425072158,0.9982208265239805,88686442,0.03446115288220551
http://digistrucmed.org/questionnaire#10060108,50,0.01152959391078083,0.2967479674796748,0.9982261504388483,60744820,0.040780141843971635
http://digistrucmed.org/questionnaire#UM03,64,0.011528762738489956,0.3145508783559828,0.9983689102301194,1873422,0.0523532522474881
http://digistrucmed.org/questionnaire#UM11,64,0.011416072415230821,0.3145508783559828,0.9983689102301194,1880068,0.05129561078794289
http://digistrucmed.org/questionnaire#UM10,64,0.011209123962746832,0.3145508783559828,0.9983689102301194,1870792,0.05129561078794289
http://digistrucmed.org/questionnaire#UM09,64,0.011202104737806824,0.3145508783559828,0.9983689102301194,1875096,0.05129561078794289
http://digistrucmed.org/questionnaire#10040109,42,0.0111746611394173,0.29533960942970516,0.9982141223348876,61858900,0.04871794871794872
http://digistrucmed.org/questionnaire#UM07,64,0.011145199660904362,0.3145508783559828,0.9983689102301194,1865386,0.05182443151771549
http://digistrucmed.org/questionnaire#UM02,64,0.011065624298705817,0.3145508783559828,0.9983689102301194,1849818,0.0523532522474881
http://digistrucmed.org/questionnaire#UM06,64,0.011057783048840997,0.3145508783559828,0.9983689102301194,1856726,0.05182443151771549
http://digistrucmed.org/questionnaire#UM04,64,0.011028566040793542,0.3145508783559828,0.9983689102301194,1849822,0.0523532522474881
http://digistrucmed.org/questionnaire#UM08,64,0.010980323789272304,0.3145508783559828,0.9983689102301194,1860118,0.05182443151771549
http://digistrucmed.org/questionnaire#UM01,63,0.010971046711267234,0.31333058192323565,0.9983596426746086,1843234,0.054098360655737705
http://digistrucmed.org/questionnaire#10030108,32,0.010543626602562086,0.2959151855316495,0.9982190518856913,37648068,0.06436781609195402
http://digistrucmed.org/questionnaire#20010405,32,0.010035039610599065,0.2676066267183645,0.9979514758680742,77551386,0.06436781609195402
http://digistrucmed.org/questionnaire#10030109,35,0.009306957966176371,0.29501826377554985,0.9982113617864377,50777486,0.058712121212121215
http://digistrucmed.org/questionnaire#20010205,29,0.009281043485820421,0.26749348178422944,0.9979502927758813,71040502,0.07122507122507123
http://digistrucmed.org/questionnaire#nan,40,0.009130813958965605,0.3182161119959762,0.9983963185325871,3603730,0.0
http://digistrucmed.org/questionnaire#10020109,33,0.008992593863914398,0.2949265791313806,0.9982105730583091,47619396,0.06236559139784946
http://digistrucmed.org/questionnaire#20010805,28,0.008788641373564448,0.26745578806453885,0.9979498984118171,68872220,0.07384615384615385
http://digistrucmed.org/questionnaire#20010305,26,0.00826405536949654,0.2673804324857364,0.9979491096836886,64531324,0.07971014492753623
http://digistrucmed.org/questionnaire#no%20Answer%20Selected,38,0.008261286996143999,0.3144727031728937,0.9983683186840228,3555128,0.0
http://digistrucmed.org/questionnaire#20011005,25,0.008040648097903632,0.26734277061764916,0.9979487153196243,62366344,0.08300395256916997
http://digistrucmed.org/questionnaire#20010905,24,0.007793945615017424,0.26730511935779167,0.99794832095556,60192554,0.08658008658008658
http://digistrucmed.org/questionnaire#10060109,38,0.007648406578071879,0.2951558976751419,0.9982125448786305,55456534,0.05396825396825397
http://digistrucmed.org/questionnaire#10100110,26,0.007444997144781234,0.2946061311602639,0.9982078125098591,36570178,0.07971014492753623
http://digistrucmed.org/questionnaire#M005,174,0.007056045896324209,0.26773875017632953,0.9979528561422992,2797112,0.022303821569427444
http://digistrucmed.org/questionnaire#20010605,20,0.006707110107065961,0.26715462031107046,0.9979467434993027,51514020,0.10457516339869281
http://digistrucmed.org/questionnaire#20010904,22,0.0066901918581648645,0.2650097738061994,0.9979240675656064,31722724,0.09473684210526316
http://digistrucmed.org/questionnaire#20010505,20,0.006671189423386284,0.26715462031107046,0.9979467434993027,51513020,0.10457516339869281
http://digistrucmed.org/questionnaire#10100106,16,0.00663553597368839,0.2901918813546365,0.9981691648315592,13764136,0.13186813186813187
http://digistrucmed.org/questionnaire#10100107,17,0.006552743569009839,0.29522476279359156,0.9982131364247269,18273460,0.12380952380952381
http://digistrucmed.org/questionnaire#20010604,21,0.006510539544051129,0.26497277676951,0.9979236732015421,30485766,0.09941520467836257
http://digistrucmed.org/questionnaire#10030107,17,0.006504983896351902,0.29522476279359156,0.9982131364247269,18274522,0.12380952380952381
http://digistrucmed.org/questionnaire#10020107,18,0.006408975716911194,0.2952706907280647,0.9982135307887912,19544642,0.11666666666666667
http://digistrucmed.org/questionnaire#20010504,21,0.006340088511727203,0.26497277676951,0.9979236732015421,30492806,0.09941520467836257
http://digistrucmed.org/questionnaire#10030106,15,0.006268373079579091,0.2901475196820301,0.9981687704674949,12716990,0.14102564102564102
http://digistrucmed.org/questionnaire#20010705,18,0.006186036565168663,0.2670794343206923,0.9979459547711741,47173684,0.11666666666666667
http://digistrucmed.org/questionnaire#20010704,20,0.006093816371413847,0.2649357900614182,0.9979232788374778,29256306,0.10457516339869281
http://digistrucmed.org/questionnaire#10040107,16,0.006067114697911324,0.2951788491446345,0.9982127420606626,16973552,0.13186813186813187
http://digistrucmed.org/questionnaire#20010304,19,0.005845417523805455,0.26489881367759943,0.9979228844734135,28025700,0.11029411764705882
http://digistrucmed.org/questionnaire#10040106,13,0.005696944347156778,0.2900588370138305,0.9981679817393663,10633220,0.16363636363636364
http://digistrucmed.org/questionnaire#30160005,24,0.005677945947507116,0.2805202483003251,0.9980802357350631,16956478,0.08658008658008658
http://digistrucmed.org/questionnaire#20010103,24,0.005673532562767191,0.25779286926994904,0.9978449975707174,11161366,0.08658008658008658
http://digistrucmed.org/questionnaire#10030105,13,0.0056100159190812975,0.2900588370138305,0.9981679817393663,10627962,0.16363636363636364
http://digistrucmed.org/questionnaire#10050004,5,0.0055732863025174835,0.28054097997191635,0.9980804329170953,2205650,0.0
http://digistrucmed.org/questionnaire#20010105,15,0.0054612876945818265,0.2669667346508193,0.9979447716789813,40659510,0.14102564102564102
http://digistrucmed.org/questionnaire#10100105,12,0.005249868228377503,0.2900145160058064,0.998167587375302,9583328,0.17777777777777778
http://digistrucmed.org/questionnaire#20010804,17,0.005233253967456237,0.2648248918654946,0.9979220957452849,25555808,0.12380952380952381
http://digistrucmed.org/questionnaire#30200005,25,0.005062877491357617,0.2805617147080562,0.9980806300991274,17666726,0.08300395256916997
http://digistrucmed.org/questionnaire#20010204,16,0.004975370841434331,0.2647879464285714,0.9979217013812206,24321294,0.13186813186813187
http://digistrucmed.org/questionnaire#20010104,15,0.004827510664374984,0.264751011298647,0.9979213070171564,23091794,0.14102564102564102
http://digistrucmed.org/questionnaire#30210005,23,0.004694437813917632,0.28047879414807153,0.9980798413709988,16110618,0.09047619047619047
http://digistrucmed.org/questionnaire#10020105,9,0.004308788990677862,0.2898816342115311,0.9981664042831092,6455134,0.23809523809523808
http://digistrucmed.org/questionnaire#UM17,64,0.004075154357654871,0.28590796113579875,0.9981305171532593,1613472,0.05076679005817028
http://digistrucmed.org/questionnaire#20011004,12,0.0039592931386796355,0.26464026770775234,0.9979201239249635,19383234,0.17777777777777778
http://digistrucmed.org/questionnaire#10020106,8,0.003924383448455218,0.28983736733603116,0.9981660099190449,5410508,0.26666666666666666
http://digistrucmed.org/questionnaire#10060107,16,0.0038907677887807177,0.2951788491446345,0.9982127420606626,16880024,0.13186813186813187
http://digistrucmed.org/questionnaire#10060106,12,0.003888264779986171,0.2900145160058064,0.998167587375302,9537618,0.17777777777777778
http://digistrucmed.org/questionnaire#UM16,64,0.00388286820350849,0.28590796113579875,0.9981305171532593,1562604,0.05076679005817028
http://digistrucmed.org/questionnaire#30150006,26,0.003850561049244434,0.280644684311696,0.9980814188272559,258168,0.07971014492753623
http://digistrucmed.org/questionnaire#30170003,26,0.003800388769499042,0.26914350538854226,0.9979674476126776,3518594,0.07971014492753623
http://digistrucmed.org/questionnaire#20010404,11,0.003628467911242133,0.2646033737627213,0.9979197295608992,18161604,0.19444444444444445
http://digistrucmed.org/questionnaire#10040105,7,0.0035730060001521054,0.28979311397816626,0.9981656155549806,4362502,0.3
http://digistrucmed.org/questionnaire#30080005,24,0.0035441020816672658,0.2805202483003251,0.9980802357350631,236316,0.08658008658008658
http://digistrucmed.org/questionnaire#30060005,24,0.0035173001757810634,0.2805202483003251,0.9980802357350631,235750,0.08658008658008658
http://digistrucmed.org/questionnaire#30160004,18,0.00350232357080015,0.2743964146306202,0.9980206867613561,6994404,0.11666666666666667
http://digistrucmed.org/questionnaire#30240004,21,0.0034567071752621627,0.27451547584610936,0.998021869853549,8274578,0.09941520467836257
http://digistrucmed.org/questionnaire#20010703,15,0.003449725225394376,0.257478125211965,0.9978414482941387,7528072,0.14102564102564102
http://digistrucmed.org/questionnaire#30230005,16,0.0033980784358591644,0.28018895777974606,0.9980770808225489,10670450,0.13186813186813187
http://digistrucmed.org/questionnaire#30230004,20,0.0032915476232521527,0.2744757772957339,0.9980214754894847,7831716,0.10457516339869281
http://digistrucmed.org/questionnaire#30210004,20,0.003290517625288271,0.2744757772957339,0.9980214754894847,7830388,0.10457516339869281
http://digistrucmed.org/questionnaire#30040005,22,0.0032368283568609334,0.28043735224586286,0.9980794470069345,219974,0.09473684210526316
http://digistrucmed.org/questionnaire#30020005,22,0.0032363623751570543,0.28043735224586286,0.9980794470069345,219922,0.09473684210526316
http://digistrucmed.org/questionnaire#30220005,15,0.0032163664661175218,0.28014760147601475,0.9980766864584846,9893698,0.14102564102564102
http://digistrucmed.org/questionnaire#30140006,21,0.0032059946741846887,0.28047879414807153,0.9980798413709988,222520,0.09941520467836257
http://digistrucmed.org/questionnaire#20010603,14,0.0032056367373796465,0.2574432010851136,0.9978410539300745,7128444,0.15151515151515152
http://digistrucmed.org/questionnaire#30100004,30,0.00319368998356152,0.27487328023171614,0.9980254191301275,219162,0.06878306878306878
http://digistrucmed.org/questionnaire#30070004,30,0.003189126666894929,0.27487328023171614,0.9980254191301275,218042,0.06878306878306878
http://digistrucmed.org/questionnaire#20010503,14,0.0031710983422348843,0.2574432010851136,0.9978410539300745,7119260,0.15151515151515152
http://digistrucmed.org/questionnaire#30220004,19,0.0031336219114532406,0.2744360902255639,0.9980210811254204,7389874,0.11029411764705882
http://digistrucmed.org/questionnaire#30090004,29,0.003088530332883948,0.2748334781349551,0.9980250247660633,212914,0.07122507122507123
http://digistrucmed.org/questionnaire#30240005,14,0.0030324739558582883,0.28010625737898465,0.9980762920944203,9116184,0.15151515151515152
http://digistrucmed.org/questionnaire#30250005,14,0.003032069390701185,0.28010625737898465,0.9980762920944203,9116848,0.15151515151515152
http://digistrucmed.org/questionnaire#30250004,18,0.0029685088513881704,0.2743964146306202,0.9980206867613561,6947916,0.11666666666666667
http://digistrucmed.org/questionnaire#30120006,19,0.002959203238804434,0.28035450516986704,0.9980786582788059,208418,0.11029411764705882
http://digistrucmed.org/questionnaire#30120005,27,0.0029438038174752416,0.27479368756334155,0.998024630401999,204966,0.07666666666666666
http://digistrucmed.org/questionnaire#10100104,10,0.0029077235820373806,0.28336816960286654,0.9981070524914344,4465952,0.21428571428571427
http://digistrucmed.org/questionnaire#30140005,26,0.0028475521588803747,0.27479368756334155,0.998024630401999,198776,0.07971014492753623
http://digistrucmed.org/questionnaire#30130005,26,0.0028417808084962915,0.27479368756334155,0.998024630401999,198796,0.07971014492753623
http://digistrucmed.org/questionnaire#30130006,18,0.002830246026397829,0.28035450516986704,0.9980786582788059,201648,0.11666666666666667
http://digistrucmed.org/questionnaire#30190004,26,0.002818415169609148,0.27471414097553915,0.9980238416738704,194702,0.07971014492753623
http://digistrucmed.org/questionnaire#10060105,8,0.00270084019141227,0.28983736733603116,0.9981660099190449,5366466,0.26666666666666666
http://digistrucmed.org/questionnaire#30110004,25,0.0026937206199087764,0.27467438494934876,0.9980234473098061,187488,0.08300395256916997
http://digistrucmed.org/questionnaire#10100103,9,0.0026150603319307114,0.28332586953276606,0.9981066581273701,3837138,0.23809523809523808
http://digistrucmed.org/questionnaire#20011003,11,0.0025485571117969882,0.257338485526405,0.9978398708378816,5905952,0.19444444444444445
http://digistrucmed.org/questionnaire#30100005,16,0.002509146553958779,0.28018895777974606,0.9980770808225489,180588,0.13186813186813187
http://digistrucmed.org/questionnaire#30200004,15,0.0024883480821655804,0.27427745664739883,0.9980195036691634,5619682,0.14102564102564102
http://digistrucmed.org/questionnaire#30150005,22,0.0024672388985800485,0.2745949074074074,0.9980226585816775,174144,0.09473684210526316
http://digistrucmed.org/questionnaire#20010203,11,0.002466526801429558,0.257338485526405,0.9978398708378816,5917006,0.19444444444444445
http://digistrucmed.org/questionnaire#20010403,11,0.0024654640145543977,0.257338485526405,0.9978398708378816,5905120,0.19444444444444445
http://digistrucmed.org/questionnaire#30250003,20,0.002425369689077174,0.2689147067157835,0.997965081428292,2585924,0.10457516339869281
http://digistrucmed.org/questionnaire#30040004,22,0.002407143743190537,0.2745551858816722,0.9980222642176133,166886,0.09473684210526316
http://digistrucmed.org/questionnaire#10100102,12,0.0023315191021678057,0.2813102119460501,0.9980877286522843,4612934,0.17777777777777778
http://digistrucmed.org/questionnaire#30020004,21,0.0023275045023306057,0.27451547584610936,0.998021869853549,160478,0.09941520467836257
http://digistrucmed.org/questionnaire#30070005,14,0.0022623210139178914,0.28010625737898465,0.9980762920944203,165084,0.15151515151515152
http://digistrucmed.org/questionnaire#30090005,14,0.002256002859880206,0.28010625737898465,0.9980762920944203,166872,0.15151515151515152
http://digistrucmed.org/questionnaire#30010004,14,0.0022508885661942177,0.28002360578341695,0.9980755033662916,164742,0.15151515151515152
http://digistrucmed.org/questionnaire#30170005,7,0.002227468942254567,0.2798171900339083,0.9980735315459702,3733114,0.3
http://digistrucmed.org/questionnaire#30030004,20,0.0022226821902178347,0.2744757772957339,0.9980214754894847,153754,0.10457516339869281
http://digistrucmed.org/questionnaire#20010803,10,0.002216974449774454,0.2573035992679455,0.9978394764738173,5508208,0.21428571428571427
http://digistrucmed.org/questionnaire#30060004,20,0.0022110429564585867,0.2744757772957339,0.9980214754894847,155564,0.10457516339869281
http://digistrucmed.org/questionnaire#30220003,18,0.0021610774194097543,0.2688385269121813,0.9979642927001634,2292966,0.11666666666666667
http://digistrucmed.org/questionnaire#30030003,28,0.002137796552116189,0.26921985815602834,0.9979682363408062,158532,0.07384615384615385
http://digistrucmed.org/questionnaire#20011002,12,0.0020650558735002605,0.2520082320918808,0.9977783500438533,2207138,0.17777777777777778
http://digistrucmed.org/questionnaire#30170004,10,0.00206309757878991,0.27407942238267147,0.9980175318488418,3452046,0.21428571428571427
http://digistrucmed.org/questionnaire#30230003,17,0.0020252744964657744,0.26880045319359863,0.9979638983360991,2146424,0.12380952380952381
http://digistrucmed.org/questionnaire#30010003,18,0.0020189286692062257,0.2743170978465096,0.9980198980332275,142110,0.11666666666666667
http://digistrucmed.org/questionnaire#30080004,18,0.002014667094344531,0.2743964146306202,0.9980206867613561,143578,0.11666666666666667
http://digistrucmed.org/questionnaire#30110005,12,0.0020104730492146432,0.28002360578341695,0.9980755033662916,153166,0.17777777777777778
http://digistrucmed.org/questionnaire#20010303,9,0.001997104047053099,0.25726872246696036,0.997839082109753,5108512,0.23809523809523808
http://digistrucmed.org/questionnaire#30190005,11,0.0019156705975570609,0.2799822982740817,0.9980751090022273,147738,0.19444444444444445
http://digistrucmed.org/questionnaire#30010002,24,0.0018474801838794094,0.26899092970521543,0.9979658701564206,138080,0.08658008658008658
http://digistrucmed.org/questionnaire#30240003,15,0.0017663371576711916,0.26872433809995755,0.9979631096079706,1853706,0.14102564102564102
http://digistrucmed.org/questionnaire#10040104,6,0.001725904259391993,0.28319904506117577,0.9981054750351773,1951532,0.3333333333333333
http://digistrucmed.org/questionnaire#10020104,6,0.0017169101150898824,0.28319904506117577,0.9981054750351773,1950392,0.3333333333333333
http://digistrucmed.org/questionnaire#30160003,11,0.0015238272227294835,0.2685722371586246,0.9979615321517135,1299102,0.19444444444444445
http://digistrucmed.org/questionnaire#20010903,7,0.0015157553051713334,0.25719899722203404,0.9978382933816246,4297094,0.3
http://digistrucmed.org/questionnaire#10100101,8,0.0015000397412219773,0.2811435342912161,0.9980861511960273,2577134,0.26666666666666666
http://digistrucmed.org/questionnaire#10030104,5,0.0014203435474430476,0.2831567954647173,0.998105080671113,1321066,0.3333333333333333
http://digistrucmed.org/questionnaire#30030005,7,0.0013986948672921765,0.2798171900339083,0.9980735315459702,115688,0.3
http://digistrucmed.org/questionnaire#30200003,12,0.0013647114008808242,0.2686102462496462,0.9979619265157778,1414438,0.17777777777777778
http://digistrucmed.org/questionnaire#30170002,13,0.0013438575211169234,0.26547311000769286,0.9979289971164099,594460,0.16363636363636364
http://digistrucmed.org/questionnaire#M007_01,170,0.0013359734322675374,0.2459504988985357,0.9977051955099285,245272,0.011833475905332192
http://digistrucmed.org/questionnaire#M008_01,170,0.0013299943673248042,0.2459504988985357,0.9977051955099285,242992,0.011833475905332192
http://digistrucmed.org/questionnaire#30190003,17,0.0013259660405057405,0.26880045319359863,0.9979638983360991,101194,0.12380952380952381
http://digistrucmed.org/questionnaire#30110003,17,0.0013189778501080146,0.26880045319359863,0.9979638983360991,100702,0.12380952380952381
http://digistrucmed.org/questionnaire#10020111,5,0.0013030015005610596,0.28099785328299653,0.9980847709218023,917474,0.0
http://digistrucmed.org/questionnaire#10040111,5,0.0013029877145450991,0.28099785328299653,0.9980847709218023,917474,0.0
http://digistrucmed.org/questionnaire#10030111,5,0.0013029434793363044,0.28099785328299653,0.9980847709218023,917474,0.0
http://digistrucmed.org/questionnaire#10100111,5,0.0013025272485124853,0.28099785328299653,0.9980847709218023,917474,0.0
http://digistrucmed.org/questionnaire#30210003,11,0.0012299472736241493,0.2685722371586246,0.9979615321517135,1267792,0.19444444444444445
http://digistrucmed.org/questionnaire#20010702,8,0.0012108476129626374,0.25187446088514365,0.9977767725875961,1615492,0.26666666666666666
http://digistrucmed.org/questionnaire#20010902,8,0.0012090272793843118,0.25187446088514365,0.9977767725875961,1618410,0.26666666666666666
http://digistrucmed.org/questionnaire#10060104,5,0.001181891991120914,0.2831567954647173,0.998105080671113,1317770,0.3333333333333333
http://digistrucmed.org/questionnaire#10060103,5,0.0011814575484168145,0.2831567954647173,0.998105080671113,1316018,0.3333333333333333
http://digistrucmed.org/questionnaire#10060111,5,0.001181184662653686,0.28099785328299653,0.9980847709218023,917378,0.0
http://digistrucmed.org/questionnaire#10030103,4,0.0011186706947839702,0.2831145584725537,0.9981046863070487,689718,0.0
http://digistrucmed.org/questionnaire#10040103,4,0.0011142181011893474,0.2831145584725537,0.9981046863070487,689576,0.0
http://digistrucmed.org/questionnaire#10020103,4,0.0011139090489316029,0.2831145584725537,0.9981046863070487,689440,0.0
http://digistrucmed.org/questionnaire#10040102,6,0.0011073182176006987,0.28106026950984747,0.9980853624678987,1559462,0.3333333333333333
http://digistrucmed.org/questionnaire#10030102,6,0.0011072958667082556,0.28106026950984747,0.9980853624678987,1559460,0.3333333333333333
http://digistrucmed.org/questionnaire#10020102,6,0.0011072585476298586,0.28106026950984747,0.9980853624678987,1559434,0.3333333333333333
http://digistrucmed.org/questionnaire#30020003,13,0.0010287783947675053,0.2686482661004954,0.997962320879842,78492,0.16363636363636364
http://digistrucmed.org/questionnaire#20010302,7,0.0010000691869178277,0.25184104027068266,0.9977763782235319,1469718,0.3
http://digistrucmed.org/questionnaire#10040101,5,0.0009034979734844321,0.2810186556114895,0.9980849681038344,1050614,0.3333333333333333
http://digistrucmed.org/questionnaire#10030101,5,0.0009034756225919892,0.2810186556114895,0.9980849681038344,1050612,0.3333333333333333
http://digistrucmed.org/questionnaire#10020101,5,0.000903438303513592,0.2810186556114895,0.9980849681038344,1050586,0.3333333333333333
http://digistrucmed.org/questionnaire#30060003,11,0.0008907249529998541,0.2685722371586246,0.9979615321517135,68652,0.19444444444444445
http://digistrucmed.org/questionnaire#30040003,11,0.0008823389226729585,0.2685722371586246,0.9979615321517135,67916,0.19444444444444445
http://digistrucmed.org/questionnaire#30180003,20,0.0008776956613939675,0.2689147067157835,0.997965081428292,83940,0.10457516339869281
http://digistrucmed.org/questionnaire#20010401,6,0.0008340840187476584,0.25059413783997886,0.9977615895711213,1516602,0.3333333333333333
http://digistrucmed.org/questionnaire#20010101,6,0.0008310424240849553,0.25059413783997886,0.9977615895711213,1513494,0.3333333333333333
http://digistrucmed.org/questionnaire#30090003,10,0.0008114743735366572,0.26853423882286365,0.9979611377876492,63612,0.21428571428571427
http://digistrucmed.org/questionnaire#30080003,10,0.0008114703157535923,0.26853423882286365,0.9979611377876492,63446,0.21428571428571427
http://digistrucmed.org/questionnaire#30070003,10,0.0008114682725594758,0.26853423882286365,0.9979611377876492,62990,0.21428571428571427
http://digistrucmed.org/questionnaire#20010502,6,0.0008093862585503678,0.2518076285240464,0.9977759838594676,1330030,0.3333333333333333
http://digistrucmed.org/questionnaire#10060101,5,0.0007849777591551949,0.2822095011523307,0.9980962074796665,1051764,0.3333333333333333
http://digistrucmed.org/questionnaire#30130004,9,0.0007659857606397904,0.2685722371586246,0.9979615321517135,61540,0.23809523809523808
http://digistrucmed.org/questionnaire#30120004,8,0.0006948436659834443,0.26849625123779886,0.9979607434235849,56270,0.26666666666666666
http://digistrucmed.org/questionnaire#30100003,8,0.0006667364871433622,0.26845827439886844,0.9979603490595207,53108,0.26666666666666666
http://digistrucmed.org/questionnaire#20010801,5,0.0006255041270610298,0.2505610561056105,0.997761195207057,1352566,0.3333333333333333
http://digistrucmed.org/questionnaire#20011001,5,0.0006240350209934226,0.2505610561056105,0.997761195207057,1349842,0.3333333333333333
http://digistrucmed.org/questionnaire#20010601,5,0.0006237612974584461,0.2505610561056105,0.997761195207057,1349632,0.3333333333333333
http://digistrucmed.org/questionnaire#30140004,7,0.0006218475531097475,0.26849625123779886,0.9979607434235849,51092,0.3
http://digistrucmed.org/questionnaire#10060102,4,0.0006202542927447025,0.2821675462722069,0.9980958131156022,542708,0.0
http://digistrucmed.org/questionnaire#20010402,5,0.0006178028887851318,0.25177422564170593,0.9977755894954033,1190476,0.3333333333333333
http://digistrucmed.org/questionnaire#20011006,5,0.0006155829109890546,0.2531341691117631,0.9977915612400068,542966,0.0
http://digistrucmed.org/questionnaire#20010106,5,0.0006128461541034604,0.2531341691117631,0.9977915612400068,542970,0.0
http://digistrucmed.org/questionnaire#20010102,5,0.0006117558584096667,0.25177422564170593,0.9977755894954033,1187464,0.3333333333333333
http://digistrucmed.org/questionnaire#20010802,5,0.0006112333652182377,0.25177422564170593,0.9977755894954033,1187478,0.3333333333333333
http://digistrucmed.org/questionnaire#20010706,5,0.0006110006557966677,0.2531341691117631,0.9977915612400068,542962,0.0
http://digistrucmed.org/questionnaire#20010202,5,0.0006109559148353936,0.25177422564170593,0.9977755894954033,1187270,0.3333333333333333
http://digistrucmed.org/questionnaire#20010506,5,0.0006078258028532226,0.2531341691117631,0.9977915612400068,542962,0.0
http://digistrucmed.org/questionnaire#20010906,5,0.0006077272321362454,0.2531341691117631,0.9977915612400068,542962,0.0
http://digistrucmed.org/questionnaire#20010606,5,0.0006076435807981357,0.2531341691117631,0.9977915612400068,542966,0.0
http://digistrucmed.org/questionnaire#30240002,8,0.000607213385515253,0.2652875812425746,0.9979270252960886,300116,0.26666666666666666
http://digistrucmed.org/questionnaire#20010306,5,0.0006069239221349696,0.2531341691117631,0.9977915612400068,542962,0.0
http://digistrucmed.org/questionnaire#20010406,5,0.0006068668606795366,0.2531341691117631,0.9977915612400068,542970,0.0
http://digistrucmed.org/questionnaire#20010602,5,0.0006056446173853593,0.25177422564170593,0.9977755894954033,1184366,0.3333333333333333
http://digistrucmed.org/questionnaire#20010806,5,0.0006056205369166613,0.2531341691117631,0.9977915612400068,542966,0.0
http://digistrucmed.org/questionnaire#20010206,5,0.0006047744895765623,0.2531341691117631,0.9977915612400068,542962,0.0
http://digistrucmed.org/questionnaire#30180005,6,0.0005960052236817867,0.2797759433962264,0.9980731371819059,80632,0.3333333333333333
http://digistrucmed.org/questionnaire#30180001,19,0.0005471106398244445,0.2652690426275332,0.9979268281140564,97940,0.11029411764705882
http://digistrucmed.org/questionnaire#10050001,92,0.0005422350259930386,0.2133183478505198,0.9972396487320406,6285848,0.021972534332084893
http://digistrucmed.org/questionnaire#30170001,6,0.0005033260967863226,0.2647879464285714,0.9979217013812206,232146,0.3333333333333333
http://digistrucmed.org/questionnaire#30150004,5,0.00048103806602815,0.26838235294117646,0.9979595603313921,40890,0.3333333333333333
http://digistrucmed.org/questionnaire#410_M006_01,4,0.0004788430543708227,0.2839616995810892,0.9981125735883345,661396,0.3333333333333333
http://digistrucmed.org/questionnaire#60_M006_01,4,0.00044335367958336236,0.28751041429978036,0.9981451086236378,1071704,0.3333333333333333
http://digistrucmed.org/questionnaire#20010901,4,0.00042141595270960095,0.25052798310454066,0.9977608008429927,1188584,0.0
http://digistrucmed.org/questionnaire#20010301,4,0.000421230059743088,0.25052798310454066,0.9977608008429927,1188546,0.0
http://digistrucmed.org/questionnaire#20010701,4,0.00042122680614560407,0.25052798310454066,0.9977608008429927,1188556,0.0
http://digistrucmed.org/questionnaire#20010501,4,0.0004211581299183608,0.25052798310454066,0.9977608008429927,1188532,0.0
http://digistrucmed.org/questionnaire#20010201,4,0.0004210280062048208,0.25052798310454066,0.9977608008429927,1188492,0.0
http://digistrucmed.org/questionnaire#334_M006_01,4,0.00041601792800897454,0.2839616995810892,0.9981125735883345,649038,0.3333333333333333
http://digistrucmed.org/questionnaire#10080102,105,0.0004144047051175115,0.19829702763412213,0.9969738473527129,43680,0.0
http://digistrucmed.org/questionnaire#103_M006_01,4,0.0004045349227942738,0.28751041429978036,0.9981451086236378,1072046,0.3333333333333333
http://digistrucmed.org/questionnaire#30080002,7,0.0004045215884662198,0.2652505066033121,0.9979266309320243,28730,0.3
http://digistrucmed.org/questionnaire#30250002,6,0.0003946896764204999,0.265213442325159,0.99792623656796,192346,0.3333333333333333
http://digistrucmed.org/questionnaire#30220002,6,0.0003942267522347431,0.265213442325159,0.99792623656796,192324,0.3333333333333333
http://digistrucmed.org/questionnaire#30200002,6,0.0003941011787049432,0.265213442325159,0.99792623656796,192244,0.3333333333333333
http://digistrucmed.org/questionnaire#107_M006_01,4,0.00039161021409400573,0.28319904506117577,0.9981054750351773,541744,0.3333333333333333
http://digistrucmed.org/questionnaire#30180004,5,0.00039132290036138353,0.2738816738816739,0.9980155600285203,49542,0.3333333333333333
http://digistrucmed.org/questionnaire#105_M006_01,4,0.0003888689155875524,0.28751041429978036,0.9981451086236378,1071018,0.3333333333333333
http://digistrucmed.org/questionnaire#30160001,5,0.0003822274348843488,0.264751011298647,0.9979213070171564,166896,0.3333333333333333
http://digistrucmed.org/questionnaire#30180002,12,0.0003795588568924468,0.2654359834976575,0.9979286027523457,37390,0.17777777777777778
http://digistrucmed.org/questionnaire#146_M006_01,4,0.0003728713479240322,0.28751041429978036,0.9981451086236378,1066758,0.3333333333333333
http://digistrucmed.org/questionnaire#10070101,99,0.00036811996359022923,0.19804872958731154,0.9969691149839415,38808,0.0
http://digistrucmed.org/questionnaire#70_M006_01,4,0.00035594451155528746,0.28751041429978036,0.9981451086236378,1061188,0.3333333333333333
http://digistrucmed.org/questionnaire#145_M006_01,4,0.0003552644565755167,0.28751041429978036,0.9981451086236378,1066688,0.3333333333333333
http://digistrucmed.org/questionnaire#92_M006_01,4,0.00035220771248790304,0.28751041429978036,0.9981451086236378,1061100,0.3333333333333333
http://digistrucmed.org/questionnaire#52_M006_01,4,0.0003481322184533297,0.28751041429978036,0.9981451086236378,1061168,0.3333333333333333
http://digistrucmed.org/questionnaire#30040002,6,0.0003453333288562983,0.265213442325159,0.99792623656796,23270,0.3333333333333333
http://digistrucmed.org/questionnaire#118_M006_01,4,0.00034471902057282866,0.2793641448336768,0.9980691935412631,86852,0.16666666666666666
http://digistrucmed.org/questionnaire#328_M006_01,4,0.0003447190205728273,0.2793641448336768,0.9980691935412631,86852,0.16666666666666666
http://digistrucmed.org/questionnaire#185_M006_01,4,0.00034471902057282714,0.2793641448336768,0.9980691935412631,86852,0.16666666666666666
http://digistrucmed.org/questionnaire#259_M006_01,4,0.0003447190205728228,0.2793641448336768,0.9980691935412631,86852,0.16666666666666666
http://digistrucmed.org/questionnaire#214_M006_01,4,0.0003367222954855588,0.28751041429978036,0.9981451086236378,1061162,0.3333333333333333
http://digistrucmed.org/questionnaire#157_M006_01,4,0.0003366604189472268,0.28751041429978036,0.9981451086236378,1061098,0.3333333333333333
http://digistrucmed.org/questionnaire#324_M006_01,4,0.00033433867104720657,0.28751041429978036,0.9981451086236378,1061186,0.3333333333333333
http://digistrucmed.org/questionnaire#255_M006_01,4,0.00033341876501885874,0.28751041429978036,0.9981451086236378,1061248,0.3333333333333333
http://digistrucmed.org/questionnaire#410_M003_01,4,0.00033198616955130907,0.268192737035467,0.9979575885110705,643636,0.3333333333333333
http://digistrucmed.org/questionnaire#30170006,5,0.00031611758102724377,0.2670794343206923,0.9979459547711741,94878,0.0
http://digistrucmed.org/questionnaire#401_M004_01,4,0.0003094145988001805,0.27348703170028815,0.9980116163878776,1054178,0.3333333333333333
http://digistrucmed.org/questionnaire#105_M004_01,4,0.0003081300885245886,0.268192737035467,0.9979575885110705,640980,0.3333333333333333
http://digistrucmed.org/questionnaire#410_M002_01,4,0.00030428580024253354,0.268192737035467,0.9979575885110705,643642,0.3333333333333333
http://digistrucmed.org/questionnaire#410_M004_01,4,0.0003042773372275828,0.268192737035467,0.9979575885110705,643642,0.3333333333333333
http://digistrucmed.org/questionnaire#30160006,5,0.00030375577810077593,0.2670794343206923,0.9979459547711741,94878,0.0
http://digistrucmed.org/questionnaire#30130003,5,0.0003007612882158578,0.2652505066033121,0.9979266309320243,20332,0.3333333333333333
http://digistrucmed.org/questionnaire#10050002,60,0.00029691571166026677,0.2125538943949829,0.9972270290819836,4024332,0.0338777979431337
http://digistrucmed.org/questionnaire#84_M006_01,4,0.0002959126759126167,0.2885375494071146,0.9981543761791485,1316174,0.3333333333333333
http://digistrucmed.org/questionnaire#151_M002_01,4,0.0002946340380903046,0.27348703170028815,0.9980116163878776,1053916,0.3333333333333333
http://digistrucmed.org/questionnaire#334_M002_01,4,0.00029116370109786053,0.268192737035467,0.9979575885110705,637470,0.3333333333333333
http://digistrucmed.org/questionnaire#30230002,5,0.0002888048871646334,0.2651763884037723,0.9979258422038958,138414,0.3333333333333333
http://digistrucmed.org/questionnaire#30090002,5,0.0002869991061690214,0.2651763884037723,0.9979258422038958,18422,0.3333333333333333
http://digistrucmed.org/questionnaire#30070002,5,0.0002865900113552334,0.2651763884037723,0.9979258422038958,18198,0.3333333333333333
http://digistrucmed.org/questionnaire#30020002,5,0.00028646459930379474,0.2651763884037723,0.9979258422038958,18106,0.3333333333333333
http://digistrucmed.org/questionnaire#30030002,5,0.0002860305809077878,0.2651763884037723,0.9979258422038958,17712,0.3333333333333333
http://digistrucmed.org/questionnaire#120_M002_01,4,0.0002855184925628741,0.27348703170028815,0.9980116163878776,1051190,0.3333333333333333
http://digistrucmed.org/questionnaire#143_M010_01,4,0.0002854673225148915,0.27348703170028815,0.9980116163878776,1053524,0.3333333333333333
http://digistrucmed.org/questionnaire#171_M010_01,4,0.0002853862866531136,0.27348703170028815,0.9980116163878776,1053436,0.3333333333333333
http://digistrucmed.org/questionnaire#173_M010_01,4,0.00028538628665311346,0.27348703170028815,0.9980116163878776,1053436,0.3333333333333333
http://digistrucmed.org/questionnaire#30010001,5,0.0002849264533610798,0.26510231161393955,0.9979250534757672,17890,0.3333333333333333
http://digistrucmed.org/questionnaire#123_M003_01,4,0.0002848063329539172,0.27348703170028815,0.9980116163878776,1054242,0.3333333333333333
http://digistrucmed.org/questionnaire#132_M004_01,4,0.00028471598371884884,0.27348703170028815,0.9980116163878776,1054202,0.3333333333333333
http://digistrucmed.org/questionnaire#220_M006_01,4,0.0002840710978024896,0.2885375494071146,0.9981543761791485,1311102,0.3333333333333333
http://digistrucmed.org/questionnaire#247_M006_01,4,0.00028401104272348727,0.2885375494071146,0.9981543761791485,1311014,0.3333333333333333
http://digistrucmed.org/questionnaire#86_M006_01,4,0.00028398554905561743,0.2885375494071146,0.9981543761791485,1311014,0.3333333333333333
http://digistrucmed.org/questionnaire#424_M003_01,4,0.0002825361852326859,0.27348703170028815,0.9980116163878776,1053324,0.3333333333333333
http://digistrucmed.org/questionnaire#429_M003_01,4,0.0002825280543452388,0.27348703170028815,0.9980116163878776,1053324,0.3333333333333333
http://digistrucmed.org/questionnaire#427_M003_01,4,0.0002824471378271132,0.27348703170028815,0.9980116163878776,1053236,0.3333333333333333
http://digistrucmed.org/questionnaire#426_M003_01,4,0.0002824471378271132,0.27348703170028815,0.9980116163878776,1053236,0.3333333333333333
http://digistrucmed.org/questionnaire#425_M003_01,4,0.0002824471378271131,0.27348703170028815,0.9980116163878776,1053236,0.3333333333333333
http://digistrucmed.org/questionnaire#135_M003_01,4,0.0002819685506762491,0.27348703170028815,0.9980116163878776,1054314,0.3333333333333333
http://digistrucmed.org/questionnaire#147_M010_01,4,0.0002810107453278383,0.27348703170028815,0.9980116163878776,1054230,0.3333333333333333
http://digistrucmed.org/questionnaire#238_M010_01,4,0.00028085371126713836,0.27348703170028815,0.9980116163878776,1054230,0.3333333333333333
http://digistrucmed.org/questionnaire#416_M010_01,4,0.0002807697919698143,0.27348703170028815,0.9980116163878776,1054230,0.3333333333333333
http://digistrucmed.org/questionnaire#146_M004_01,4,0.0002807558314375517,0.27348703170028815,0.9980116163878776,1054260,0.3333333333333333
http://digistrucmed.org/questionnaire#186_M010_01,4,0.00027972151029243805,0.27348703170028815,0.9980116163878776,1053452,0.3333333333333333
http://digistrucmed.org/questionnaire#187_M010_01,4,0.000279721510292438,0.27348703170028815,0.9980116163878776,1053452,0.3333333333333333
http://digistrucmed.org/questionnaire#231_M010_01,4,0.00027891463598332715,0.268192737035467,0.9979575885110705,640334,0.3333333333333333
http://digistrucmed.org/questionnaire#423_M003_01,4,0.00027869418273580664,0.27348703170028815,0.9980116163878776,1053078,0.3333333333333333
http://digistrucmed.org/questionnaire#160_M010_01,4,0.00027806566130449,0.27348703170028815,0.9980116163878776,1051682,0.3333333333333333
http://digistrucmed.org/questionnaire#130_M010_01,4,0.00027797952320566117,0.27348703170028815,0.9980116163878776,1051682,0.3333333333333333
http://digistrucmed.org/questionnaire#217_M010_01,4,0.00027757213039520843,0.268192737035467,0.9979575885110705,639704,0.3333333333333333
http://digistrucmed.org/questionnaire#105_M002_01,4,0.0002775209122927924,0.27348703170028815,0.9980116163878776,1056010,0.3333333333333333
http://digistrucmed.org/questionnaire#30100001,5,0.0002769804731360256,0.264751011298647,0.9979213070171564,20542,0.3333333333333333
http://digistrucmed.org/questionnaire#30110001,5,0.00027685668657695205,0.264751011298647,0.9979213070171564,20526,0.3333333333333333
http://digistrucmed.org/questionnaire#30090001,5,0.0002767388043952224,0.264751011298647,0.9979213070171564,20536,0.3333333333333333
http://digistrucmed.org/questionnaire#30060001,5,0.00027648157586501856,0.264751011298647,0.9979213070171564,20450,0.3333333333333333
http://digistrucmed.org/questionnaire#83_M004_01,4,0.00027645506758572385,0.27348703170028815,0.9980116163878776,1051670,0.3333333333333333
http://digistrucmed.org/questionnaire#30070001,5,0.000276317831101842,0.264751011298647,0.9979213070171564,20412,0.3333333333333333
http://digistrucmed.org/questionnaire#91_M004_01,4,0.00027620230181491873,0.27348703170028815,0.9980116163878776,1051694,0.3333333333333333
http://digistrucmed.org/questionnaire#246_M004_01,4,0.00027617017997307784,0.27348703170028815,0.9980116163878776,1051694,0.3333333333333333
http://digistrucmed.org/questionnaire#30080001,5,0.0002761477978674628,0.264751011298647,0.9979213070171564,20456,0.3333333333333333
http://digistrucmed.org/questionnaire#117_M004_01,4,0.00027596684665407724,0.27348703170028815,0.9980116163878776,1051606,0.3333333333333333
http://digistrucmed.org/questionnaire#30030001,5,0.00027595035689727753,0.264751011298647,0.9979213070171564,20260,0.3333333333333333
http://digistrucmed.org/questionnaire#145_M002_01,4,0.0002759141704967066,0.27348703170028815,0.9980116163878776,1054172,0.3333333333333333
http://digistrucmed.org/questionnaire#229_M002_01,4,0.0002758098166271339,0.27348703170028815,0.9980116163878776,1054108,0.3333333333333333
http://digistrucmed.org/questionnaire#52_M004_01,4,0.0002758038016915177,0.27348703170028815,0.9980116163878776,1051666,0.3333333333333333
http://digistrucmed.org/questionnaire#193_M003_01,4,0.00027364749150502257,0.27348703170028815,0.9980116163878776,1051718,0.3333333333333333
http://digistrucmed.org/questionnaire#164_M003_01,4,0.0002734119080228185,0.27348703170028815,0.9980116163878776,1051694,0.3333333333333333
http://digistrucmed.org/questionnaire#346_M003_01,4,0.00027333157862904456,0.27348703170028815,0.9980116163878776,1051630,0.3333333333333333
http://digistrucmed.org/questionnaire#410_M010_01,4,0.00027249645171461857,0.268192737035467,0.9979575885110705,643676,0.3333333333333333
http://digistrucmed.org/questionnaire#142_M010_01,4,0.00027240329080343954,0.27348703170028815,0.9980116163878776,1051634,0.3333333333333333
http://digistrucmed.org/questionnaire#423_M010_01,4,0.00027179661067569115,0.268192737035467,0.9979575885110705,638022,0.3333333333333333
http://digistrucmed.org/questionnaire#103_M002_01,4,0.0002716404098663487,0.27348703170028815,0.9980116163878776,1056470,0.3333333333333333
http://digistrucmed.org/questionnaire#133_M003_01,4,0.00027156163183405136,0.27348703170028815,0.9980116163878776,1051236,0.3333333333333333
http://digistrucmed.org/questionnaire#231_M006_01,4,0.0002709255566606276,0.2885375494071146,0.9981543761791485,1315354,0.3333333333333333
http://digistrucmed.org/questionnaire#256_M010_01,4,0.0002705061651683454,0.268192737035467,0.9979575885110705,637706,0.3333333333333333
http://digistrucmed.org/questionnaire#148_M010_01,4,0.0002705025580053371,0.268192737035467,0.9979575885110705,637618,0.3333333333333333
http://digistrucmed.org/questionnaire#30160002,4,0.0002686614594818005,0.2651393448348118,0.9979254478398315,91202,0.0
http://digistrucmed.org/questionnaire#216_M010_01,4,0.00026792281439256725,0.27348703170028815,0.9980116163878776,1054212,0.3333333333333333
http://digistrucmed.org/questionnaire#255_M002_01,4,0.00026756670417153814,0.27348703170028815,0.9980116163878776,1051728,0.3333333333333333
http://digistrucmed.org/questionnaire#146_M002_01,4,0.0002670141115184821,0.27348703170028815,0.9980116163878776,1054262,0.3333333333333333
http://digistrucmed.org/questionnaire#129_M002_01,4,0.0002668316735609546,0.27348703170028815,0.9980116163878776,1051188,0.3333333333333333
http://digistrucmed.org/questionnaire#163_M010_01,4,0.0002663819951253591,0.268192737035467,0.9979575885110705,637622,0.3333333333333333
http://digistrucmed.org/questionnaire#263_M010_01,4,0.00026634494100168674,0.268192737035467,0.9979575885110705,637622,0.3333333333333333
http://digistrucmed.org/questionnaire#325_M004_01,4,0.00026612065947348245,0.27348703170028815,0.9980116163878776,1054224,0.3333333333333333
http://digistrucmed.org/questionnaire#216_M004_01,4,0.00026607923886217224,0.27348703170028815,0.9980116163878776,1054200,0.3333333333333333
http://digistrucmed.org/questionnaire#129_M006_01,4,0.000265714450349026,0.2885375494071146,0.9981543761791485,1305574,0.3333333333333333
http://digistrucmed.org/questionnaire#83_M006_01,4,0.00026516139661092014,0.2885375494071146,0.9981543761791485,1306620,0.3333333333333333
http://digistrucmed.org/questionnaire#193_M006_01,4,0.0002651046418600909,0.2885375494071146,0.9981543761791485,1306644,0.3333333333333333
http://digistrucmed.org/questionnaire#409_M006_01,4,0.00026442143228459016,0.2885375494071146,0.9981543761791485,1306644,0.3333333333333333
http://digistrucmed.org/questionnaire#229_M006_01,4,0.0002635008869984941,0.2885375494071146,0.9981543761791485,1312082,0.3333333333333333
http://digistrucmed.org/questionnaire#103_M010_01,4,0.00026246521671883166,0.27348703170028815,0.9980116163878776,1056504,0.3333333333333333
http://digistrucmed.org/questionnaire#325_M010_01,4,0.00026230671614671264,0.27348703170028815,0.9980116163878776,1054252,0.3333333333333333
http://digistrucmed.org/questionnaire#120_M010_01,4,0.0002613918095369734,0.268192737035467,0.9979575885110705,636184,0.3333333333333333
http://digistrucmed.org/questionnaire#133_M010_01,4,0.0002613251044985638,0.268192737035467,0.9979575885110705,636184,0.3333333333333333
http://digistrucmed.org/questionnaire#145_M010_01,4,0.0002612341502774802,0.27348703170028815,0.9980116163878776,1054210,0.3333333333333333
http://digistrucmed.org/questionnaire#129_M010_01,4,0.0002611951848669067,0.268192737035467,0.9979575885110705,636184,0.3333333333333333
http://digistrucmed.org/questionnaire#239_M006_01,4,0.00026111164222893444,0.2885375494071146,0.9981543761791485,1316654,0.3333333333333333
http://digistrucmed.org/questionnaire#326_M006_01,4,0.0002610391278377319,0.2885375494071146,0.9981543761791485,1316678,0.3333333333333333
http://digistrucmed.org/questionnaire#404_M006_01,4,0.00026095384026881126,0.2885375494071146,0.9981543761791485,1316678,0.3333333333333333
http://digistrucmed.org/questionnaire#361_M006_01,4,0.000260931904566435,0.2885375494071146,0.9981543761791485,1316654,0.3333333333333333
http://digistrucmed.org/questionnaire#360_M006_01,4,0.00026093190456643494,0.2885375494071146,0.9981543761791485,1316654,0.3333333333333333
http://digistrucmed.org/questionnaire#367_M006_01,4,0.0002609319045664349,0.2885375494071146,0.9981543761791485,1316654,0.3333333333333333
http://digistrucmed.org/questionnaire#359_M006_01,4,0.00026092752211092295,0.2885375494071146,0.9981543761791485,1316590,0.3333333333333333
http://digistrucmed.org/questionnaire#103_M003_01,4,0.00026063329054166687,0.27348703170028815,0.9980116163878776,1056508,0.3333333333333333
http://digistrucmed.org/questionnaire#103_M004_01,4,0.0002606226318667086,0.27348703170028815,0.9980116163878776,1056492,0.3333333333333333
http://digistrucmed.org/questionnaire#325_M006_01,4,0.0002598941720089894,0.2885375494071146,0.9981543761791485,1312032,0.3333333333333333
http://digistrucmed.org/questionnaire#216_M006_01,4,0.00025985365288764753,0.2885375494071146,0.9981543761791485,1312008,0.3333333333333333
http://digistrucmed.org/questionnaire#105_M003_01,4,0.0002582501103803117,0.27348703170028815,0.9980116163878776,1056060,0.3333333333333333
http://digistrucmed.org/questionnaire#409_M004_01,4,0.00025767423704284873,0.27348703170028815,0.9980116163878776,1051692,0.3333333333333333
http://digistrucmed.org/questionnaire#105_M010_01,4,0.00025718497775145953,0.27348703170028815,0.9980116163878776,1056064,0.3333333333333333
http://digistrucmed.org/questionnaire#229_M003_01,4,0.0002565388731301273,0.27348703170028815,0.9980116163878776,1054158,0.3333333333333333
http://digistrucmed.org/questionnaire#129_M003_01,4,0.000255819232287527,0.27348703170028815,0.9980116163878776,1051226,0.3333333333333333
http://digistrucmed.org/questionnaire#229_M010_01,4,0.00025547384789414247,0.27348703170028815,0.9980116163878776,1054162,0.3333333333333333
http://digistrucmed.org/questionnaire#147_M006_01,4,0.00025514134062260506,0.2885375494071146,0.9981543761791485,1312006,0.3333333333333333
http://digistrucmed.org/questionnaire#123_M006_01,4,0.00025511175200848085,0.2885375494071146,0.9981543761791485,1312030,0.3333333333333333
http://digistrucmed.org/questionnaire#132_M006_01,4,0.00025503368683712965,0.2885375494071146,0.9981543761791485,1312006,0.3333333333333333
http://digistrucmed.org/questionnaire#409_M003_01,4,0.00025492543693889894,0.27348703170028815,0.9980116163878776,1051716,0.3333333333333333
http://digistrucmed.org/questionnaire#214_M010_01,4,0.00025388443088264685,0.27348703170028815,0.9980116163878776,1051696,0.3333333333333333
http://digistrucmed.org/questionnaire#157_M010_01,4,0.00025382241538776277,0.27348703170028815,0.9980116163878776,1051632,0.3333333333333333
http://digistrucmed.org/questionnaire#324_M010_01,4,0.00025379530039022703,0.27348703170028815,0.9980116163878776,1051720,0.3333333333333333
http://digistrucmed.org/questionnaire#146_M003_01,4,0.0002532463166375388,0.27348703170028815,0.9980116163878776,1054308,0.3333333333333333
http://digistrucmed.org/questionnaire#151_M006_01,4,0.0002522539968303069,0.2885375494071146,0.9981543761791485,1311770,0.3333333333333333
http://digistrucmed.org/questionnaire#180_M006_01,4,0.00025192781505010774,0.2898816342115311,0.9981664042831092,1607168,0.3333333333333333
http://digistrucmed.org/questionnaire#161_M006_01,4,0.0002513141557341011,0.2885375494071146,0.9981543761791485,1311012,0.3333333333333333
http://digistrucmed.org/questionnaire#88_M006_01,4,0.00025115872988168295,0.2885375494071146,0.9981543761791485,1310948,0.3333333333333333
http://digistrucmed.org/questionnaire#152_M006_01,4,0.00025109596357301,0.2885375494071146,0.9981543761791485,1310948,0.3333333333333333
http://digistrucmed.org/questionnaire#52_M003_01,4,0.0002510494772181762,0.27348703170028815,0.9980116163878776,1051706,0.3333333333333333
http://digistrucmed.org/questionnaire#264_M006_01,4,0.0002502714364454231,0.2898816342115311,0.9981664042831092,1607252,0.3333333333333333
http://digistrucmed.org/questionnaire#256_M006_01,4,0.0002496161798872299,0.2885375494071146,0.9981543761791485,1309870,0.3333333333333333
http://digistrucmed.org/questionnaire#163_M006_01,4,0.0002494779400341382,0.2885375494071146,0.9981543761791485,1309782,0.3333333333333333
http://digistrucmed.org/questionnaire#263_M006_01,4,0.0002494410999561567,0.2885375494071146,0.9981543761791485,1309782,0.3333333333333333
http://digistrucmed.org/questionnaire#76_M006_01,4,0.00024933560912931914,0.2898816342115311,0.9981664042831092,1607664,0.3333333333333333
http://digistrucmed.org/questionnaire#183_M006_01,4,0.0002493151871600731,0.2898816342115311,0.9981664042831092,1607600,0.3333333333333333
http://digistrucmed.org/questionnaire#63_M006_01,4,0.00024928545634273755,0.2898816342115311,0.9981664042831092,1607664,0.3333333333333333
http://digistrucmed.org/questionnaire#113_M006_01,4,0.00024926622183175766,0.2898816342115311,0.9981664042831092,1607600,0.3333333333333333
http://digistrucmed.org/questionnaire#198_M006_01,4,0.0002492609366400825,0.2898816342115311,0.9981664042831092,1607664,0.3333333333333333
http://digistrucmed.org/questionnaire#66_M006_01,4,0.00024926022714983075,0.2898816342115311,0.9981664042831092,1607600,0.3333333333333333
http://digistrucmed.org/questionnaire#82_M006_01,4,0.00024920352349956117,0.2898816342115311,0.9981664042831092,1607600,0.3333333333333333
http://digistrucmed.org/questionnaire#215_M006_01,4,0.00024919698325713574,0.2898816342115311,0.9981664042831092,1607600,0.3333333333333333
http://digistrucmed.org/questionnaire#77_M006_01,4,0.0002491287609325804,0.2898816342115311,0.9981664042831092,1607688,0.3333333333333333
http://digistrucmed.org/questionnaire#434_M006_01,4,0.0002486345707787161,0.2885375494071146,0.9981543761791485,1310962,0.3333333333333333
http://digistrucmed.org/questionnaire#255_M003_01,4,0.0002482955157427121,0.27348703170028815,0.9980116163878776,1051778,0.3333333333333333
http://digistrucmed.org/questionnaire#217_M006_01,4,0.00024802911912520886,0.2898816342115311,0.9981664042831092,1606308,0.3333333333333333
http://digistrucmed.org/questionnaire#90_M006_01,4,0.00024780815385528195,0.2898816342115311,0.9981664042831092,1607772,0.3333333333333333
http://digistrucmed.org/questionnaire#98_M006_01,4,0.0002477086441787059,0.2898816342115311,0.9981664042831092,1607836,0.3333333333333333
http://digistrucmed.org/questionnaire#249_M006_01,4,0.00024770834122455227,0.2898816342115311,0.9981664042831092,1607772,0.3333333333333333
http://digistrucmed.org/questionnaire#248_M006_01,4,0.00024770834122455227,0.2898816342115311,0.9981664042831092,1607772,0.3333333333333333
http://digistrucmed.org/questionnaire#79_M006_01,4,0.0002477083412245503,0.2898816342115311,0.9981664042831092,1607772,0.3333333333333333
http://digistrucmed.org/questionnaire#96_M006_01,4,0.0002476869203884884,0.2898816342115311,0.9981664042831092,1607748,0.3333333333333333
http://digistrucmed.org/questionnaire#184_M006_01,4,0.0002476750198332217,0.2898816342115311,0.9981664042831092,1607684,0.3333333333333333
http://digistrucmed.org/questionnaire#106_M006_01,4,0.0002476673479966063,0.2898816342115311,0.9981664042831092,1607748,0.3333333333333333
http://digistrucmed.org/questionnaire#174_M006_01,4,0.00024765363860994435,0.2898816342115311,0.9981664042831092,1607772,0.3333333333333333
http://digistrucmed.org/questionnaire#175_M006_01,4,0.0002476515861803996,0.2898816342115311,0.9981664042831092,1607772,0.3333333333333333
http://digistrucmed.org/questionnaire#352_M006_01,4,0.00024765158618039675,0.2898816342115311,0.9981664042831092,1607772,0.3333333333333333
http://digistrucmed.org/questionnaire#351_M006_01,4,0.00024765158618039675,0.2898816342115311,0.9981664042831092,1607772,0.3333333333333333
http://digistrucmed.org/questionnaire#262_M006_01,4,0.00024763410763206905,0.2898816342115311,0.9981664042831092,1607772,0.3333333333333333
http://digistrucmed.org/questionnaire#97_M006_01,4,0.0002476298612542965,0.2898816342115311,0.9981664042831092,1607748,0.3333333333333333
http://digistrucmed.org/questionnaire#95_M006_01,4,0.00024762986125429626,0.2898816342115311,0.9981664042831092,1607748,0.3333333333333333
http://digistrucmed.org/questionnaire#89_M006_01,4,0.00024762986125429555,0.2898816342115311,0.9981664042831092,1607748,0.3333333333333333
http://digistrucmed.org/questionnaire#213_M006_01,4,0.00024762928623971143,0.2898816342115311,0.9981664042831092,1607684,0.3333333333333333
http://digistrucmed.org/questionnaire#56_M006_01,4,0.0002475968208374746,0.2898816342115311,0.9981664042831092,1607772,0.3333333333333333
http://digistrucmed.org/questionnaire#73_M006_01,4,0.0002475968208374745,0.2898816342115311,0.9981664042831092,1607772,0.3333333333333333
http://digistrucmed.org/questionnaire#78_M006_01,4,0.0002475968208374744,0.2898816342115311,0.9981664042831092,1607772,0.3333333333333333
http://digistrucmed.org/questionnaire#74_M006_01,4,0.0002475968208374744,0.2898816342115311,0.9981664042831092,1607772,0.3333333333333333
http://digistrucmed.org/questionnaire#122_M006_01,4,0.0002475968208374723,0.2898816342115311,0.9981664042831092,1607772,0.3333333333333333
http://digistrucmed.org/questionnaire#350_M006_01,4,0.0002475968208374717,0.2898816342115311,0.9981664042831092,1607772,0.3333333333333333
http://digistrucmed.org/questionnaire#348_M006_01,4,0.00024759682083747166,0.2898816342115311,0.9981664042831092,1607772,0.3333333333333333
http://digistrucmed.org/questionnaire#349_M006_01,4,0.00024759682083747166,0.2898816342115311,0.9981664042831092,1607772,0.3333333333333333
http://digistrucmed.org/questionnaire#347_M006_01,4,0.00024759682083747166,0.2898816342115311,0.9981664042831092,1607772,0.3333333333333333
http://digistrucmed.org/questionnaire#93_M006_01,4,0.0002475724983934719,0.2898816342115311,0.9981664042831092,1607684,0.3333333333333333
http://digistrucmed.org/questionnaire#30250006,5,0.00024750815474600525,0.2670794343206923,0.9979459547711741,92738,0.0
http://digistrucmed.org/questionnaire#30240006,5,0.00024747808164242327,0.2670794343206923,0.9979459547711741,92738,0.0
http://digistrucmed.org/questionnaire#30220006,5,0.0002468684412733584,0.2670794343206923,0.9979459547711741,92738,0.0
http://digistrucmed.org/questionnaire#135_M006_01,4,0.0002462445218610631,0.2885375494071146,0.9981543761791485,1312230,0.3333333333333333
http://digistrucmed.org/questionnaire#238_M006_01,4,0.000246195553862008,0.2885375494071146,0.9981543761791485,1312142,0.3333333333333333
http://digistrucmed.org/questionnaire#401_M006_01,4,0.0002461690594643299,0.2885375494071146,0.9981543761791485,1312142,0.3333333333333333
http://digistrucmed.org/questionnaire#416_M006_01,4,0.0002461117857590241,0.2885375494071146,0.9981543761791485,1312142,0.3333333333333333
http://digistrucmed.org/questionnaire#219_M006_01,4,0.0002459491456591449,0.2885375494071146,0.9981543761791485,1310960,0.3333333333333333
http://digistrucmed.org/questionnaire#30230006,5,0.00024591495872887875,0.2670794343206923,0.9979459547711741,92738,0.0
http://digistrucmed.org/questionnaire#58_M006_01,4,0.0002458292554003468,0.2885375494071146,0.9981543761791485,1310960,0.3333333333333333
http://digistrucmed.org/questionnaire#30200006,5,0.00024459805137793105,0.2670794343206923,0.9979459547711741,92738,0.0
http://digistrucmed.org/questionnaire#133_M006_01,4,0.00024367003972494502,0.2885375494071146,0.9981543761791485,1305436,0.3333333333333333
http://digistrucmed.org/questionnaire#30210006,5,0.00024334917633348193,0.2670794343206923,0.9979459547711741,92738,0.0
http://digistrucmed.org/questionnaire#107_M002_01,4,0.0002430609798068502,0.26730511935779167,0.99794832095556,523514,0.3333333333333333
http://digistrucmed.org/questionnaire#107_M004_01,4,0.00024305895391323574,0.26730511935779167,0.99794832095556,523514,0.3333333333333333
http://digistrucmed.org/questionnaire#107_M003_01,4,0.0002430522414390995,0.26730511935779167,0.99794832095556,523514,0.3333333333333333
http://digistrucmed.org/questionnaire#30150003,4,0.0002428345664506047,0.2651763884037723,0.9979258422038958,15426,0.0
http://digistrucmed.org/questionnaire#30120003,4,0.00024277538409928694,0.2651763884037723,0.9979258422038958,15208,0.0
http://digistrucmed.org/questionnaire#91_M006_01,4,0.00024247947352193922,0.2885375494071146,0.9981543761791485,1306506,0.3333333333333333
http://digistrucmed.org/questionnaire#130_M006_01,4,0.0002424668808554636,0.2898816342115311,0.9981664042831092,1597900,0.3333333333333333
http://digistrucmed.org/questionnaire#30140003,4,0.000242109381876182,0.265213442325159,0.99792623656796,15266,0.0
http://digistrucmed.org/questionnaire#148_M006_01,4,0.00024065316946853782,0.2885375494071146,0.9981543761791485,1309780,0.3333333333333333
http://digistrucmed.org/questionnaire#166_M006_01,4,0.0002397135641335431,0.2885375494071146,0.9981543761791485,1311010,0.3333333333333333
http://digistrucmed.org/questionnaire#223_M006_01,4,0.00023968148802656339,0.2885375494071146,0.9981543761791485,1311010,0.3333333333333333
http://digistrucmed.org/questionnaire#204_M006_01,4,0.0002396812064343,0.2885375494071146,0.9981543761791485,1310946,0.3333333333333333
http://digistrucmed.org/questionnaire#167_M006_01,4,0.00023967798732797783,0.2885375494071146,0.9981543761791485,1311010,0.3333333333333333
http://digistrucmed.org/questionnaire#194_M006_01,4,0.00023955345724345633,0.2885375494071146,0.9981543761791485,1310946,0.3333333333333333
http://digistrucmed.org/questionnaire#424_M006_01,4,0.0002372684636734107,0.2898816342115311,0.9981664042831092,1602588,0.3333333333333333
http://digistrucmed.org/questionnaire#429_M006_01,4,0.00023726114511356722,0.2898816342115311,0.9981664042831092,1602588,0.3333333333333333
http://digistrucmed.org/questionnaire#426_M006_01,4,0.00023718205788882934,0.2898816342115311,0.9981664042831092,1602500,0.3333333333333333
http://digistrucmed.org/questionnaire#425_M006_01,4,0.0002371820578888293,0.2898816342115311,0.9981664042831092,1602500,0.3333333333333333
http://digistrucmed.org/questionnaire#427_M006_01,4,0.00023718205788882926,0.2898816342115311,0.9981664042831092,1602500,0.3333333333333333
http://digistrucmed.org/questionnaire#119_M006_01,4,0.00023691047559279256,0.2885375494071146,0.9981543761791485,1311096,0.3333333333333333
http://digistrucmed.org/questionnaire#402_M006_01,4,0.0002368885860791507,0.2885375494071146,0.9981543761791485,1311032,0.3333333333333333
http://digistrucmed.org/questionnaire#413_M006_01,4,0.00023687389564587126,0.2885375494071146,0.9981543761791485,1311008,0.3333333333333333
http://digistrucmed.org/questionnaire#412_M006_01,4,0.00023685531517459693,0.2885375494071146,0.9981543761791485,1310944,0.3333333333333333
http://digistrucmed.org/questionnaire#178_M006_01,4,0.00023682306078952084,0.2885375494071146,0.9981543761791485,1311032,0.3333333333333333
http://digistrucmed.org/questionnaire#266_M006_01,4,0.00023680996439639062,0.2885375494071146,0.9981543761791485,1311008,0.3333333333333333
http://digistrucmed.org/questionnaire#57_M006_01,4,0.0002367824435622014,0.2885375494071146,0.9981543761791485,1310944,0.3333333333333333
http://digistrucmed.org/questionnaire#417_M006_01,4,0.00023677275526454432,0.2885375494071146,0.9981543761791485,1311008,0.3333333333333333
http://digistrucmed.org/questionnaire#423_M006_01,4,0.0002366507099030664,0.2898816342115311,0.9981664042831092,1601772,0.3333333333333333
http://digistrucmed.org/questionnaire#142_M006_01,4,0.0002337044845710985,0.2885375494071146,0.9981543761791485,1306554,0.3333333333333333
http://digistrucmed.org/questionnaire#346_M006_01,4,0.00023356759504424606,0.2885375494071146,0.9981543761791485,1306554,0.3333333333333333
http://digistrucmed.org/questionnaire#143_M006_01,4,0.00023182123360209015,0.2898816342115311,0.9981664042831092,1602900,0.3333333333333333
http://digistrucmed.org/questionnaire#173_M006_01,4,0.0002317421586325853,0.2898816342115311,0.9981664042831092,1602812,0.3333333333333333
http://digistrucmed.org/questionnaire#171_M006_01,4,0.00023174215863258513,0.2898816342115311,0.9981664042831092,1602812,0.3333333333333333
http://digistrucmed.org/questionnaire#187_M006_01,4,0.00023173502908854584,0.2898816342115311,0.9981664042831092,1602812,0.3333333333333333
http://digistrucmed.org/questionnaire#186_M006_01,4,0.00023173502908854578,0.2898816342115311,0.9981664042831092,1602812,0.3333333333333333
http://digistrucmed.org/questionnaire#30120002,4,0.00023007249825254415,0.264751011298647,0.9979213070171564,14348,0.0
http://digistrucmed.org/questionnaire#30150002,4,0.00023000385109867046,0.264751011298647,0.9979213070171564,14388,0.0
http://digistrucmed.org/questionnaire#30190002,4,0.00022939984660172428,0.2651393448348118,0.9979254478398315,13368,0.0
http://digistrucmed.org/questionnaire#30140002,4,0.0002293453730663754,0.2647879464285714,0.9979217013812206,14366,0.0
http://digistrucmed.org/questionnaire#30130002,4,0.00022907090417293057,0.2647879464285714,0.9979217013812206,14356,0.0
http://digistrucmed.org/questionnaire#30100002,4,0.0002290368368024507,0.2651393448348118,0.9979254478398315,13334,0.0
http://digistrucmed.org/questionnaire#30110002,4,0.00022882023457815464,0.2651393448348118,0.9979254478398315,13192,0.0
http://digistrucmed.org/questionnaire#30060002,4,0.00022867408785627133,0.2651393448348118,0.9979254478398315,13268,0.0
http://digistrucmed.org/questionnaire#244_M006_01,4,0.00022828393866071507,0.2898816342115311,0.9981664042831092,1602292,0.3333333333333333
http://digistrucmed.org/questionnaire#414_M006_01,4,0.00022663394773008084,0.2898816342115311,0.9981664042831092,1602312,0.3333333333333333
http://digistrucmed.org/questionnaire#160_M006_01,4,0.00022489124956620606,0.2885375494071146,0.9981543761791485,1306616,0.3333333333333333
http://digistrucmed.org/questionnaire#246_M006_01,4,0.00022484136896929144,0.2885375494071146,0.9981543761791485,1306640,0.3333333333333333
http://digistrucmed.org/questionnaire#164_M006_01,4,0.00022483171018428864,0.2885375494071146,0.9981543761791485,1306616,0.3333333333333333
http://digistrucmed.org/questionnaire#117_M006_01,4,0.00022463911081546938,0.2885375494071146,0.9981543761791485,1306552,0.3333333333333333
http://digistrucmed.org/questionnaire#253_M006_01,4,0.00022278058886195616,0.2898816342115311,0.9981664042831092,1601996,0.3333333333333333
http://digistrucmed.org/questionnaire#30190001,4,0.000219846742873366,0.26471408647140865,0.9979209126530921,12920,0.0
http://digistrucmed.org/questionnaire#67_M006_01,4,0.0002193082732458102,0.2898816342115311,0.9981664042831092,1602288,0.3333333333333333
http://digistrucmed.org/questionnaire#69_M006_01,4,0.00021924033806378597,0.2898816342115311,0.9981664042831092,1602288,0.3333333333333333
http://digistrucmed.org/questionnaire#53_M006_01,4,0.0002192385757357655,0.2898816342115311,0.9981664042831092,1602288,0.3333333333333333
http://digistrucmed.org/questionnaire#257_M006_01,4,0.000219203855282856,0.2898816342115311,0.9981664042831092,1602312,0.3333333333333333
http://digistrucmed.org/questionnaire#87_M006_01,4,0.0002191938043086406,0.2898816342115311,0.9981664042831092,1602224,0.3333333333333333
http://digistrucmed.org/questionnaire#218_M006_01,4,0.00021917830886213926,0.2898816342115311,0.9981664042831092,1602288,0.3333333333333333
http://digistrucmed.org/questionnaire#395_M006_01,4,0.0002190960637488973,0.2898816342115311,0.9981664042831092,1602224,0.3333333333333333
http://digistrucmed.org/questionnaire#393_M006_01,4,0.0002190960637488973,0.2898816342115311,0.9981664042831092,1602224,0.3333333333333333
http://digistrucmed.org/questionnaire#391_M006_01,4,0.00021909606374889725,0.2898816342115311,0.9981664042831092,1602224,0.3333333333333333
http://digistrucmed.org/questionnaire#396_M006_01,4,0.00021909606374889722,0.2898816342115311,0.9981664042831092,1602224,0.3333333333333333
http://digistrucmed.org/questionnaire#397_M006_01,4,0.00021909606374889722,0.2898816342115311,0.9981664042831092,1602224,0.3333333333333333
http://digistrucmed.org/questionnaire#134_M006_01,4,0.00021905773151846347,0.2898816342115311,0.9981664042831092,1602290,0.3333333333333333
http://digistrucmed.org/questionnaire#162_M006_01,4,0.00021904864292447148,0.2898816342115311,0.9981664042831092,1602290,0.3333333333333333
http://digistrucmed.org/questionnaire#389_M006_01,4,0.000219034343897878,0.2898816342115311,0.9981664042831092,1602224,0.3333333333333333
http://digistrucmed.org/questionnaire#258_M006_01,4,0.00021896666759281243,0.2898816342115311,0.9981664042831092,1602314,0.3333333333333333
http://digistrucmed.org/questionnaire#179_M006_01,4,0.00021893879823896585,0.2898816342115311,0.9981664042831092,1602314,0.3333333333333333
http://digistrucmed.org/questionnaire#182_M006_01,4,0.00021892315396063918,0.2898816342115311,0.9981664042831092,1602226,0.3333333333333333
http://digistrucmed.org/questionnaire#68_M006_01,4,0.00021892051128783707,0.2898816342115311,0.9981664042831092,1602290,0.3333333333333333
http://digistrucmed.org/questionnaire#59_M006_01,4,0.00021886306856236124,0.2898816342115311,0.9981664042831092,1602226,0.3333333333333333
http://digistrucmed.org/questionnaire#208_M006_01,4,0.00021886203528383196,0.2898816342115311,0.9981664042831092,1602290,0.3333333333333333
http://digistrucmed.org/questionnaire#230_M006_01,4,0.00021882562258901736,0.2898816342115311,0.9981664042831092,1602226,0.3333333333333333
http://digistrucmed.org/questionnaire#30020001,4,0.00021837427728508424,0.26471408647140865,0.9979209126530921,12594,0.0
http://digistrucmed.org/questionnaire#30040001,4,0.00021830193975508165,0.26471408647140865,0.9979209126530921,12596,0.0
http://digistrucmed.org/questionnaire#144_M006_01,4,0.00021764322809398587,0.2898816342115311,0.9981664042831092,1602396,0.3333333333333333
http://digistrucmed.org/questionnaire#172_M006_01,4,0.00021762753486914187,0.2898816342115311,0.9981664042831092,1602372,0.3333333333333333
http://digistrucmed.org/questionnaire#124_M006_01,4,0.00021761116055008775,0.2898816342115311,0.9981664042831092,1602396,0.3333333333333333
http://digistrucmed.org/questionnaire#202_M006_01,4,0.00021758649205366406,0.2898816342115311,0.9981664042831092,1602396,0.3333333333333333
http://digistrucmed.org/questionnaire#224_M006_01,4,0.00021755446594990131,0.2898816342115311,0.9981664042831092,1602396,0.3333333333333333
http://digistrucmed.org/questionnaire#203_M006_01,4,0.00021755446594990104,0.2898816342115311,0.9981664042831092,1602396,0.3333333333333333
http://digistrucmed.org/questionnaire#125_M006_01,4,0.0002175544659498988,0.2898816342115311,0.9981664042831092,1602396,0.3333333333333333
http://digistrucmed.org/questionnaire#323_M006_01,4,0.00021754592365047493,0.2898816342115311,0.9981664042831092,1602396,0.3333333333333333
http://digistrucmed.org/questionnaire#94_M006_01,4,0.00021753281769830275,0.2898816342115311,0.9981664042831092,1602372,0.3333333333333333
http://digistrucmed.org/questionnaire#153_M006_01,4,0.00021753216376465704,0.2898816342115311,0.9981664042831092,1602308,0.3333333333333333
http://digistrucmed.org/questionnaire#72_M006_01,4,0.0002174754348358914,0.2898816342115311,0.9981664042831092,1602308,0.3333333333333333
http://digistrucmed.org/questionnaire#154_M006_01,4,0.00021747543483589119,0.2898816342115311,0.9981664042831092,1602308,0.3333333333333333
http://digistrucmed.org/questionnaire#232_M006_01,4,0.00021733176982648698,0.2898816342115311,0.9981664042831092,1602374,0.3333333333333333
http://digistrucmed.org/questionnaire#120_M006_01,4,0.0002142522403713925,0.2898816342115311,0.9981664042831092,1596936,0.3333333333333333
http://digistrucmed.org/questionnaire#60_M002_01,4,0.00020993455023224751,0.26730511935779167,0.99794832095556,520542,0.3333333333333333
http://digistrucmed.org/questionnaire#60_M004_01,4,0.0002099336158902446,0.26730511935779167,0.99794832095556,520542,0.3333333333333333
http://digistrucmed.org/questionnaire#60_M003_01,4,0.00020993060753780215,0.26730511935779167,0.99794832095556,520542,0.3333333333333333
http://digistrucmed.org/questionnaire#84_M002_01,4,0.0002089944077427056,0.26730511935779167,0.99794832095556,519988,0.3333333333333333
http://digistrucmed.org/questionnaire#84_M004_01,4,0.0002089934734007027,0.26730511935779167,0.99794832095556,519988,0.3333333333333333
http://digistrucmed.org/questionnaire#84_M003_01,4,0.00020899046504826023,0.26730511935779167,0.99794832095556,519988,0.3333333333333333
http://digistrucmed.org/questionnaire#146_M010_01,4,0.00020478384115796982,0.27817675509306755,0.9980577569833988,1299582,0.3333333333333333
http://digistrucmed.org/questionnaire#144_M010_01,4,0.00020076911296982507,0.27817675509306755,0.9980577569833988,1298608,0.3333333333333333
http://digistrucmed.org/questionnaire#202_M010_01,4,0.00020071297144406318,0.27817675509306755,0.9980577569833988,1298608,0.3333333333333333
http://digistrucmed.org/questionnaire#30210001,4,0.00020020993956599512,0.26471408647140865,0.9979209126530921,99104,0.0
http://digistrucmed.org/questionnaire#30230001,4,0.00019995297927228152,0.26471408647140865,0.9979209126530921,99108,0.0
http://digistrucmed.org/questionnaire#30200001,4,0.00019987406973517584,0.26471408647140865,0.9979209126530921,99104,0.0
http://digistrucmed.org/questionnaire#30220001,4,0.00019985668665203796,0.26471408647140865,0.9979209126530921,99116,0.0
http://digistrucmed.org/questionnaire#30240001,4,0.0001998528670199031,0.26471408647140865,0.9979209126530921,99166,0.0
http://digistrucmed.org/questionnaire#30250001,4,0.00019984499283691941,0.26471408647140865,0.9979209126530921,99106,0.0
http://digistrucmed.org/questionnaire#255_M010_01,4,0.00019538997324821463,0.27817675509306755,0.9980577569833988,1297050,0.3333333333333333
http://digistrucmed.org/questionnaire#157_M002_01,4,0.00019433621445577782,0.27817675509306755,0.9980577569833988,1296930,0.3333333333333333
http://digistrucmed.org/questionnaire#172_M010_01,4,0.00019433569256038246,0.27817675509306755,0.9980577569833988,1298656,0.3333333333333333
http://digistrucmed.org/questionnaire#124_M010_01,4,0.0001943216416893757,0.27817675509306755,0.9980577569833988,1298680,0.3333333333333333
http://digistrucmed.org/questionnaire#203_M010_01,4,0.00019426541132080586,0.27817675509306755,0.9980577569833988,1298680,0.3333333333333333
http://digistrucmed.org/questionnaire#224_M010_01,4,0.00019426541132080548,0.27817675509306755,0.9980577569833988,1298680,0.3333333333333333
http://digistrucmed.org/questionnaire#125_M010_01,4,0.00019426541132080513,0.27817675509306755,0.9980577569833988,1298680,0.3333333333333333
http://digistrucmed.org/questionnaire#94_M010_01,4,0.00019424242931451673,0.27817675509306755,0.9980577569833988,1298656,0.3333333333333333
http://digistrucmed.org/questionnaire#153_M010_01,4,0.0001942418939873702,0.27817675509306755,0.9980577569833988,1298592,0.3333333333333333
http://digistrucmed.org/questionnaire#72_M010_01,4,0.0001941856311591497,0.27817675509306755,0.9980577569833988,1298592,0.3333333333333333
http://digistrucmed.org/questionnaire#154_M010_01,4,0.00019418563115914961,0.27817675509306755,0.9980577569833988,1298592,0.3333333333333333
http://digistrucmed.org/questionnaire#67_M004_01,4,0.00019388939368548708,0.27817675509306755,0.9980577569833988,1298684,0.3333333333333333
http://digistrucmed.org/questionnaire#69_M004_01,4,0.00019382117928868123,0.27817675509306755,0.9980577569833988,1298684,0.3333333333333333
http://digistrucmed.org/questionnaire#53_M004_01,4,0.00019381954952787044,0.27817675509306755,0.9980577569833988,1298684,0.3333333333333333
http://digistrucmed.org/questionnaire#257_M004_01,4,0.000193784866026086,0.27817675509306755,0.9980577569833988,1298708,0.3333333333333333
http://digistrucmed.org/questionnaire#87_M004_01,4,0.00019377507877004106,0.27817675509306755,0.9980577569833988,1298620,0.3333333333333333
http://digistrucmed.org/questionnaire#218_M004_01,4,0.0001937589012852536,0.27817675509306755,0.9980577569833988,1298684,0.3333333333333333
http://digistrucmed.org/questionnaire#120_M003_01,4,0.000193589670491302,0.27817675509306755,0.9980577569833988,1296498,0.3333333333333333
http://digistrucmed.org/questionnaire#107_M010_01,4,0.0001931565343925794,0.26730511935779167,0.99794832095556,523544,0.3333333333333333
http://digistrucmed.org/questionnaire#391_M002_01,4,0.00019298413560237663,0.27817675509306755,0.9980577569833988,1298672,0.3333333333333333
http://digistrucmed.org/questionnaire#393_M002_01,4,0.00019298413560237657,0.27817675509306755,0.9980577569833988,1298672,0.3333333333333333
http://digistrucmed.org/questionnaire#395_M002_01,4,0.00019298413560237652,0.27817675509306755,0.9980577569833988,1298672,0.3333333333333333
http://digistrucmed.org/questionnaire#396_M002_01,4,0.0001929841356023764,0.27817675509306755,0.9980577569833988,1298672,0.3333333333333333
http://digistrucmed.org/questionnaire#397_M002_01,4,0.00019298413560237635,0.27817675509306755,0.9980577569833988,1298672,0.3333333333333333
http://digistrucmed.org/questionnaire#323_M002_01,4,0.00019292876144131146,0.27817675509306755,0.9980577569833988,1298760,0.3333333333333333
http://digistrucmed.org/questionnaire#389_M002_01,4,0.00019292222655507577,0.27817675509306755,0.9980577569833988,1298672,0.3333333333333333
http://digistrucmed.org/questionnaire#334_M003_01,4,0.00019239575240376661,0.27817675509306755,0.9980577569833988,1297880,0.3333333333333333
http://digistrucmed.org/questionnaire#253_M002_01,4,0.0001917923012107627,0.27817675509306755,0.9980577569833988,1298468,0.3333333333333333
http://digistrucmed.org/questionnaire#180_M010_01,4,0.00018948280108066286,0.26730511935779167,0.99794832095556,519516,0.3333333333333333
http://digistrucmed.org/questionnaire#328_M003_01,4,0.00018915516098367912,0.26403283021492663,0.9979136169179029,53108,0.16666666666666666
http://digistrucmed.org/questionnaire#328_M010_01,4,0.0001891551609836791,0.26403283021492663,0.9979136169179029,53108,0.16666666666666666
http://digistrucmed.org/questionnaire#328_M002_01,4,0.00018915516098367907,0.26403283021492663,0.9979136169179029,53108,0.16666666666666666
http://digistrucmed.org/questionnaire#328_M004_01,4,0.00018915516098367896,0.26403283021492663,0.9979136169179029,53108,0.16666666666666666
http://digistrucmed.org/questionnaire#118_M003_01,4,0.00018915516098367888,0.26403283021492663,0.9979136169179029,53108,0.16666666666666666
http://digistrucmed.org/questionnaire#118_M002_01,4,0.00018915516098367882,0.26403283021492663,0.9979136169179029,53108,0.16666666666666666
http://digistrucmed.org/questionnaire#118_M004_01,4,0.00018915516098367869,0.26403283021492663,0.9979136169179029,53108,0.16666666666666666
http://digistrucmed.org/questionnaire#118_M010_01,4,0.00018915516098367869,0.26403283021492663,0.9979136169179029,53108,0.16666666666666666
http://digistrucmed.org/questionnaire#185_M003_01,4,0.00018915516098367682,0.26403283021492663,0.9979136169179029,53108,0.16666666666666666
http://digistrucmed.org/questionnaire#185_M002_01,4,0.00018915516098367676,0.26403283021492663,0.9979136169179029,53108,0.16666666666666666
http://digistrucmed.org/questionnaire#185_M004_01,4,0.00018915516098367663,0.26403283021492663,0.9979136169179029,53108,0.16666666666666666
http://digistrucmed.org/questionnaire#185_M010_01,4,0.00018915516098367663,0.26403283021492663,0.9979136169179029,53108,0.16666666666666666
http://digistrucmed.org/questionnaire#259_M003_01,4,0.00018915516098367617,0.26403283021492663,0.9979136169179029,53108,0.16666666666666666
http://digistrucmed.org/questionnaire#259_M002_01,4,0.00018915516098367608,0.26403283021492663,0.9979136169179029,53108,0.16666666666666666
http://digistrucmed.org/questionnaire#259_M004_01,4,0.00018915516098367598,0.26403283021492663,0.9979136169179029,53108,0.16666666666666666
http://digistrucmed.org/questionnaire#259_M010_01,4,0.00018915516098367598,0.26403283021492663,0.9979136169179029,53108,0.16666666666666666
http://digistrucmed.org/questionnaire#52_M010_01,4,0.00018896979947868146,0.27817675509306755,0.9980577569833988,1297058,0.3333333333333333
http://digistrucmed.org/questionnaire#70_M010_01,4,0.0001887791673687364,0.27817675509306755,0.9980577569833988,1297058,0.3333333333333333
http://digistrucmed.org/questionnaire#214_M002_01,4,0.0001874111722010377,0.27817675509306755,0.9980577569833988,1297114,0.3333333333333333
http://digistrucmed.org/questionnaire#424_M010_01,4,0.00018394594492898153,0.26730511935779167,0.99794832095556,517622,0.3333333333333333
http://digistrucmed.org/questionnaire#30210002,4,0.0001830985292435815,0.2651393448348118,0.9979254478398315,84450,0.0
http://digistrucmed.org/questionnaire#84_M010_01,4,0.00018242501910946678,0.27817675509306755,0.9980577569833988,1300994,0.3333333333333333
http://digistrucmed.org/questionnaire#334_M010_01,4,0.00018071550669961003,0.26730511935779167,0.99794832095556,516848,0.3333333333333333
http://digistrucmed.org/questionnaire#30140007,5,0.0001794408041345982,0.26715462031107046,0.9979467434993027,18494,0.0
http://digistrucmed.org/questionnaire#30130007,5,0.0001790654084025452,0.26715462031107046,0.9979467434993027,18494,0.0
http://digistrucmed.org/questionnaire#145_M004_01,4,0.00017836496784948326,0.27817675509306755,0.9980577569833988,1299496,0.3333333333333333
http://digistrucmed.org/questionnaire#145_M003_01,4,0.00017746850876055264,0.27817675509306755,0.9980577569833988,1299486,0.3333333333333333
http://digistrucmed.org/questionnaire#412_M010_01,4,0.00017547865327330155,0.277444818009063,0.9980506584302417,1589884,0.3333333333333333
http://digistrucmed.org/questionnaire#134_M004_01,4,0.00017476146359435393,0.27817675509306755,0.9980577569833988,1298586,0.3333333333333333
http://digistrucmed.org/questionnaire#264_M010_01,4,0.0001744538329344841,0.26730511935779167,0.99794832095556,519532,0.3333333333333333
http://digistrucmed.org/questionnaire#402_M002_01,4,0.0001739370715323849,0.277444818009063,0.9980506584302417,1590030,0.3333333333333333
http://digistrucmed.org/questionnaire#134_M003_01,4,0.00017386514957711777,0.27817675509306755,0.9980577569833988,1298576,0.3333333333333333
http://digistrucmed.org/questionnaire#179_M003_01,4,0.00017374641538569035,0.27817675509306755,0.9980577569833988,1298600,0.3333333333333333
http://digistrucmed.org/questionnaire#57_M003_01,4,0.0001735150025326606,0.277444818009063,0.9980506584302417,1589964,0.3333333333333333
http://digistrucmed.org/questionnaire#219_M004_01,4,0.0001730573698873127,0.277444818009063,0.9980506584302417,1590144,0.3333333333333333
http://digistrucmed.org/questionnaire#60_M010_01,4,0.00017286477219551966,0.26730511935779167,0.99794832095556,520584,0.3333333333333333
http://digistrucmed.org/questionnaire#266_M004_01,4,0.00017270770037173053,0.277444818009063,0.9980506584302417,1590056,0.3333333333333333
http://digistrucmed.org/questionnaire#58_M010_01,4,0.00017195904630509467,0.277444818009063,0.9980506584302417,1590160,0.3333333333333333
http://digistrucmed.org/questionnaire#119_M010_01,4,0.00017182909841089133,0.277444818009063,0.9980506584302417,1590160,0.3333333333333333
http://digistrucmed.org/questionnaire#413_M010_01,4,0.00017179322994697953,0.277444818009063,0.9980506584302417,1590072,0.3333333333333333
http://digistrucmed.org/questionnaire#178_M010_01,4,0.00017174094780145023,0.277444818009063,0.9980506584302417,1590096,0.3333333333333333
http://digistrucmed.org/questionnaire#417_M004_01,4,0.00017146840306982755,0.277444818009063,0.9980506584302417,1590140,0.3333333333333333
http://digistrucmed.org/questionnaire#151_M010_01,4,0.0001711743938220351,0.26730511935779167,0.99794832095556,518268,0.3333333333333333
http://digistrucmed.org/questionnaire#334_M004_01,4,0.00017070751287856167,0.277444818009063,0.9980506584302417,1589298,0.3333333333333333
http://digistrucmed.org/questionnaire#30190006,5,0.00017061670864787476,0.2670794343206923,0.9979459547711741,16010,0.0
http://digistrucmed.org/questionnaire#30100006,5,0.0001705403301920006,0.2670794343206923,0.9979459547711741,15910,0.0
http://digistrucmed.org/questionnaire#30060006,5,0.00017033000973912382,0.2670794343206923,0.9979459547711741,15810,0.0
http://digistrucmed.org/questionnaire#30110006,5,0.00017032880592887106,0.2670794343206923,0.9979459547711741,15910,0.0
http://digistrucmed.org/questionnaire#30030006,5,0.00017032827427759638,0.2670794343206923,0.9979459547711741,15710,0.0
http://digistrucmed.org/questionnaire#229_M004_01,4,0.00017030939170033365,0.27817675509306755,0.9980577569833988,1299528,0.3333333333333333
http://digistrucmed.org/questionnaire#30020006,5,0.00017026442062374655,0.2670794343206923,0.9979459547711741,15710,0.0
http://digistrucmed.org/questionnaire#30090006,5,0.0001702114010779619,0.2670794343206923,0.9979459547711741,15910,0.0
http://digistrucmed.org/questionnaire#30070006,5,0.00017020462673851303,0.2670794343206923,0.9979459547711741,15810,0.0
http://digistrucmed.org/questionnaire#30040006,5,0.00017015843824357113,0.2670794343206923,0.9979459547711741,15710,0.0
http://digistrucmed.org/questionnaire#30080006,5,0.00016986522412938698,0.2670794343206923,0.9979459547711741,15810,0.0
http://digistrucmed.org/questionnaire#148_M003_01,4,0.00016955338922423536,0.277444818009063,0.9980506584302417,1589526,0.3333333333333333
http://digistrucmed.org/questionnaire#324_M004_01,4,0.00016949990543404486,0.27817675509306755,0.9980577569833988,1296988,0.3333333333333333
http://digistrucmed.org/questionnaire#52_M002_01,4,0.00016947231581711654,0.277444818009063,0.9980506584302417,1588408,0.3333333333333333
http://digistrucmed.org/questionnaire#142_M004_01,4,0.00016945614853136043,0.27817675509306755,0.9980577569833988,1296900,0.3333333333333333
http://digistrucmed.org/questionnaire#429_M010_01,4,0.00016907277264485896,0.26730511935779167,0.99794832095556,517638,0.3333333333333333
http://digistrucmed.org/questionnaire#426_M010_01,4,0.00016899287633874178,0.26730511935779167,0.99794832095556,517550,0.3333333333333333
http://digistrucmed.org/questionnaire#427_M010_01,4,0.00016899287633874175,0.26730511935779167,0.99794832095556,517550,0.3333333333333333
http://digistrucmed.org/questionnaire#425_M010_01,4,0.00016899287633874175,0.26730511935779167,0.99794832095556,517550,0.3333333333333333
http://digistrucmed.org/questionnaire#160_M003_01,4,0.0001687374407427922,0.277444818009063,0.9980506584302417,1588406,0.3333333333333333
http://digistrucmed.org/questionnaire#246_M003_01,4,0.00016868728663599596,0.277444818009063,0.9980506584302417,1588430,0.3333333333333333
http://digistrucmed.org/questionnaire#255_M004_01,4,0.0001683243295768418,0.277444818009063,0.9980506584302417,1588522,0.3333333333333333
http://digistrucmed.org/questionnaire#324_M002_01,4,0.0001678416547869882,0.27817675509306755,0.9980577569833988,1297016,0.3333333333333333
http://digistrucmed.org/questionnaire#92_M004_01,4,0.00016781593676757977,0.277444818009063,0.9980506584302417,1588370,0.3333333333333333
http://digistrucmed.org/questionnaire#10070102,67,0.0001678102853975711,0.19673490541591085,0.9969438756838274,17688,0.0
http://digistrucmed.org/questionnaire#68_M003_01,4,0.00016780784067771103,0.27817675509306755,0.9980577569833988,1298636,0.3333333333333333
http://digistrucmed.org/questionnaire#59_M003_01,4,0.00016775057723269262,0.27817675509306755,0.9980577569833988,1298572,0.3333333333333333
http://digistrucmed.org/questionnaire#232_M003_01,4,0.00016771259307594348,0.27817675509306755,0.9980577569833988,1298636,0.3333333333333333
http://digistrucmed.org/questionnaire#253_M010_01,4,0.00016762477309142728,0.26730511935779167,0.99794832095556,517354,0.3333333333333333
http://digistrucmed.org/questionnaire#30010005,5,0.00016761500928708624,0.2670042906379686,0.9979451660430456,15606,0.0
http://digistrucmed.org/questionnaire#161_M010_01,4,0.00016744321366905354,0.27817675509306755,0.9980577569833988,1298654,0.3333333333333333
http://digistrucmed.org/questionnaire#162_M010_01,4,0.00016743800830823976,0.27817675509306755,0.9980577569833988,1298654,0.3333333333333333
http://digistrucmed.org/questionnaire#182_M010_01,4,0.00016731216461768773,0.27817675509306755,0.9980577569833988,1298590,0.3333333333333333
http://digistrucmed.org/questionnaire#208_M010_01,4,0.00016725033708628645,0.27817675509306755,0.9980577569833988,1298654,0.3333333333333333
http://digistrucmed.org/questionnaire#232_M010_01,4,0.00016721331401232372,0.27817675509306755,0.9980577569833988,1298654,0.3333333333333333
http://digistrucmed.org/questionnaire#216_M003_01,4,0.00016708396313772105,0.27817675509306755,0.9980577569833988,1299484,0.3333333333333333
http://digistrucmed.org/questionnaire#164_M010_01,4,0.0001668651148464016,0.277444818009063,0.9980506584302417,1588450,0.3333333333333333
http://digistrucmed.org/questionnaire#258_M004_01,4,0.00016672057081085185,0.27817675509306755,0.9980577569833988,1298706,0.3333333333333333
http://digistrucmed.org/questionnaire#68_M004_01,4,0.0001666734967261899,0.27817675509306755,0.9980577569833988,1298682,0.3333333333333333
http://digistrucmed.org/questionnaire#117_M010_01,4,0.00016667190683191825,0.277444818009063,0.9980506584302417,1588386,0.3333333333333333
http://digistrucmed.org/questionnaire#88_M004_01,4,0.0001666523670366306,0.27817675509306755,0.9980577569833988,1298618,0.3333333333333333
http://digistrucmed.org/questionnaire#59_M004_01,4,0.00016661609134235988,0.27817675509306755,0.9980577569833988,1298618,0.3333333333333333
http://digistrucmed.org/questionnaire#152_M004_01,4,0.000166589582693545,0.27817675509306755,0.9980577569833988,1298618,0.3333333333333333
http://digistrucmed.org/questionnaire#230_M004_01,4,0.00016657910590804064,0.27817675509306755,0.9980577569833988,1298618,0.3333333333333333
http://digistrucmed.org/questionnaire#324_M003_01,4,0.0001665611995406227,0.277444818009063,0.9980506584302417,1588570,0.3333333333333333
http://digistrucmed.org/questionnaire#200_UM18,4,0.00016649887954544654,0.2749330049974651,0.9980260106762239,60552,0.16666666666666666
http://digistrucmed.org/questionnaire#195_UM18,4,0.000166498879545446,0.2749330049974651,0.9980260106762239,60552,0.16666666666666666
http://digistrucmed.org/questionnaire#189_UM18,4,0.00016649887954544505,0.2749330049974651,0.9980260106762239,60552,0.16666666666666666
http://digistrucmed.org/questionnaire#55_UM18,4,0.0001664988795454432,0.2749330049974651,0.9980260106762239,60552,0.16666666666666666
http://digistrucmed.org/questionnaire#50_UM18,4,0.00016649887954544264,0.2749330049974651,0.9980260106762239,60552,0.16666666666666666
http://digistrucmed.org/questionnaire#408_UM18,4,0.0001664988795454405,0.2749330049974651,0.9980260106762239,60552,0.16666666666666666
http://digistrucmed.org/questionnaire#312_UM18,4,0.00016649887954543868,0.2749330049974651,0.9980260106762239,60552,0.16666666666666666
http://digistrucmed.org/questionnaire#365_UM18,4,0.00016649887954543844,0.2749330049974651,0.9980260106762239,60552,0.16666666666666666
http://digistrucmed.org/questionnaire#339_UM18,4,0.00016649887954543836,0.2749330049974651,0.9980260106762239,60552,0.16666666666666666
http://digistrucmed.org/questionnaire#129_M004_01,4,0.000166405897325187,0.277444818009063,0.9980506584302417,1587976,0.3333333333333333
http://digistrucmed.org/questionnaire#325_M002_01,4,0.00016636302551909348,0.27817675509306755,0.9980577569833988,1299546,0.3333333333333333
http://digistrucmed.org/questionnaire#133_M004_01,4,0.00016621090271403983,0.277444818009063,0.9980506584302417,1587976,0.3333333333333333
http://digistrucmed.org/questionnaire#133_M002_01,4,0.00016613901453159323,0.27817675509306755,0.9980577569833988,1296534,0.3333333333333333
http://digistrucmed.org/questionnaire#162_M002_01,4,0.00016611008985154587,0.27817675509306755,0.9980577569833988,1298734,0.3333333333333333
http://digistrucmed.org/questionnaire#258_M002_01,4,0.00016602800840183094,0.27817675509306755,0.9980577569833988,1298758,0.3333333333333333
http://digistrucmed.org/questionnaire#179_M002_01,4,0.0001659996318210855,0.27817675509306755,0.9980577569833988,1298758,0.3333333333333333
http://digistrucmed.org/questionnaire#182_M002_01,4,0.00016598404057870022,0.27817675509306755,0.9980577569833988,1298670,0.3333333333333333
http://digistrucmed.org/questionnaire#208_M002_01,4,0.00016592264564911253,0.27817675509306755,0.9980577569833988,1298734,0.3333333333333333
http://digistrucmed.org/questionnaire#230_M002_01,4,0.00016588650301693254,0.27817675509306755,0.9980577569833988,1298670,0.3333333333333333
http://digistrucmed.org/questionnaire#414_M004_01,4,0.00016430644306341272,0.27817675509306755,0.9980577569833988,1298520,0.3333333333333333
http://digistrucmed.org/questionnaire#239_M004_01,4,0.00016412998907702016,0.27817675509306755,0.9980577569833988,1301232,0.3333333333333333
http://digistrucmed.org/questionnaire#256_M002_01,4,0.000164003486053166,0.27817675509306755,0.9980577569833988,1298180,0.3333333333333333
http://digistrucmed.org/questionnaire#163_M002_01,4,0.00016386543014612533,0.27817675509306755,0.9980577569833988,1298092,0.3333333333333333
http://digistrucmed.org/questionnaire#263_M002_01,4,0.0001638286326689316,0.27817675509306755,0.9980577569833988,1298092,0.3333333333333333
http://digistrucmed.org/questionnaire#434_M003_01,4,0.0001636241733849817,0.27817675509306755,0.9980577569833988,1298662,0.3333333333333333
http://digistrucmed.org/questionnaire#244_M010_01,4,0.00016356277187708072,0.27817675509306755,0.9980577569833988,1298580,0.3333333333333333
http://digistrucmed.org/questionnaire#223_M010_01,4,0.00016345835353847747,0.27817675509306755,0.9980577569833988,1298580,0.3333333333333333
http://digistrucmed.org/questionnaire#239_M003_01,4,0.00016323409610460044,0.27817675509306755,0.9980577569833988,1301222,0.3333333333333333
http://digistrucmed.org/questionnaire#326_M010_01,4,0.00016315783217182208,0.27817675509306755,0.9980577569833988,1301252,0.3333333333333333
http://digistrucmed.org/questionnaire#244_M002_01,4,0.00016280500186137504,0.27817675509306755,0.9980577569833988,1298612,0.3333333333333333
http://digistrucmed.org/questionnaire#147_M004_01,4,0.00016252716467490925,0.27817675509306755,0.9980577569833988,1299492,0.3333333333333333
http://digistrucmed.org/questionnaire#123_M004_01,4,0.000162497799977615,0.27817675509306755,0.9980577569833988,1299516,0.3333333333333333
http://digistrucmed.org/questionnaire#239_M002_01,4,0.00016247285661949424,0.27817675509306755,0.9980577569833988,1301260,0.3333333333333333
http://digistrucmed.org/questionnaire#326_M002_01,4,0.0001624004570281747,0.27817675509306755,0.9980577569833988,1301284,0.3333333333333333
http://digistrucmed.org/questionnaire#359_M002_01,4,0.0001622895106726462,0.27817675509306755,0.9980577569833988,1301196,0.3333333333333333
http://digistrucmed.org/questionnaire#306_UM18,4,0.00016190692181785945,0.2749330049974651,0.9980260106762239,60634,0.16666666666666666
http://digistrucmed.org/questionnaire#147_M003_01,4,0.00016163114511468654,0.27817675509306755,0.9980577569833988,1299482,0.3333333333333333
http://digistrucmed.org/questionnaire#123_M010_01,4,0.000161597575084499,0.27817675509306755,0.9980577569833988,1299512,0.3333333333333333
http://digistrucmed.org/questionnaire#238_M003_01,4,0.0001614755184133608,0.27817675509306755,0.9980577569833988,1299482,0.3333333333333333
http://digistrucmed.org/questionnaire#401_M010_01,4,0.00016144648355356458,0.27817675509306755,0.9980577569833988,1299488,0.3333333333333333
http://digistrucmed.org/questionnaire#346_M004_01,4,0.00016136862717320544,0.27817675509306755,0.9980577569833988,1296996,0.3333333333333333
http://digistrucmed.org/questionnaire#325_M003_01,4,0.00016120521003484202,0.27817675509306755,0.9980577569833988,1299568,0.3333333333333333
http://digistrucmed.org/questionnaire#147_M002_01,4,0.00016086972965683607,0.27817675509306755,0.9980577569833988,1299520,0.3333333333333333
http://digistrucmed.org/questionnaire#148_M002_01,4,0.00016086650337263832,0.27817675509306755,0.9980577569833988,1297970,0.3333333333333333
http://digistrucmed.org/questionnaire#123_M002_01,4,0.00016083996954947653,0.27817675509306755,0.9980577569833988,1299544,0.3333333333333333
http://digistrucmed.org/questionnaire#91_M002_01,4,0.0001607968144502292,0.27817675509306755,0.9980577569833988,1297136,0.3333333333333333
http://digistrucmed.org/questionnaire#151_M003_01,4,0.00016007874738167632,0.27817675509306755,0.9980577569833988,1299280,0.3333333333333333
http://digistrucmed.org/questionnaire#160_M004_01,4,0.0001594485361881249,0.27817675509306755,0.9980577569833988,1296962,0.3333333333333333
http://digistrucmed.org/questionnaire#164_M004_01,4,0.0001593882817592467,0.27817675509306755,0.9980577569833988,1296962,0.3333333333333333
http://digistrucmed.org/questionnaire#185_M005,4,0.0001593401327685684,0.24328654745882206,0.9976718717464965,811184,0.16666666666666666
http://digistrucmed.org/questionnaire#118_M005,4,0.0001593401327685684,0.24328654745882206,0.9976718717464965,811184,0.16666666666666666
http://digistrucmed.org/questionnaire#328_M005,4,0.00015934013276856822,0.24328654745882206,0.9976718717464965,811184,0.16666666666666666
http://digistrucmed.org/questionnaire#259_M005,4,0.00015934013276856605,0.24328654745882206,0.9976718717464965,811184,0.16666666666666666
http://digistrucmed.org/questionnaire#216_M002_01,4,0.0001593374742007066,0.27817675509306755,0.9980577569833988,1299642,0.3333333333333333
http://digistrucmed.org/questionnaire#58_M004_01,4,0.0001591324211388787,0.27817675509306755,0.9980577569833988,1298670,0.3333333333333333
http://digistrucmed.org/questionnaire#413_M004_01,4,0.00015896689428580464,0.27817675509306755,0.9980577569833988,1298582,0.3333333333333333
http://digistrucmed.org/questionnaire#151_M004_01,4,0.00015894459954638566,0.27817675509306755,0.9980577569833988,1299326,0.3333333333333333
http://digistrucmed.org/questionnaire#231_M003_01,4,0.00015882365106893487,0.27817675509306755,0.9980577569833988,1300706,0.3333333333333333
http://digistrucmed.org/questionnaire#30150001,5,0.0001586369846120948,0.23948015898050595,0.9976229706025252,28136,0.3333333333333333
http://digistrucmed.org/questionnaire#246_M010_01,4,0.0001584978549173473,0.27817675509306755,0.9980577569833988,1296982,0.3333333333333333
http://digistrucmed.org/questionnaire#219_M010_01,4,0.00015835230641802252,0.27817675509306755,0.9980577569833988,1298666,0.3333333333333333
http://digistrucmed.org/questionnaire#58_M003_01,4,0.00015823615640539473,0.27817675509306755,0.9980577569833988,1298660,0.3333333333333333
http://digistrucmed.org/questionnaire#402_M003_01,4,0.00015808528108761805,0.27817675509306755,0.9980577569833988,1298596,0.3333333333333333
http://digistrucmed.org/questionnaire#412_M003_01,4,0.00015805214872820146,0.27817675509306755,0.9980577569833988,1298508,0.3333333333333333
http://digistrucmed.org/questionnaire#178_M003_01,4,0.0001580198017232932,0.27817675509306755,0.9980577569833988,1298596,0.3333333333333333
http://digistrucmed.org/questionnaire#57_M010_01,4,0.00015797585101786087,0.27817675509306755,0.9980577569833988,1298514,0.3333333333333333
http://digistrucmed.org/questionnaire#30180006,5,0.0001578550031451124,0.2670794343206923,0.9979459547711741,16010,0.0
http://digistrucmed.org/questionnaire#164_M002_01,4,0.00015773070758300493,0.27817675509306755,0.9980577569833988,1296990,0.3333333333333333
http://digistrucmed.org/questionnaire#92_M002_01,4,0.00015770327428930414,0.27817675509306755,0.9980577569833988,1296926,0.3333333333333333
http://digistrucmed.org/questionnaire#231_M004_01,4,0.00015768981485753076,0.27817675509306755,0.9980577569833988,1300752,0.3333333333333333
http://digistrucmed.org/questionnaire#219_M002_01,4,0.0001575946871444613,0.27817675509306755,0.9980577569833988,1298698,0.3333333333333333
http://digistrucmed.org/questionnaire#166_M003_01,4,0.00015757411976069618,0.27817675509306755,0.9980577569833988,1298634,0.3333333333333333
http://digistrucmed.org/questionnaire#167_M003_01,4,0.00015753879997621633,0.27817675509306755,0.9980577569833988,1298634,0.3333333333333333
http://digistrucmed.org/questionnaire#414_M003_01,4,0.00015749064723580915,0.27817675509306755,0.9980577569833988,1298570,0.3333333333333333
http://digistrucmed.org/questionnaire#194_M003_01,4,0.0001574141799010205,0.27817675509306755,0.9980577569833988,1298570,0.3333333333333333
http://digistrucmed.org/questionnaire#251_SU01_03,4,0.00015726025208758913,0.22976817383935597,0.9974908586409899,808354,0.3333333333333333
http://digistrucmed.org/questionnaire#326_M003_01,4,0.0001572432602344545,0.27817675509306755,0.9980577569833988,1301306,0.3333333333333333
http://digistrucmed.org/questionnaire#404_M003_01,4,0.00015715813938910498,0.27817675509306755,0.9980577569833988,1301306,0.3333333333333333
http://digistrucmed.org/questionnaire#360_M003_01,4,0.0001571362659629852,0.27817675509306755,0.9980577569833988,1301282,0.3333333333333333
http://digistrucmed.org/questionnaire#361_M003_01,4,0.0001571362659629852,0.27817675509306755,0.9980577569833988,1301282,0.3333333333333333
http://digistrucmed.org/questionnaire#367_M003_01,4,0.00015713626596298506,0.27817675509306755,0.9980577569833988,1301282,0.3333333333333333
http://digistrucmed.org/questionnaire#359_M003_01,4,0.00015713181902562783,0.27817675509306755,0.9980577569833988,1301218,0.3333333333333333
http://digistrucmed.org/questionnaire#166_M010_01,4,0.00015707546370388137,0.27817675509306755,0.9980577569833988,1298652,0.3333333333333333
http://digistrucmed.org/questionnaire#204_M010_01,4,0.00015704303357481566,0.27817675509306755,0.9980577569833988,1298588,0.3333333333333333
http://digistrucmed.org/questionnaire#231_M002_01,4,0.00015699740159539485,0.27817675509306755,0.9980577569833988,1300804,0.3333333333333333
http://digistrucmed.org/questionnaire#414_M010_01,4,0.0001569913482271405,0.27817675509306755,0.9980577569833988,1298588,0.3333333333333333
http://digistrucmed.org/questionnaire#239_M010_01,4,0.00015681720685025802,0.27817675509306755,0.9980577569833988,1301300,0.3333333333333333
http://digistrucmed.org/questionnaire#404_M010_01,4,0.00015665963333193208,0.27817675509306755,0.9980577569833988,1301324,0.3333333333333333
http://digistrucmed.org/questionnaire#360_M010_01,4,0.000156638043477911,0.27817675509306755,0.9980577569833988,1301300,0.3333333333333333
http://digistrucmed.org/questionnaire#361_M010_01,4,0.000156638043477911,0.27817675509306755,0.9980577569833988,1301300,0.3333333333333333
http://digistrucmed.org/questionnaire#367_M010_01,4,0.00015663804347791087,0.27817675509306755,0.9980577569833988,1301300,0.3333333333333333
http://digistrucmed.org/questionnaire#359_M010_01,4,0.00015663335971786077,0.27817675509306755,0.9980577569833988,1301236,0.3333333333333333
http://digistrucmed.org/questionnaire#434_M004_01,4,0.00015657084193969087,0.27817675509306755,0.9980577569833988,1298768,0.3333333333333333
http://digistrucmed.org/questionnaire#140_SU01_02,4,0.00015657034482055704,0.23166117417307458,0.9975174782153291,1404606,0.3333333333333333
http://digistrucmed.org/questionnaire#244_M004_01,4,0.0001565130346539997,0.27817675509306755,0.9980577569833988,1298680,0.3333333333333333
http://digistrucmed.org/questionnaire#223_M004_01,4,0.0001564081341917038,0.27817675509306755,0.9980577569833988,1298680,0.3333333333333333
http://digistrucmed.org/questionnaire#167_M004_01,4,0.0001564046332795296,0.27817675509306755,0.9980577569833988,1298680,0.3333333333333333
http://digistrucmed.org/questionnaire#326_M004_01,4,0.0001561095566568178,0.27817675509306755,0.9980577569833988,1301352,0.3333333333333333
http://digistrucmed.org/questionnaire#404_M004_01,4,0.00015602456152412255,0.27817675509306755,0.9980577569833988,1301352,0.3333333333333333
http://digistrucmed.org/questionnaire#361_M004_01,4,0.0001560027623237511,0.27817675509306755,0.9980577569833988,1301328,0.3333333333333333
http://digistrucmed.org/questionnaire#360_M004_01,4,0.0001560027623237511,0.27817675509306755,0.9980577569833988,1301328,0.3333333333333333
http://digistrucmed.org/questionnaire#367_M004_01,4,0.00015600276232375095,0.27817675509306755,0.9980577569833988,1301328,0.3333333333333333
http://digistrucmed.org/questionnaire#359_M004_01,4,0.00015599821350889586,0.27817675509306755,0.9980577569833988,1301264,0.3333333333333333
http://digistrucmed.org/questionnaire#204_M002_01,4,0.00015571499749216804,0.27817675509306755,0.9980577569833988,1298668,0.3333333333333333
http://digistrucmed.org/questionnaire#132_M003_01,4,0.00015560392584860547,0.27817675509306755,0.9980577569833988,1299542,0.3333333333333333
http://digistrucmed.org/questionnaire#194_M002_01,4,0.00015558751278159743,0.27817675509306755,0.9980577569833988,1298668,0.3333333333333333
http://digistrucmed.org/questionnaire#401_M003_01,4,0.00015552969962688394,0.27817675509306755,0.9980577569833988,1299542,0.3333333333333333
http://digistrucmed.org/questionnaire#416_M003_01,4,0.00015547234137207577,0.27817675509306755,0.9980577569833988,1299542,0.3333333333333333
http://digistrucmed.org/questionnaire#404_M002_01,4,0.0001553321264483723,0.27817675509306755,0.9980577569833988,1301404,0.3333333333333333
http://digistrucmed.org/questionnaire#360_M002_01,4,0.00015531039598773333,0.27817675509306755,0.9980577569833988,1301380,0.3333333333333333
http://digistrucmed.org/questionnaire#361_M002_01,4,0.00015531039598773333,0.27817675509306755,0.9980577569833988,1301380,0.3333333333333333
http://digistrucmed.org/questionnaire#367_M002_01,4,0.0001553103959877332,0.27817675509306755,0.9980577569833988,1301380,0.3333333333333333
http://digistrucmed.org/questionnaire#30120007,4,0.00015522069718261212,0.2671170220251918,0.9979463491352384,9520,0.0
http://digistrucmed.org/questionnaire#135_M010_01,4,0.0001551065191733049,0.27817675509306755,0.9980577569833988,1299648,0.3333333333333333
http://digistrucmed.org/questionnaire#132_M010_01,4,0.00015510545214656525,0.27817675509306755,0.9980577569833988,1299560,0.3333333333333333
http://digistrucmed.org/questionnaire#30150007,4,0.000154700622972109,0.2671170220251918,0.9979463491352384,9520,0.0
http://digistrucmed.org/questionnaire#148_M004_01,4,0.0001545736815484985,0.27817675509306755,0.9980577569833988,1298038,0.3333333333333333
http://digistrucmed.org/questionnaire#135_M004_01,4,0.00015447118078562073,0.27817675509306755,0.9980577569833988,1299676,0.3333333333333333
http://digistrucmed.org/questionnaire#238_M004_01,4,0.00015442215022815154,0.27817675509306755,0.9980577569833988,1299588,0.3333333333333333
http://digistrucmed.org/questionnaire#416_M004_01,4,0.00015433856580995866,0.27817675509306755,0.9980577569833988,1299588,0.3333333333333333
http://digistrucmed.org/questionnaire#131_SU01_02,4,0.0001543298406305596,0.23166117417307458,0.9975174782153291,1404606,0.3333333333333333
http://digistrucmed.org/questionnaire#135_M002_01,4,0.00015377891741292973,0.27817675509306755,0.9980577569833988,1299728,0.3333333333333333
http://digistrucmed.org/questionnaire#132_M002_01,4,0.00015377778495301574,0.27817675509306755,0.9980577569833988,1299640,0.3333333333333333
http://digistrucmed.org/questionnaire#238_M002_01,4,0.0001537298410179503,0.27817675509306755,0.9980577569833988,1299640,0.3333333333333333
http://digistrucmed.org/questionnaire#401_M002_01,4,0.00015370338373727158,0.27817675509306755,0.9980577569833988,1299640,0.3333333333333333
http://digistrucmed.org/questionnaire#416_M002_01,4,0.00015364623898210858,0.27817675509306755,0.9980577569833988,1299640,0.3333333333333333
http://digistrucmed.org/questionnaire#130_M003_01,4,0.00015254792566823643,0.27817675509306755,0.9980577569833988,1297012,0.3333333333333333
http://digistrucmed.org/questionnaire#92_M003_01,4,0.0001525451087778178,0.27817675509306755,0.9980577569833988,1296948,0.3333333333333333
http://digistrucmed.org/questionnaire#219_M003_01,4,0.00015243745701929367,0.27817675509306755,0.9980577569833988,1298720,0.3333333333333333
http://digistrucmed.org/questionnaire#117_M003_01,4,0.0001523801329849411,0.27817675509306755,0.9980577569833988,1296948,0.3333333333333333
http://digistrucmed.org/questionnaire#243_UM15,4,0.00015230154233228873,0.2652690426275332,0.9979268281140564,25438,0.3333333333333333
http://digistrucmed.org/questionnaire#119_M003_01,4,0.000152188039685987,0.27817675509306755,0.9980577569833988,1298720,0.3333333333333333
http://digistrucmed.org/questionnaire#413_M003_01,4,0.000152151518188834,0.27817675509306755,0.9980577569833988,1298632,0.3333333333333333
http://digistrucmed.org/questionnaire#266_M003_01,4,0.0001520874188549707,0.27817675509306755,0.9980577569833988,1298632,0.3333333333333333
http://digistrucmed.org/questionnaire#417_M003_01,4,0.00015205009796636073,0.27817675509306755,0.9980577569833988,1298632,0.3333333333333333
http://digistrucmed.org/questionnaire#92_M010_01,4,0.00015204607558323994,0.27817675509306755,0.9980577569833988,1296966,0.3333333333333333
http://digistrucmed.org/questionnaire#402_M010_01,4,0.0001516674308941058,0.27817675509306755,0.9980577569833988,1298674,0.3333333333333333
http://digistrucmed.org/questionnaire#266_M010_01,4,0.0001515888761861185,0.27817675509306755,0.9980577569833988,1298650,0.3333333333333333
http://digistrucmed.org/questionnaire#417_M010_01,4,0.00015155150227981788,0.27817675509306755,0.9980577569833988,1298650,0.3333333333333333
http://digistrucmed.org/questionnaire#130_M004_01,4,0.00015141381734354973,0.27817675509306755,0.9980577569833988,1297058,0.3333333333333333
http://digistrucmed.org/questionnaire#119_M004_01,4,0.0001510540470129293,0.27817675509306755,0.9980577569833988,1298766,0.3333333333333333
http://digistrucmed.org/questionnaire#402_M004_01,4,0.00015103215945436044,0.27817675509306755,0.9980577569833988,1298702,0.3333333333333333
http://digistrucmed.org/questionnaire#412_M004_01,4,0.00015099889390231817,0.27817675509306755,0.9980577569833988,1298614,0.3333333333333333
http://digistrucmed.org/questionnaire#178_M004_01,4,0.00015096667023942092,0.27817675509306755,0.9980577569833988,1298702,0.3333333333333333
http://digistrucmed.org/questionnaire#57_M004_01,4,0.00015092619839542938,0.27817675509306755,0.9980577569833988,1298614,0.3333333333333333
http://digistrucmed.org/questionnaire#160_M002_01,4,0.00015080566995898253,0.27817675509306755,0.9980577569833988,1297110,0.3333333333333333
http://digistrucmed.org/questionnaire#246_M002_01,4,0.0001507553620490451,0.27817675509306755,0.9980577569833988,1297134,0.3333333333333333
http://digistrucmed.org/questionnaire#130_M002_01,4,0.00015072137990554632,0.27817675509306755,0.9980577569833988,1297110,0.3333333333333333
http://digistrucmed.org/questionnaire#117_M002_01,4,0.00015055335251566528,0.27817675509306755,0.9980577569833988,1297046,0.3333333333333333
http://digistrucmed.org/questionnaire#58_M002_01,4,0.00015049171645378708,0.27817675509306755,0.9980577569833988,1298818,0.3333333333333333
http://digistrucmed.org/questionnaire#119_M002_01,4,0.0001503618221842192,0.27817675509306755,0.9980577569833988,1298818,0.3333333333333333
http://digistrucmed.org/questionnaire#413_M002_01,4,0.0001503251565259456,0.27817675509306755,0.9980577569833988,1298730,0.3333333333333333
http://digistrucmed.org/questionnaire#412_M002_01,4,0.0001503065073226651,0.27817675509306755,0.9980577569833988,1298666,0.3333333333333333
http://digistrucmed.org/questionnaire#178_M002_01,4,0.0001502742757408417,0.27817675509306755,0.9980577569833988,1298754,0.3333333333333333
http://digistrucmed.org/questionnaire#266_M002_01,4,0.00015026123070633278,0.27817675509306755,0.9980577569833988,1298730,0.3333333333333333
http://digistrucmed.org/questionnaire#57_M002_01,4,0.00015023368258950282,0.27817675509306755,0.9980577569833988,1298666,0.3333333333333333
http://digistrucmed.org/questionnaire#417_M002_01,4,0.00015022406858197253,0.27817675509306755,0.9980577569833988,1298730,0.3333333333333333
http://digistrucmed.org/questionnaire#169_SU01_09,4,0.00014635933401638393,0.23166117417307458,0.9975174782153291,1405244,0.3333333333333333
http://digistrucmed.org/questionnaire#388_SU01_04,4,0.00014546194692473087,0.23166117417307458,0.9975174782153291,1405292,0.3333333333333333
http://digistrucmed.org/questionnaire#434_M002_01,4,0.00014496420149257545,0.277444818009063,0.9980506584302417,1590092,0.3333333333333333
http://digistrucmed.org/questionnaire#166_M002_01,4,0.00014483392291522832,0.277444818009063,0.9980506584302417,1590004,0.3333333333333333
http://digistrucmed.org/questionnaire#223_M002_01,4,0.0001448018213433429,0.277444818009063,0.9980506584302417,1590004,0.3333333333333333
http://digistrucmed.org/questionnaire#167_M002_01,4,0.00014479825883947727,0.277444818009063,0.9980506584302417,1590004,0.3333333333333333
http://digistrucmed.org/questionnaire#204_M003_01,4,0.00014448451338768732,0.277444818009063,0.9980506584302417,1589962,0.3333333333333333
http://digistrucmed.org/questionnaire#166_M004_01,4,0.0001436828926851078,0.277444818009063,0.9980506584302417,1590054,0.3333333333333333
http://digistrucmed.org/questionnaire#204_M004_01,4,0.0001436499402352654,0.277444818009063,0.9980506584302417,1589990,0.3333333333333333
http://digistrucmed.org/questionnaire#434_M010_01,4,0.00014283407933779333,0.277444818009063,0.9980506584302417,1590158,0.3333333333333333
http://digistrucmed.org/questionnaire#167_M010_01,4,0.00014266856227676628,0.277444818009063,0.9980506584302417,1590070,0.3333333333333333
http://digistrucmed.org/questionnaire#194_M010_01,4,0.00014254358438727926,0.277444818009063,0.9980506584302417,1590006,0.3333333333333333
http://digistrucmed.org/questionnaire#244_M003_01,4,0.0001423611672191103,0.277444818009063,0.9980506584302417,1590166,0.3333333333333333
http://digistrucmed.org/questionnaire#414_M002_01,4,0.00014233344075218157,0.277444818009063,0.9980506584302417,1590068,0.3333333333333333
http://digistrucmed.org/questionnaire#194_M004_01,4,0.000142320158877735,0.277444818009063,0.9980506584302417,1590074,0.3333333333333333
http://digistrucmed.org/questionnaire#223_M003_01,4,0.00014225597398615165,0.277444818009063,0.9980506584302417,1590166,0.3333333333333333
http://digistrucmed.org/questionnaire#100_UM18,4,0.000142053941802162,0.27992035985546787,0.9980745174561308,24410,0.3333333333333333
http://digistrucmed.org/questionnaire#256_M004_01,4,0.00014182277879526455,0.277444818009063,0.9980506584302417,1589500,0.3333333333333333
http://digistrucmed.org/questionnaire#163_M004_01,4,0.00014168507166766254,0.277444818009063,0.9980506584302417,1589412,0.3333333333333333
http://digistrucmed.org/questionnaire#421_UM18,4,0.0001412288583779051,0.2749330049974651,0.9980260106762239,60508,0.16666666666666666
http://digistrucmed.org/questionnaire#382_UM18,4,0.000140610933781176,0.2749330049974651,0.9980260106762239,60568,0.16666666666666666
http://digistrucmed.org/questionnaire#263_M004_01,4,0.0001404446080326694,0.277444818009063,0.9980506584302417,1589496,0.3333333333333333
http://digistrucmed.org/questionnaire#256_M003_01,4,0.00014042711826801587,0.277444818009063,0.9980506584302417,1589612,0.3333333333333333
http://digistrucmed.org/questionnaire#163_M003_01,4,0.00014028948623254697,0.277444818009063,0.9980506584302417,1589524,0.3333333333333333
http://digistrucmed.org/questionnaire#263_M003_01,4,0.0001402516714771939,0.277444818009063,0.9980506584302417,1589524,0.3333333333333333
http://digistrucmed.org/questionnaire#409_M002_01,4,0.0001399861954309962,0.277444818009063,0.9980506584302417,1588406,0.3333333333333333
http://digistrucmed.org/questionnaire#142_M002_01,4,0.00013989821836184625,0.277444818009063,0.9980506584302417,1588318,0.3333333333333333
http://digistrucmed.org/questionnaire#346_M002_01,4,0.00013976140816790913,0.277444818009063,0.9980506584302417,1588318,0.3333333333333333
http://digistrucmed.org/questionnaire#214_M003_01,4,0.0001396941763731627,0.277444818009063,0.9980506584302417,1588404,0.3333333333333333
http://digistrucmed.org/questionnaire#157_M003_01,4,0.0001396335868189035,0.277444818009063,0.9980506584302417,1588340,0.3333333333333333
http://digistrucmed.org/questionnaire#142_M003_01,4,0.00013958152371199478,0.277444818009063,0.9980506584302417,1588340,0.3333333333333333
http://digistrucmed.org/questionnaire#10080101,61,0.00013886094446823833,0.19649050157875667,0.9969391433150558,14640,0.0
http://digistrucmed.org/questionnaire#409_M010_01,4,0.0001378556389798544,0.277444818009063,0.9980506584302417,1588472,0.3333333333333333
http://digistrucmed.org/questionnaire#91_M010_01,4,0.00013775155289539055,0.277444818009063,0.9980506584302417,1588472,0.3333333333333333
http://digistrucmed.org/questionnaire#214_M004_01,4,0.0001376580384172775,0.277444818009063,0.9980506584302417,1588516,0.3333333333333333
http://digistrucmed.org/questionnaire#346_M010_01,4,0.0001376312309263348,0.277444818009063,0.9980506584302417,1588384,0.3333333333333333
http://digistrucmed.org/questionnaire#157_M004_01,4,0.00013759567680061302,0.277444818009063,0.9980506584302417,1588452,0.3333333333333333
http://digistrucmed.org/questionnaire#91_M003_01,4,0.00013733499020799622,0.277444818009063,0.9980506584302417,1588568,0.3333333333333333
http://digistrucmed.org/questionnaire#120_M004_01,4,0.00013713309033780565,0.277444818009063,0.9980506584302417,1587974,0.3333333333333333
http://digistrucmed.org/questionnaire#180_M002_01,4,0.00013455576516792372,0.277444818009063,0.9980506584302417,1591910,0.3333333333333333
http://digistrucmed.org/questionnaire#161_M002_01,4,0.0001344438390967701,0.277444818009063,0.9980506584302417,1590002,0.3333333333333333
http://digistrucmed.org/questionnaire#264_M002_01,4,0.00013439356578654854,0.277444818009063,0.9980506584302417,1591910,0.3333333333333333
http://digistrucmed.org/questionnaire#68_M002_01,4,0.00013431009539158965,0.277444818009063,0.9980506584302417,1590002,0.3333333333333333
http://digistrucmed.org/questionnaire#88_M002_01,4,0.00013428853815362693,0.277444818009063,0.9980506584302417,1589938,0.3333333333333333
http://digistrucmed.org/questionnaire#59_M002_01,4,0.00013425276627745706,0.277444818009063,0.9980506584302417,1589938,0.3333333333333333
http://digistrucmed.org/questionnaire#180_M003_01,4,0.00013423887805229478,0.277444818009063,0.9980506584302417,1591932,0.3333333333333333
http://digistrucmed.org/questionnaire#152_M002_01,4,0.00013422606510731154,0.277444818009063,0.9980506584302417,1589938,0.3333333333333333
http://digistrucmed.org/questionnaire#161_M003_01,4,0.0001341274574807311,0.277444818009063,0.9980506584302417,1590024,0.3333333333333333
http://digistrucmed.org/questionnaire#162_M003_01,4,0.00013412190699766744,0.277444818009063,0.9980506584302417,1590024,0.3333333333333333
http://digistrucmed.org/questionnaire#258_M003_01,4,0.0001340400380960806,0.277444818009063,0.9980506584302417,1590048,0.3333333333333333
http://digistrucmed.org/questionnaire#182_M003_01,4,0.00013399627917842023,0.277444818009063,0.9980506584302417,1589960,0.3333333333333333
http://digistrucmed.org/questionnaire#152_M003_01,4,0.0001339099588865338,0.277444818009063,0.9980506584302417,1589960,0.3333333333333333
http://digistrucmed.org/questionnaire#76_M010_01,4,0.00013383637297629985,0.277444818009063,0.9980506584302417,1592238,0.3333333333333333
http://digistrucmed.org/questionnaire#183_M010_01,4,0.00013381657226184274,0.277444818009063,0.9980506584302417,1592174,0.3333333333333333
http://digistrucmed.org/questionnaire#90_M010_01,4,0.0001338012149143112,0.277444818009063,0.9980506584302417,1592262,0.3333333333333333
http://digistrucmed.org/questionnaire#63_M010_01,4,0.0001337853778772983,0.277444818009063,0.9980506584302417,1592238,0.3333333333333333
http://digistrucmed.org/questionnaire#98_M010_01,4,0.00013370325249386012,0.277444818009063,0.9980506584302417,1592326,0.3333333333333333
http://digistrucmed.org/questionnaire#248_M010_01,4,0.00013370289182728566,0.277444818009063,0.9980506584302417,1592262,0.3333333333333333
http://digistrucmed.org/questionnaire#249_M010_01,4,0.00013370289182728566,0.277444818009063,0.9980506584302417,1592262,0.3333333333333333
http://digistrucmed.org/questionnaire#79_M010_01,4,0.00013370289182728536,0.277444818009063,0.9980506584302417,1592262,0.3333333333333333
http://digistrucmed.org/questionnaire#215_M010_01,4,0.00013369740381470534,0.277444818009063,0.9980506584302417,1592174,0.3333333333333333
http://digistrucmed.org/questionnaire#96_M010_01,4,0.0001336805292537728,0.277444818009063,0.9980506584302417,1592238,0.3333333333333333
http://digistrucmed.org/questionnaire#106_M010_01,4,0.00013366098506887363,0.277444818009063,0.9980506584302417,1592238,0.3333333333333333
http://digistrucmed.org/questionnaire#175_M010_01,4,0.00013364688575307537,0.277444818009063,0.9980506584302417,1592262,0.3333333333333333
http://digistrucmed.org/questionnaire#351_M010_01,4,0.00013364688575307493,0.277444818009063,0.9980506584302417,1592262,0.3333333333333333
http://digistrucmed.org/questionnaire#352_M010_01,4,0.00013364688575307493,0.277444818009063,0.9980506584302417,1592262,0.3333333333333333
http://digistrucmed.org/questionnaire#97_M010_01,4,0.00013362423335662173,0.277444818009063,0.9980506584302417,1592238,0.3333333333333333
http://digistrucmed.org/questionnaire#95_M010_01,4,0.00013362423335662167,0.277444818009063,0.9980506584302417,1592238,0.3333333333333333
http://digistrucmed.org/questionnaire#89_M010_01,4,0.00013362423335662164,0.277444818009063,0.9980506584302417,1592238,0.3333333333333333
http://digistrucmed.org/questionnaire#213_M010_01,4,0.00013362360945633908,0.277444818009063,0.9980506584302417,1592174,0.3333333333333333
http://digistrucmed.org/questionnaire#93_M010_01,4,0.00013356756831795467,0.277444818009063,0.9980506584302417,1592174,0.3333333333333333
http://digistrucmed.org/questionnaire#161_M004_01,4,0.0001332928592075093,0.277444818009063,0.9980506584302417,1590052,0.3333333333333333
http://digistrucmed.org/questionnaire#162_M004_01,4,0.00013328733324353476,0.277444818009063,0.9980506584302417,1590052,0.3333333333333333
http://digistrucmed.org/questionnaire#179_M004_01,4,0.0001331774345685937,0.277444818009063,0.9980506584302417,1590076,0.3333333333333333
http://digistrucmed.org/questionnaire#182_M004_01,4,0.00013316188725472376,0.277444818009063,0.9980506584302417,1589988,0.3333333333333333
http://digistrucmed.org/questionnaire#208_M004_01,4,0.00013310049776235681,0.277444818009063,0.9980506584302417,1590052,0.3333333333333333
http://digistrucmed.org/questionnaire#424_M004_01,4,0.00013248861509790395,0.277444818009063,0.9980506584302417,1590152,0.3333333333333333
http://digistrucmed.org/questionnaire#429_M004_01,4,0.00013248133832393058,0.277444818009063,0.9980506584302417,1590152,0.3333333333333333
http://digistrucmed.org/questionnaire#424_M002_01,4,0.00013242667103477847,0.277444818009063,0.9980506584302417,1590146,0.3333333333333333
http://digistrucmed.org/questionnaire#429_M002_01,4,0.00013241942246353767,0.277444818009063,0.9980506584302417,1590146,0.3333333333333333
http://digistrucmed.org/questionnaire#426_M004_01,4,0.00013240214949252843,0.277444818009063,0.9980506584302417,1590064,0.3333333333333333
http://digistrucmed.org/questionnaire#427_M004_01,4,0.00013240214949252843,0.277444818009063,0.9980506584302417,1590064,0.3333333333333333
http://digistrucmed.org/questionnaire#425_M004_01,4,0.00013240214949252835,0.277444818009063,0.9980506584302417,1590064,0.3333333333333333
http://digistrucmed.org/questionnaire#427_M002_01,4,0.00013234033040062518,0.277444818009063,0.9980506584302417,1590058,0.3333333333333333
http://digistrucmed.org/questionnaire#426_M002_01,4,0.00013234033040062515,0.277444818009063,0.9980506584302417,1590058,0.3333333333333333
http://digistrucmed.org/questionnaire#425_M002_01,4,0.00013234033040062507,0.277444818009063,0.9980506584302417,1590058,0.3333333333333333
http://digistrucmed.org/questionnaire#134_M010_01,4,0.0001323178743938135,0.277444818009063,0.9980506584302417,1590068,0.3333333333333333
http://digistrucmed.org/questionnaire#76_M002_01,4,0.00013226288739873738,0.277444818009063,0.9980506584302417,1592296,0.3333333333333333
http://digistrucmed.org/questionnaire#183_M002_01,4,0.0001322427726541418,0.277444818009063,0.9980506584302417,1592232,0.3333333333333333
http://digistrucmed.org/questionnaire#258_M010_01,4,0.0001322265901612095,0.277444818009063,0.9980506584302417,1590092,0.3333333333333333
http://digistrucmed.org/questionnaire#180_M004_01,4,0.0001322026461453156,0.277444818009063,0.9980506584302417,1592044,0.3333333333333333
http://digistrucmed.org/questionnaire#179_M010_01,4,0.00013219805796332482,0.277444818009063,0.9980506584302417,1590092,0.3333333333333333
http://digistrucmed.org/questionnaire#113_M002_01,4,0.00013219346345810394,0.277444818009063,0.9980506584302417,1592232,0.3333333333333333
http://digistrucmed.org/questionnaire#198_M002_01,4,0.0001321881778780917,0.277444818009063,0.9980506584302417,1592296,0.3333333333333333
http://digistrucmed.org/questionnaire#66_M002_01,4,0.00013218775313959344,0.277444818009063,0.9980506584302417,1592232,0.3333333333333333
http://digistrucmed.org/questionnaire#68_M010_01,4,0.00013218036486007363,0.277444818009063,0.9980506584302417,1590068,0.3333333333333333
http://digistrucmed.org/questionnaire#88_M010_01,4,0.00013215860974692535,0.277444818009063,0.9980506584302417,1590004,0.3333333333333333
http://digistrucmed.org/questionnaire#59_M010_01,4,0.00013212261140072015,0.277444818009063,0.9980506584302417,1590004,0.3333333333333333
http://digistrucmed.org/questionnaire#152_M010_01,4,0.0001320960794439335,0.277444818009063,0.9980506584302417,1590004,0.3333333333333333
http://digistrucmed.org/questionnaire#184_M002_01,4,0.0001320938787450168,0.277444818009063,0.9980506584302417,1592232,0.3333333333333333
http://digistrucmed.org/questionnaire#230_M010_01,4,0.00013208555181085148,0.277444818009063,0.9980506584302417,1590004,0.3333333333333333
http://digistrucmed.org/questionnaire#174_M002_01,4,0.0001320752013050215,0.277444818009063,0.9980506584302417,1592320,0.3333333333333333
http://digistrucmed.org/questionnaire#264_M004_01,4,0.00013203760772090818,0.277444818009063,0.9980506584302417,1592044,0.3333333333333333
http://digistrucmed.org/questionnaire#134_M002_01,4,0.00013203301213752977,0.277444818009063,0.9980506584302417,1590130,0.3333333333333333
http://digistrucmed.org/questionnaire#76_M003_01,4,0.0001319461892587414,0.277444818009063,0.9980506584302417,1592318,0.3333333333333333
http://digistrucmed.org/questionnaire#183_M003_01,4,0.00013192566999654053,0.277444818009063,0.9980506584302417,1592254,0.3333333333333333
http://digistrucmed.org/questionnaire#90_M003_01,4,0.00013191192536802024,0.277444818009063,0.9980506584302417,1592342,0.3333333333333333
http://digistrucmed.org/questionnaire#198_M003_01,4,0.0001318717134540028,0.277444818009063,0.9980506584302417,1592318,0.3333333333333333
http://digistrucmed.org/questionnaire#66_M003_01,4,0.00013187083177075193,0.277444818009063,0.9980506584302417,1592254,0.3333333333333333
http://digistrucmed.org/questionnaire#232_M004_01,4,0.00013186020216169093,0.277444818009063,0.9980506584302417,1590136,0.3333333333333333
http://digistrucmed.org/questionnaire#264_M003_01,4,0.0001318450157294149,0.277444818009063,0.9980506584302417,1592072,0.3333333333333333
http://digistrucmed.org/questionnaire#82_M003_01,4,0.0001318142031395783,0.277444818009063,0.9980506584302417,1592254,0.3333333333333333
http://digistrucmed.org/questionnaire#232_M002_01,4,0.00013179827603553745,0.277444818009063,0.9980506584302417,1590130,0.3333333333333333
http://digistrucmed.org/questionnaire#184_M003_01,4,0.0001317774418421168,0.277444818009063,0.9980506584302417,1592254,0.3333333333333333
http://digistrucmed.org/questionnaire#88_M003_01,4,0.00013174278310982765,0.277444818009063,0.9980506584302417,1590100,0.3333333333333333
http://digistrucmed.org/questionnaire#423_M004_01,4,0.00013171116484536426,0.277444818009063,0.9980506584302417,1589898,0.3333333333333333
http://digistrucmed.org/questionnaire#208_M003_01,4,0.00013170586080961147,0.277444818009063,0.9980506584302417,1590164,0.3333333333333333
http://digistrucmed.org/questionnaire#230_M003_01,4,0.00013166966035942893,0.277444818009063,0.9980506584302417,1590100,0.3333333333333333
http://digistrucmed.org/questionnaire#423_M002_01,4,0.00013164912531255996,0.277444818009063,0.9980506584302417,1589892,0.3333333333333333
http://digistrucmed.org/questionnaire#217_M004_01,4,0.00013115665082570713,0.277444818009063,0.9980506584302417,1591578,0.3333333333333333
http://digistrucmed.org/questionnaire#217_M002_01,4,0.00013109454283054319,0.277444818009063,0.9980506584302417,1591572,0.3333333333333333
http://digistrucmed.org/questionnaire#183_M004_01,4,0.0001310916605350829,0.277444818009063,0.9980506584302417,1592282,0.3333333333333333
http://digistrucmed.org/questionnaire#90_M004_01,4,0.0001310774710492343,0.277444818009063,0.9980506584302417,1592370,0.3333333333333333
http://digistrucmed.org/questionnaire#113_M004_01,4,0.00013104260468215352,0.277444818009063,0.9980506584302417,1592282,0.3333333333333333
http://digistrucmed.org/questionnaire#198_M004_01,4,0.0001310373340833801,0.277444818009063,0.9980506584302417,1592346,0.3333333333333333
http://digistrucmed.org/questionnaire#66_M004_01,4,0.00013103677098713208,0.277444818009063,0.9980506584302417,1592282,0.3333333333333333
http://digistrucmed.org/questionnaire#82_M004_01,4,0.00013097999803848428,0.277444818009063,0.9980506584302417,1592282,0.3333333333333333
http://digistrucmed.org/questionnaire#215_M004_01,4,0.00013097326420831394,0.277444818009063,0.9980506584302417,1592282,0.3333333333333333
http://digistrucmed.org/questionnaire#217_M003_01,4,0.00013096390179462557,0.277444818009063,0.9980506584302417,1591606,0.3333333333333333
http://digistrucmed.org/questionnaire#184_M004_01,4,0.0001309429720459714,0.277444818009063,0.9980506584302417,1592282,0.3333333333333333
http://digistrucmed.org/questionnaire#106_M004_01,4,0.00013093722035663525,0.277444818009063,0.9980506584302417,1592346,0.3333333333333333
http://digistrucmed.org/questionnaire#262_M004_01,4,0.00013090483270112983,0.277444818009063,0.9980506584302417,1592370,0.3333333333333333
http://digistrucmed.org/questionnaire#253_M004_01,4,0.00013079298097743437,0.277444818009063,0.9980506584302417,1589868,0.3333333333333333
http://digistrucmed.org/questionnaire#253_M003_01,4,0.00013060037712262426,0.277444818009063,0.9980506584302417,1589896,0.3333333333333333
http://digistrucmed.org/questionnaire#53_M010_01,4,0.00013046259268177372,0.277444818009063,0.9980506584302417,1589942,0.3333333333333333
http://digistrucmed.org/questionnaire#257_M010_01,4,0.00013042750169603258,0.277444818009063,0.9980506584302417,1589966,0.3333333333333333
http://digistrucmed.org/questionnaire#113_M010_01,4,0.0001300635389201297,0.277444818009063,0.9980506584302417,1592298,0.3333333333333333
http://digistrucmed.org/questionnaire#198_M010_01,4,0.00013005862531550888,0.277444818009063,0.9980506584302417,1592362,0.3333333333333333
http://digistrucmed.org/questionnaire#66_M010_01,4,0.000130058100662628,0.277444818009063,0.9980506584302417,1592298,0.3333333333333333
http://digistrucmed.org/questionnaire#82_M010_01,4,0.00013000142193126543,0.277444818009063,0.9980506584302417,1592298,0.3333333333333333
http://digistrucmed.org/questionnaire#184_M010_01,4,0.00012996389748567768,0.277444818009063,0.9980506584302417,1592298,0.3333333333333333
http://digistrucmed.org/questionnaire#174_M010_01,4,0.00012994472243142463,0.277444818009063,0.9980506584302417,1592386,0.3333333333333333
http://digistrucmed.org/questionnaire#262_M010_01,4,0.00012992531906140233,0.277444818009063,0.9980506584302417,1592386,0.3333333333333333
http://digistrucmed.org/questionnaire#77_M010_01,4,0.00012992513200705267,0.277444818009063,0.9980506584302417,1592386,0.3333333333333333
http://digistrucmed.org/questionnaire#76_M004_01,4,0.00012991081293587615,0.277444818009063,0.9980506584302417,1592430,0.3333333333333333
http://digistrucmed.org/questionnaire#78_M010_01,4,0.00012988906306882276,0.277444818009063,0.9980506584302417,1592386,0.3333333333333333
http://digistrucmed.org/questionnaire#74_M010_01,4,0.00012988906306882266,0.277444818009063,0.9980506584302417,1592386,0.3333333333333333
http://digistrucmed.org/questionnaire#73_M010_01,4,0.00012988906306882263,0.277444818009063,0.9980506584302417,1592386,0.3333333333333333
http://digistrucmed.org/questionnaire#56_M010_01,4,0.00012988906306882225,0.277444818009063,0.9980506584302417,1592386,0.3333333333333333
http://digistrucmed.org/questionnaire#349_M010_01,4,0.00012988906306882168,0.277444818009063,0.9980506584302417,1592386,0.3333333333333333
http://digistrucmed.org/questionnaire#350_M010_01,4,0.00012988906306882168,0.277444818009063,0.9980506584302417,1592386,0.3333333333333333
http://digistrucmed.org/questionnaire#348_M010_01,4,0.00012988906306882168,0.277444818009063,0.9980506584302417,1592386,0.3333333333333333
http://digistrucmed.org/questionnaire#347_M010_01,4,0.00012988906306882165,0.277444818009063,0.9980506584302417,1592386,0.3333333333333333
http://digistrucmed.org/questionnaire#122_M010_01,4,0.0001298890630688213,0.277444818009063,0.9980506584302417,1592386,0.3333333333333333
http://digistrucmed.org/questionnaire#63_M004_01,4,0.00012985828039030183,0.277444818009063,0.9980506584302417,1592430,0.3333333333333333
http://digistrucmed.org/questionnaire#90_M002_01,4,0.0001298117135114285,0.277444818009063,0.9980506584302417,1592448,0.3333333333333333
http://digistrucmed.org/questionnaire#63_M002_01,4,0.00012979608917404678,0.277444818009063,0.9980506584302417,1592424,0.3333333333333333
http://digistrucmed.org/questionnaire#98_M004_01,4,0.00012977453889827614,0.277444818009063,0.9980506584302417,1592518,0.3333333333333333
http://digistrucmed.org/questionnaire#249_M004_01,4,0.00012977425874656466,0.277444818009063,0.9980506584302417,1592454,0.3333333333333333
http://digistrucmed.org/questionnaire#248_M004_01,4,0.00012977425874656466,0.277444818009063,0.9980506584302417,1592454,0.3333333333333333
http://digistrucmed.org/questionnaire#79_M004_01,4,0.000129774258746564,0.277444818009063,0.9980506584302417,1592454,0.3333333333333333
http://digistrucmed.org/questionnaire#96_M004_01,4,0.00012975274072737252,0.277444818009063,0.9980506584302417,1592430,0.3333333333333333
http://digistrucmed.org/questionnaire#174_M004_01,4,0.00012971941163098424,0.277444818009063,0.9980506584302417,1592454,0.3333333333333333
http://digistrucmed.org/questionnaire#175_M004_01,4,0.00012971748230115272,0.277444818009063,0.9980506584302417,1592454,0.3333333333333333
http://digistrucmed.org/questionnaire#352_M004_01,4,0.00012971748230115204,0.277444818009063,0.9980506584302417,1592454,0.3333333333333333
http://digistrucmed.org/questionnaire#351_M004_01,4,0.00012971748230115204,0.277444818009063,0.9980506584302417,1592454,0.3333333333333333
http://digistrucmed.org/questionnaire#82_M002_01,4,0.0001297163801562631,0.277444818009063,0.9980506584302417,1592360,0.3333333333333333
http://digistrucmed.org/questionnaire#98_M002_01,4,0.0001297124491988604,0.277444818009063,0.9980506584302417,1592512,0.3333333333333333
http://digistrucmed.org/questionnaire#249_M002_01,4,0.00012971206945211965,0.277444818009063,0.9980506584302417,1592448,0.3333333333333333
http://digistrucmed.org/questionnaire#248_M002_01,4,0.00012971206945211963,0.277444818009063,0.9980506584302417,1592448,0.3333333333333333
http://digistrucmed.org/questionnaire#79_M002_01,4,0.00012971206945211898,0.277444818009063,0.9980506584302417,1592448,0.3333333333333333
http://digistrucmed.org/questionnaire#215_M002_01,4,0.00012970819371288005,0.277444818009063,0.9980506584302417,1592360,0.3333333333333333
http://digistrucmed.org/questionnaire#77_M004_01,4,0.00012969997003363243,0.277444818009063,0.9980506584302417,1592454,0.3333333333333333
http://digistrucmed.org/questionnaire#97_M004_01,4,0.00012969565641655226,0.277444818009063,0.9980506584302417,1592430,0.3333333333333333
http://digistrucmed.org/questionnaire#95_M004_01,4,0.00012969565641655223,0.277444818009063,0.9980506584302417,1592430,0.3333333333333333
http://digistrucmed.org/questionnaire#89_M004_01,4,0.00012969565641655204,0.277444818009063,0.9980506584302417,1592430,0.3333333333333333
http://digistrucmed.org/questionnaire#213_M004_01,4,0.0001296951060576143,0.277444818009063,0.9980506584302417,1592366,0.3333333333333333
http://digistrucmed.org/questionnaire#96_M002_01,4,0.00012969060477763608,0.277444818009063,0.9980506584302417,1592424,0.3333333333333333
http://digistrucmed.org/questionnaire#106_M002_01,4,0.0001296710557887748,0.277444818009063,0.9980506584302417,1592424,0.3333333333333333
http://digistrucmed.org/questionnaire#63_M003_01,4,0.0001296653274564728,0.277444818009063,0.9980506584302417,1592458,0.3333333333333333
http://digistrucmed.org/questionnaire#78_M004_01,4,0.0001296626945522196,0.277444818009063,0.9980506584302417,1592454,0.3333333333333333
http://digistrucmed.org/questionnaire#74_M004_01,4,0.0001296626945522195,0.277444818009063,0.9980506584302417,1592454,0.3333333333333333
http://digistrucmed.org/questionnaire#73_M004_01,4,0.00012966269455221948,0.277444818009063,0.9980506584302417,1592454,0.3333333333333333
http://digistrucmed.org/questionnaire#56_M004_01,4,0.0001296626945522193,0.277444818009063,0.9980506584302417,1592454,0.3333333333333333
http://digistrucmed.org/questionnaire#349_M004_01,4,0.00012966269455221862,0.277444818009063,0.9980506584302417,1592454,0.3333333333333333
http://digistrucmed.org/questionnaire#348_M004_01,4,0.00012966269455221862,0.277444818009063,0.9980506584302417,1592454,0.3333333333333333
http://digistrucmed.org/questionnaire#350_M004_01,4,0.00012966269455221862,0.277444818009063,0.9980506584302417,1592454,0.3333333333333333
http://digistrucmed.org/questionnaire#347_M004_01,4,0.0001296626945522186,0.277444818009063,0.9980506584302417,1592454,0.3333333333333333
http://digistrucmed.org/questionnaire#122_M004_01,4,0.00012966269455221848,0.277444818009063,0.9980506584302417,1592454,0.3333333333333333
http://digistrucmed.org/questionnaire#175_M002_01,4,0.0001296554398469132,0.277444818009063,0.9980506584302417,1592448,0.3333333333333333
http://digistrucmed.org/questionnaire#352_M002_01,4,0.00012965543984691237,0.277444818009063,0.9980506584302417,1592448,0.3333333333333333
http://digistrucmed.org/questionnaire#351_M002_01,4,0.00012965543984691237,0.277444818009063,0.9980506584302417,1592448,0.3333333333333333
http://digistrucmed.org/questionnaire#113_M003_01,4,0.0001296477799823028,0.277444818009063,0.9980506584302417,1592394,0.3333333333333333
http://digistrucmed.org/questionnaire#93_M004_01,4,0.00012963829493521423,0.277444818009063,0.9980506584302417,1592366,0.3333333333333333
http://digistrucmed.org/questionnaire#77_M002_01,4,0.00012963790053551068,0.277444818009063,0.9980506584302417,1592448,0.3333333333333333
http://digistrucmed.org/questionnaire#262_M002_01,4,0.00012963788815307115,0.277444818009063,0.9980506584302417,1592448,0.3333333333333333
http://digistrucmed.org/questionnaire#97_M002_01,4,0.00012963366581600182,0.277444818009063,0.9980506584302417,1592424,0.3333333333333333
http://digistrucmed.org/questionnaire#95_M002_01,4,0.00012963366581600174,0.277444818009063,0.9980506584302417,1592424,0.3333333333333333
http://digistrucmed.org/questionnaire#89_M002_01,4,0.00012963366581600155,0.277444818009063,0.9980506584302417,1592424,0.3333333333333333
http://digistrucmed.org/questionnaire#213_M002_01,4,0.00012963301732872188,0.277444818009063,0.9980506584302417,1592360,0.3333333333333333
http://digistrucmed.org/questionnaire#78_M002_01,4,0.00012960069374162025,0.277444818009063,0.9980506584302417,1592448,0.3333333333333333
http://digistrucmed.org/questionnaire#74_M002_01,4,0.0001296006937416201,0.277444818009063,0.9980506584302417,1592448,0.3333333333333333
http://digistrucmed.org/questionnaire#73_M002_01,4,0.00012960069374162004,0.277444818009063,0.9980506584302417,1592448,0.3333333333333333
http://digistrucmed.org/questionnaire#56_M002_01,4,0.0001296006937416198,0.277444818009063,0.9980506584302417,1592448,0.3333333333333333
http://digistrucmed.org/questionnaire#349_M002_01,4,0.00012960069374161903,0.277444818009063,0.9980506584302417,1592448,0.3333333333333333
http://digistrucmed.org/questionnaire#350_M002_01,4,0.000129600693741619,0.277444818009063,0.9980506584302417,1592448,0.3333333333333333
http://digistrucmed.org/questionnaire#348_M002_01,4,0.000129600693741619,0.277444818009063,0.9980506584302417,1592448,0.3333333333333333
http://digistrucmed.org/questionnaire#347_M002_01,4,0.000129600693741619,0.277444818009063,0.9980506584302417,1592448,0.3333333333333333
http://digistrucmed.org/questionnaire#122_M002_01,4,0.00012960069374161884,0.277444818009063,0.9980506584302417,1592448,0.3333333333333333
http://digistrucmed.org/questionnaire#98_M003_01,4,0.00012958196338875625,0.277444818009063,0.9980506584302417,1592546,0.3333333333333333
http://digistrucmed.org/questionnaire#248_M003_01,4,0.00012958155845868525,0.277444818009063,0.9980506584302417,1592482,0.3333333333333333
http://digistrucmed.org/questionnaire#249_M003_01,4,0.00012958155845868525,0.277444818009063,0.9980506584302417,1592482,0.3333333333333333
http://digistrucmed.org/questionnaire#79_M003_01,4,0.0001295815584586847,0.277444818009063,0.9980506584302417,1592482,0.3333333333333333
http://digistrucmed.org/questionnaire#215_M003_01,4,0.00012957738619557354,0.277444818009063,0.9980506584302417,1592394,0.3333333333333333
http://digistrucmed.org/questionnaire#93_M002_01,4,0.00012957634914669377,0.277444818009063,0.9980506584302417,1592360,0.3333333333333333
http://digistrucmed.org/questionnaire#96_M003_01,4,0.00012955999393016824,0.277444818009063,0.9980506584302417,1592458,0.3333333333333333
http://digistrucmed.org/questionnaire#106_M003_01,4,0.00012954037354151056,0.277444818009063,0.9980506584302417,1592458,0.3333333333333333
http://digistrucmed.org/questionnaire#174_M003_01,4,0.00012952658643309708,0.277444818009063,0.9980506584302417,1592482,0.3333333333333333
http://digistrucmed.org/questionnaire#175_M003_01,4,0.00012952492594111206,0.277444818009063,0.9980506584302417,1592482,0.3333333333333333
http://digistrucmed.org/questionnaire#351_M003_01,4,0.00012952492594111122,0.277444818009063,0.9980506584302417,1592482,0.3333333333333333
http://digistrucmed.org/questionnaire#352_M003_01,4,0.00012952492594111122,0.277444818009063,0.9980506584302417,1592482,0.3333333333333333
http://digistrucmed.org/questionnaire#262_M003_01,4,0.00012950708497827708,0.277444818009063,0.9980506584302417,1592482,0.3333333333333333
http://digistrucmed.org/questionnaire#77_M003_01,4,0.00012950706981392786,0.277444818009063,0.9980506584302417,1592482,0.3333333333333333
http://digistrucmed.org/questionnaire#95_M003_01,4,0.00012950305613430833,0.277444818009063,0.9980506584302417,1592458,0.3333333333333333
http://digistrucmed.org/questionnaire#97_M003_01,4,0.00012950305613430833,0.277444818009063,0.9980506584302417,1592458,0.3333333333333333
http://digistrucmed.org/questionnaire#89_M003_01,4,0.00012950305613430822,0.277444818009063,0.9980506584302417,1592458,0.3333333333333333
http://digistrucmed.org/questionnaire#213_M003_01,4,0.00012950238028347591,0.277444818009063,0.9980506584302417,1592394,0.3333333333333333
http://digistrucmed.org/questionnaire#78_M003_01,4,0.00012946996288355656,0.277444818009063,0.9980506584302417,1592482,0.3333333333333333
http://digistrucmed.org/questionnaire#73_M003_01,4,0.00012946996288355653,0.277444818009063,0.9980506584302417,1592482,0.3333333333333333
http://digistrucmed.org/questionnaire#74_M003_01,4,0.0001294699628835565,0.277444818009063,0.9980506584302417,1592482,0.3333333333333333
http://digistrucmed.org/questionnaire#56_M003_01,4,0.0001294699628835562,0.277444818009063,0.9980506584302417,1592482,0.3333333333333333
http://digistrucmed.org/questionnaire#350_M003_01,4,0.00012946996288355534,0.277444818009063,0.9980506584302417,1592482,0.3333333333333333
http://digistrucmed.org/questionnaire#348_M003_01,4,0.0001294699628835553,0.277444818009063,0.9980506584302417,1592482,0.3333333333333333
http://digistrucmed.org/questionnaire#349_M003_01,4,0.0001294699628835553,0.277444818009063,0.9980506584302417,1592482,0.3333333333333333
http://digistrucmed.org/questionnaire#347_M003_01,4,0.00012946996288355528,0.277444818009063,0.9980506584302417,1592482,0.3333333333333333
http://digistrucmed.org/questionnaire#122_M003_01,4,0.00012946996288355506,0.277444818009063,0.9980506584302417,1592482,0.3333333333333333
http://digistrucmed.org/questionnaire#93_M003_01,4,0.0001294457119235951,0.277444818009063,0.9980506584302417,1592394,0.3333333333333333
http://digistrucmed.org/questionnaire#83_M002_01,4,0.00012939296672351714,0.277444818009063,0.9980506584302417,1588380,0.3333333333333333
http://digistrucmed.org/questionnaire#193_M002_01,4,0.000129336241709276,0.277444818009063,0.9980506584302417,1588404,0.3333333333333333
http://digistrucmed.org/questionnaire#67_M002_01,4,0.0001289585008884529,0.277444818009063,0.9980506584302417,1590000,0.3333333333333333
http://digistrucmed.org/questionnaire#69_M002_01,4,0.00012889068431281962,0.277444818009063,0.9980506584302417,1590000,0.3333333333333333
http://digistrucmed.org/questionnaire#247_M002_01,4,0.00012883429858365623,0.277444818009063,0.9980506584302417,1590000,0.3333333333333333
http://digistrucmed.org/questionnaire#218_M002_01,4,0.00012882848585309207,0.277444818009063,0.9980506584302417,1590000,0.3333333333333333
http://digistrucmed.org/questionnaire#67_M003_01,4,0.00012864221024701087,0.277444818009063,0.9980506584302417,1590022,0.3333333333333333
http://digistrucmed.org/questionnaire#69_M003_01,4,0.0001285742080173054,0.277444818009063,0.9980506584302417,1590022,0.3333333333333333
http://digistrucmed.org/questionnaire#53_M003_01,4,0.00012857239996750476,0.277444818009063,0.9980506584302417,1590022,0.3333333333333333
http://digistrucmed.org/questionnaire#257_M003_01,4,0.00012853768663327703,0.277444818009063,0.9980506584302417,1590046,0.3333333333333333
http://digistrucmed.org/questionnaire#87_M003_01,4,0.00012852774123934795,0.277444818009063,0.9980506584302417,1589958,0.3333333333333333
http://digistrucmed.org/questionnaire#86_M003_01,4,0.00012849248793717096,0.277444818009063,0.9980506584302417,1590022,0.3333333333333333
http://digistrucmed.org/questionnaire#395_M003_01,4,0.00012842985703007497,0.277444818009063,0.9980506584302417,1589958,0.3333333333333333
http://digistrucmed.org/questionnaire#397_M003_01,4,0.00012842985703007497,0.277444818009063,0.9980506584302417,1589958,0.3333333333333333
http://digistrucmed.org/questionnaire#396_M003_01,4,0.00012842985703007497,0.277444818009063,0.9980506584302417,1589958,0.3333333333333333
http://digistrucmed.org/questionnaire#393_M003_01,4,0.00012842985703007495,0.277444818009063,0.9980506584302417,1589958,0.3333333333333333
http://digistrucmed.org/questionnaire#391_M003_01,4,0.00012842985703007492,0.277444818009063,0.9980506584302417,1589958,0.3333333333333333
http://digistrucmed.org/questionnaire#193_M004_01,4,0.00012818539048468976,0.277444818009063,0.9980506584302417,1588454,0.3333333333333333
http://digistrucmed.org/questionnaire#70_M004_01,4,0.00012813821519592827,0.277444818009063,0.9980506584302417,1588454,0.3333333333333333
http://digistrucmed.org/questionnaire#143_M004_01,4,0.00012785324273126525,0.277444818009063,0.9980506584302417,1590354,0.3333333333333333
http://digistrucmed.org/questionnaire#143_M002_01,4,0.00012779128547263252,0.277444818009063,0.9980506584302417,1590348,0.3333333333333333
http://digistrucmed.org/questionnaire#173_M004_01,4,0.00012777406684043457,0.277444818009063,0.9980506584302417,1590266,0.3333333333333333
http://digistrucmed.org/questionnaire#171_M004_01,4,0.00012777406684043443,0.277444818009063,0.9980506584302417,1590266,0.3333333333333333
http://digistrucmed.org/questionnaire#187_M004_01,4,0.00012776689371637269,0.277444818009063,0.9980506584302417,1590266,0.3333333333333333
http://digistrucmed.org/questionnaire#186_M004_01,4,0.00012776689371637266,0.277444818009063,0.9980506584302417,1590266,0.3333333333333333
http://digistrucmed.org/questionnaire#220_M004_01,4,0.00012774307696229286,0.277444818009063,0.9980506584302417,1590138,0.3333333333333333
http://digistrucmed.org/questionnaire#173_M002_01,4,0.00012771220627185302,0.277444818009063,0.9980506584302417,1590260,0.3333333333333333
http://digistrucmed.org/questionnaire#171_M002_01,4,0.0001277122062718529,0.277444818009063,0.9980506584302417,1590260,0.3333333333333333
http://digistrucmed.org/questionnaire#187_M002_01,4,0.00012770508474918205,0.277444818009063,0.9980506584302417,1590260,0.3333333333333333
http://digistrucmed.org/questionnaire#186_M002_01,4,0.000127705084749182,0.277444818009063,0.9980506584302417,1590260,0.3333333333333333
http://digistrucmed.org/questionnaire#143_M003_01,4,0.00012766067550975033,0.277444818009063,0.9980506584302417,1590382,0.3333333333333333
http://digistrucmed.org/questionnaire#86_M004_01,4,0.00012765802789124604,0.277444818009063,0.9980506584302417,1590050,0.3333333333333333
http://digistrucmed.org/questionnaire#172_M004_01,4,0.00012761970055168162,0.277444818009063,0.9980506584302417,1590050,0.3333333333333333
http://digistrucmed.org/questionnaire#396_M004_01,4,0.0001275954118345747,0.277444818009063,0.9980506584302417,1589986,0.3333333333333333
http://digistrucmed.org/questionnaire#395_M004_01,4,0.0001275954118345747,0.277444818009063,0.9980506584302417,1589986,0.3333333333333333
http://digistrucmed.org/questionnaire#393_M004_01,4,0.0001275954118345747,0.277444818009063,0.9980506584302417,1589986,0.3333333333333333
http://digistrucmed.org/questionnaire#391_M004_01,4,0.0001275954118345747,0.277444818009063,0.9980506584302417,1589986,0.3333333333333333
http://digistrucmed.org/questionnaire#397_M004_01,4,0.0001275954118345747,0.277444818009063,0.9980506584302417,1589986,0.3333333333333333
http://digistrucmed.org/questionnaire#173_M003_01,4,0.00012758147241173447,0.277444818009063,0.9980506584302417,1590294,0.3333333333333333
http://digistrucmed.org/questionnaire#171_M003_01,4,0.0001275814724117344,0.277444818009063,0.9980506584302417,1590294,0.3333333333333333
http://digistrucmed.org/questionnaire#187_M003_01,4,0.00012757433177578453,0.277444818009063,0.9980506584302417,1590294,0.3333333333333333
http://digistrucmed.org/questionnaire#186_M003_01,4,0.00012757433177578453,0.277444818009063,0.9980506584302417,1590294,0.3333333333333333
http://digistrucmed.org/questionnaire#389_M004_01,4,0.00012753356959210955,0.277444818009063,0.9980506584302417,1589986,0.3333333333333333
http://digistrucmed.org/questionnaire#83_M010_01,4,0.00012726335700658767,0.277444818009063,0.9980506584302417,1588446,0.3333333333333333
http://digistrucmed.org/questionnaire#193_M010_01,4,0.0001272058339688401,0.277444818009063,0.9980506584302417,1588470,0.3333333333333333
http://digistrucmed.org/questionnaire#70_M002_01,4,0.00012687200102764866,0.277444818009063,0.9980506584302417,1588532,0.3333333333333333
http://digistrucmed.org/questionnaire#83_M003_01,4,0.00012684765868497492,0.277444818009063,0.9980506584302417,1588542,0.3333333333333333
http://digistrucmed.org/questionnaire#67_M010_01,4,0.0001268292360629174,0.277444818009063,0.9980506584302417,1590066,0.3333333333333333
http://digistrucmed.org/questionnaire#220_M010_01,4,0.00012676405573001218,0.277444818009063,0.9980506584302417,1590154,0.3333333333333333
http://digistrucmed.org/questionnaire#69_M010_01,4,0.00012676144043786953,0.277444818009063,0.9980506584302417,1590066,0.3333333333333333
http://digistrucmed.org/questionnaire#70_M003_01,4,0.00012674121398369314,0.277444818009063,0.9980506584302417,1588566,0.3333333333333333
http://digistrucmed.org/questionnaire#87_M010_01,4,0.00012671446151701695,0.277444818009063,0.9980506584302417,1590002,0.3333333333333333
http://digistrucmed.org/questionnaire#247_M010_01,4,0.0001267048066635794,0.277444818009063,0.9980506584302417,1590066,0.3333333333333333
http://digistrucmed.org/questionnaire#218_M010_01,4,0.00012669898289936583,0.277444818009063,0.9980506584302417,1590066,0.3333333333333333
http://digistrucmed.org/questionnaire#86_M010_01,4,0.0001266796900154263,0.277444818009063,0.9980506584302417,1590066,0.3333333333333333
http://digistrucmed.org/questionnaire#396_M010_01,4,0.0001266165125297653,0.277444818009063,0.9980506584302417,1590002,0.3333333333333333
http://digistrucmed.org/questionnaire#393_M010_01,4,0.0001266165125297653,0.277444818009063,0.9980506584302417,1590002,0.3333333333333333
http://digistrucmed.org/questionnaire#391_M010_01,4,0.0001266165125297653,0.277444818009063,0.9980506584302417,1590002,0.3333333333333333
http://digistrucmed.org/questionnaire#397_M010_01,4,0.0001266165125297653,0.277444818009063,0.9980506584302417,1590002,0.3333333333333333
http://digistrucmed.org/questionnaire#395_M010_01,4,0.00012661651252976526,0.277444818009063,0.9980506584302417,1590002,0.3333333333333333
http://digistrucmed.org/questionnaire#323_M010_01,4,0.00012656011271022102,0.277444818009063,0.9980506584302417,1590090,0.3333333333333333
http://digistrucmed.org/questionnaire#389_M010_01,4,0.00012655437666554703,0.277444818009063,0.9980506584302417,1590002,0.3333333333333333
http://digistrucmed.org/questionnaire#247_M004_01,4,0.0001264815754927301,0.277444818009063,0.9980506584302417,1590134,0.3333333333333333
http://digistrucmed.org/questionnaire#220_M002_01,4,0.00012647841227953431,0.277444818009063,0.9980506584302417,1590216,0.3333333333333333
http://digistrucmed.org/questionnaire#53_M002_01,4,0.0001264746434177583,0.277444818009063,0.9980506584302417,1590128,0.3333333333333333
http://digistrucmed.org/questionnaire#257_M002_01,4,0.00012643792225515703,0.277444818009063,0.9980506584302417,1590152,0.3333333333333333
http://digistrucmed.org/questionnaire#144_M004_01,4,0.00012643220067021083,0.277444818009063,0.9980506584302417,1590158,0.3333333333333333
http://digistrucmed.org/questionnaire#87_M002_01,4,0.00012642969399765614,0.277444818009063,0.9980506584302417,1590064,0.3333333333333333
http://digistrucmed.org/questionnaire#124_M004_01,4,0.0001264001622508467,0.277444818009063,0.9980506584302417,1590158,0.3333333333333333
http://digistrucmed.org/questionnaire#86_M002_01,4,0.0001263950060544173,0.277444818009063,0.9980506584302417,1590128,0.3333333333333333
http://digistrucmed.org/questionnaire#202_M004_01,4,0.00012637544393830186,0.277444818009063,0.9980506584302417,1590158,0.3333333333333333
http://digistrucmed.org/questionnaire#144_M002_01,4,0.00012637009940743847,0.277444818009063,0.9980506584302417,1590152,0.3333333333333333
http://digistrucmed.org/questionnaire#172_M002_01,4,0.00012635425031359382,0.277444818009063,0.9980506584302417,1590128,0.3333333333333333
http://digistrucmed.org/questionnaire#220_M003_01,4,0.00012634729058256679,0.277444818009063,0.9980506584302417,1590250,0.3333333333333333
http://digistrucmed.org/questionnaire#224_M004_01,4,0.00012634344764441297,0.277444818009063,0.9980506584302417,1590158,0.3333333333333333
http://digistrucmed.org/questionnaire#203_M004_01,4,0.00012634344764441297,0.277444818009063,0.9980506584302417,1590158,0.3333333333333333
http://digistrucmed.org/questionnaire#125_M004_01,4,0.00012634344764441173,0.277444818009063,0.9980506584302417,1590158,0.3333333333333333
http://digistrucmed.org/questionnaire#124_M002_01,4,0.00012633801776237635,0.277444818009063,0.9980506584302417,1590152,0.3333333333333333
http://digistrucmed.org/questionnaire#323_M004_01,4,0.00012633471108706036,0.277444818009063,0.9980506584302417,1590158,0.3333333333333333
http://digistrucmed.org/questionnaire#94_M004_01,4,0.00012632169580231083,0.277444818009063,0.9980506584302417,1590134,0.3333333333333333
http://digistrucmed.org/questionnaire#153_M004_01,4,0.00012632106593910418,0.277444818009063,0.9980506584302417,1590070,0.3333333333333333
http://digistrucmed.org/questionnaire#202_M002_01,4,0.00012631348949140305,0.277444818009063,0.9980506584302417,1590152,0.3333333333333333
http://digistrucmed.org/questionnaire#247_M003_01,4,0.00012628831809609523,0.277444818009063,0.9980506584302417,1590162,0.3333333333333333
http://digistrucmed.org/questionnaire#218_M003_01,4,0.00012628352253727838,0.277444818009063,0.9980506584302417,1590162,0.3333333333333333
http://digistrucmed.org/questionnaire#203_M002_01,4,0.00012628144989478346,0.277444818009063,0.9980506584302417,1590152,0.3333333333333333
http://digistrucmed.org/questionnaire#224_M002_01,4,0.00012628144989478343,0.277444818009063,0.9980506584302417,1590152,0.3333333333333333
http://digistrucmed.org/questionnaire#125_M002_01,4,0.0001262814498947819,0.277444818009063,0.9980506584302417,1590152,0.3333333333333333
http://digistrucmed.org/questionnaire#72_M004_01,4,0.00012626431502641948,0.277444818009063,0.9980506584302417,1590070,0.3333333333333333
http://digistrucmed.org/questionnaire#154_M004_01,4,0.00012626431502641891,0.277444818009063,0.9980506584302417,1590070,0.3333333333333333
http://digistrucmed.org/questionnaire#94_M002_01,4,0.00012625975000378256,0.277444818009063,0.9980506584302417,1590128,0.3333333333333333
http://digistrucmed.org/questionnaire#153_M002_01,4,0.0001262590219648013,0.277444818009063,0.9980506584302417,1590064,0.3333333333333333
http://digistrucmed.org/questionnaire#144_M003_01,4,0.0001262394483048227,0.277444818009063,0.9980506584302417,1590186,0.3333333333333333
http://digistrucmed.org/questionnaire#172_M003_01,4,0.0001262235037027689,0.277444818009063,0.9980506584302417,1590162,0.3333333333333333
http://digistrucmed.org/questionnaire#124_M003_01,4,0.00012620744734397667,0.277444818009063,0.9980506584302417,1590186,0.3333333333333333
http://digistrucmed.org/questionnaire#72_M002_01,4,0.00012620241394119348,0.277444818009063,0.9980506584302417,1590064,0.3333333333333333
http://digistrucmed.org/questionnaire#154_M002_01,4,0.0001262024139411929,0.277444818009063,0.9980506584302417,1590064,0.3333333333333333
http://digistrucmed.org/questionnaire#202_M003_01,4,0.00012618283481541262,0.277444818009063,0.9980506584302417,1590186,0.3333333333333333
http://digistrucmed.org/questionnaire#203_M003_01,4,0.00012615087532306962,0.277444818009063,0.9980506584302417,1590186,0.3333333333333333
http://digistrucmed.org/questionnaire#224_M003_01,4,0.00012615087532306962,0.277444818009063,0.9980506584302417,1590186,0.3333333333333333
http://digistrucmed.org/questionnaire#125_M003_01,4,0.00012615087532306802,0.277444818009063,0.9980506584302417,1590186,0.3333333333333333
http://digistrucmed.org/questionnaire#323_M003_01,4,0.00012614187534243083,0.277444818009063,0.9980506584302417,1590186,0.3333333333333333
http://digistrucmed.org/questionnaire#389_M003_01,4,0.00012613825383955515,0.277444818009063,0.9980506584302417,1590098,0.3333333333333333
http://digistrucmed.org/questionnaire#94_M003_01,4,0.00012612907851536259,0.277444818009063,0.9980506584302417,1590162,0.3333333333333333
http://digistrucmed.org/questionnaire#153_M003_01,4,0.00012612832430634362,0.277444818009063,0.9980506584302417,1590098,0.3333333333333333
http://digistrucmed.org/questionnaire#72_M003_01,4,0.00012607171491391554,0.277444818009063,0.9980506584302417,1590098,0.3333333333333333
http://digistrucmed.org/questionnaire#154_M003_01,4,0.00012607171491391475,0.277444818009063,0.9980506584302417,1590098,0.3333333333333333
http://digistrucmed.org/questionnaire#307_SU01_09,4,0.00012504439333787184,0.22976817383935597,0.9974908586409899,800858,0.3333333333333333
http://digistrucmed.org/questionnaire#343_SU01_01,4,0.0001249062328646228,0.22976817383935597,0.9974908586409899,805504,0.3333333333333333
http://digistrucmed.org/questionnaire#30140001,4,0.00012367884424569004,0.23948015898050595,0.9976229706025252,20924,0.0
http://digistrucmed.org/questionnaire#30130001,4,0.00012364773050666417,0.23948015898050595,0.9976229706025252,20924,0.0
http://digistrucmed.org/questionnaire#430_SU01_06,4,0.00012297964754738884,0.22976817383935597,0.9974908586409899,805540,0.3333333333333333
http://digistrucmed.org/questionnaire#354_UM18,4,0.00012289916626711037,0.2818742110343804,0.9980930525671523,25626,0.3333333333333333
http://digistrucmed.org/questionnaire#30120001,4,0.00012272781594031853,0.23944994638238823,0.997622576238461,20302,0.0
http://digistrucmed.org/questionnaire#115_SU01_06,4,0.00011882319335489766,0.22976817383935597,0.9974908586409899,802162,0.3333333333333333
http://digistrucmed.org/questionnaire#335_SU01_09,4,0.00011858868027586718,0.22976817383935597,0.9974908586409899,800858,0.3333333333333333
http://digistrucmed.org/questionnaire#336_SU01_10,4,0.00011816057676688721,0.21529038112522686,0.9972717894032799,2393778,0.16666666666666666
http://digistrucmed.org/questionnaire#336_SU01_09,4,0.00011816057676688716,0.21529038112522686,0.9972717894032799,2393778,0.16666666666666666
http://digistrucmed.org/questionnaire#336_SU01_08,4,0.00011816057676688712,0.21529038112522686,0.9972717894032799,2393778,0.16666666666666666
http://digistrucmed.org/questionnaire#336_SU01_07,4,0.00011816057676688705,0.21529038112522686,0.9972717894032799,2393778,0.16666666666666666
http://digistrucmed.org/questionnaire#336_SU01_06,4,0.00011816057676688701,0.21529038112522686,0.9972717894032799,2393778,0.16666666666666666
http://digistrucmed.org/questionnaire#336_SU01_05,4,0.00011816057676688694,0.21529038112522686,0.9972717894032799,2393778,0.16666666666666666
http://digistrucmed.org/questionnaire#336_SU01_04,4,0.00011816057676688689,0.21529038112522686,0.9972717894032799,2393778,0.16666666666666666
http://digistrucmed.org/questionnaire#336_SU01_03,4,0.00011816057676688683,0.21529038112522686,0.9972717894032799,2393778,0.16666666666666666
http://digistrucmed.org/questionnaire#336_SU01_02,4,0.00011816057676688678,0.21529038112522686,0.9972717894032799,2393778,0.16666666666666666
http://digistrucmed.org/questionnaire#336_SU01_01,4,0.0001181605767668867,0.21529038112522686,0.9972717894032799,2393778,0.16666666666666666
http://digistrucmed.org/questionnaire#375_SU01_10,4,0.00011816057676688635,0.21529038112522686,0.9972717894032799,2393778,0.16666666666666666
http://digistrucmed.org/questionnaire#376_SU01_10,4,0.0001181605767668863,0.21529038112522686,0.9972717894032799,2393778,0.16666666666666666
http://digistrucmed.org/questionnaire#375_SU01_09,4,0.00011816057676688629,0.21529038112522686,0.9972717894032799,2393778,0.16666666666666666
http://digistrucmed.org/questionnaire#376_SU01_09,4,0.00011816057676688627,0.21529038112522686,0.9972717894032799,2393778,0.16666666666666666
http://digistrucmed.org/questionnaire#375_SU01_08,4,0.00011816057676688625,0.21529038112522686,0.9972717894032799,2393778,0.16666666666666666
http://digistrucmed.org/questionnaire#381_SU01_10,4,0.00011816057676688625,0.21529038112522686,0.9972717894032799,2393778,0.16666666666666666
http://digistrucmed.org/questionnaire#376_SU01_08,4,0.00011816057676688622,0.21529038112522686,0.9972717894032799,2393778,0.16666666666666666
http://digistrucmed.org/questionnaire#381_SU01_09,4,0.0001181605767668862,0.21529038112522686,0.9972717894032799,2393778,0.16666666666666666
http://digistrucmed.org/questionnaire#381_SU01_08,4,0.00011816057676688617,0.21529038112522686,0.9972717894032799,2393778,0.16666666666666666
http://digistrucmed.org/questionnaire#375_SU01_07,4,0.00011816057676688617,0.21529038112522686,0.9972717894032799,2393778,0.16666666666666666
http://digistrucmed.org/questionnaire#376_SU01_07,4,0.00011816057676688616,0.21529038112522686,0.9972717894032799,2393778,0.16666666666666666
http://digistrucmed.org/questionnaire#375_SU01_06,4,0.00011816057676688613,0.21529038112522686,0.9972717894032799,2393778,0.16666666666666666
http://digistrucmed.org/questionnaire#384_SU01_10,4,0.00011816057676688613,0.21529038112522686,0.9972717894032799,2393778,0.16666666666666666
http://digistrucmed.org/questionnaire#376_SU01_06,4,0.0001181605767668861,0.21529038112522686,0.9972717894032799,2393778,0.16666666666666666
http://digistrucmed.org/questionnaire#384_SU01_09,4,0.00011816057676688609,0.21529038112522686,0.9972717894032799,2393778,0.16666666666666666
http://digistrucmed.org/questionnaire#381_SU01_07,4,0.00011816057676688609,0.21529038112522686,0.9972717894032799,2393778,0.16666666666666666
http://digistrucmed.org/questionnaire#375_SU01_05,4,0.00011816057676688608,0.21529038112522686,0.9972717894032799,2393778,0.16666666666666666
http://digistrucmed.org/questionnaire#376_SU01_05,4,0.00011816057676688604,0.21529038112522686,0.9972717894032799,2393778,0.16666666666666666
http://digistrucmed.org/questionnaire#384_SU01_08,4,0.00011816057676688604,0.21529038112522686,0.9972717894032799,2393778,0.16666666666666666
http://digistrucmed.org/questionnaire#381_SU01_06,4,0.00011816057676688604,0.21529038112522686,0.9972717894032799,2393778,0.16666666666666666
http://digistrucmed.org/questionnaire#375_SU01_04,4,0.00011816057676688602,0.21529038112522686,0.9972717894032799,2393778,0.16666666666666666
http://digistrucmed.org/questionnaire#376_SU01_04,4,0.00011816057676688601,0.21529038112522686,0.9972717894032799,2393778,0.16666666666666666
http://digistrucmed.org/questionnaire#381_SU01_05,4,0.00011816057676688598,0.21529038112522686,0.9972717894032799,2393778,0.16666666666666666
http://digistrucmed.org/questionnaire#375_SU01_03,4,0.00011816057676688598,0.21529038112522686,0.9972717894032799,2393778,0.16666666666666666
http://digistrucmed.org/questionnaire#384_SU01_07,4,0.00011816057676688598,0.21529038112522686,0.9972717894032799,2393778,0.16666666666666666
http://digistrucmed.org/questionnaire#376_SU01_03,4,0.00011816057676688594,0.21529038112522686,0.9972717894032799,2393778,0.16666666666666666
http://digistrucmed.org/questionnaire#381_SU01_04,4,0.00011816057676688594,0.21529038112522686,0.9972717894032799,2393778,0.16666666666666666
http://digistrucmed.org/questionnaire#384_SU01_06,4,0.00011816057676688593,0.21529038112522686,0.9972717894032799,2393778,0.16666666666666666
http://digistrucmed.org/questionnaire#375_SU01_02,4,0.00011816057676688591,0.21529038112522686,0.9972717894032799,2393778,0.16666666666666666
http://digistrucmed.org/questionnaire#381_SU01_03,4,0.00011816057676688589,0.21529038112522686,0.9972717894032799,2393778,0.16666666666666666
http://digistrucmed.org/questionnaire#376_SU01_02,4,0.00011816057676688589,0.21529038112522686,0.9972717894032799,2393778,0.16666666666666666
http://digistrucmed.org/questionnaire#384_SU01_05,4,0.00011816057676688587,0.21529038112522686,0.9972717894032799,2393778,0.16666666666666666
http://digistrucmed.org/questionnaire#375_SU01_01,4,0.00011816057676688583,0.21529038112522686,0.9972717894032799,2393778,0.16666666666666666
http://digistrucmed.org/questionnaire#381_SU01_02,4,0.00011816057676688583,0.21529038112522686,0.9972717894032799,2393778,0.16666666666666666
http://digistrucmed.org/questionnaire#384_SU01_04,4,0.00011816057676688582,0.21529038112522686,0.9972717894032799,2393778,0.16666666666666666
http://digistrucmed.org/questionnaire#376_SU01_01,4,0.00011816057676688582,0.21529038112522686,0.9972717894032799,2393778,0.16666666666666666
http://digistrucmed.org/questionnaire#384_SU01_03,4,0.00011816057676688578,0.21529038112522686,0.9972717894032799,2393778,0.16666666666666666
http://digistrucmed.org/questionnaire#381_SU01_01,4,0.00011816057676688576,0.21529038112522686,0.9972717894032799,2393778,0.16666666666666666
http://digistrucmed.org/questionnaire#384_SU01_02,4,0.00011816057676688571,0.21529038112522686,0.9972717894032799,2393778,0.16666666666666666
http://digistrucmed.org/questionnaire#384_SU01_01,4,0.00011816057676688563,0.21529038112522686,0.9972717894032799,2393778,0.16666666666666666
http://digistrucmed.org/questionnaire#48_SU01_10,4,0.00011816057676688552,0.21529038112522686,0.9972717894032799,2393778,0.16666666666666666
http://digistrucmed.org/questionnaire#48_SU01_09,4,0.00011816057676688548,0.21529038112522686,0.9972717894032799,2393778,0.16666666666666666
http://digistrucmed.org/questionnaire#48_SU01_08,4,0.00011816057676688544,0.21529038112522686,0.9972717894032799,2393778,0.16666666666666666
http://digistrucmed.org/questionnaire#199_SU01_10,4,0.00011816057676688543,0.21529038112522686,0.9972717894032799,2393778,0.16666666666666666
http://digistrucmed.org/questionnaire#192_SU01_10,4,0.00011816057676688543,0.21529038112522686,0.9972717894032799,2393778,0.16666666666666666
http://digistrucmed.org/questionnaire#199_SU01_09,4,0.00011816057676688538,0.21529038112522686,0.9972717894032799,2393778,0.16666666666666666
http://digistrucmed.org/questionnaire#192_SU01_09,4,0.00011816057676688538,0.21529038112522686,0.9972717894032799,2393778,0.16666666666666666
http://digistrucmed.org/questionnaire#48_SU01_07,4,0.00011816057676688536,0.21529038112522686,0.9972717894032799,2393778,0.16666666666666666
http://digistrucmed.org/questionnaire#192_SU01_08,4,0.00011816057676688533,0.21529038112522686,0.9972717894032799,2393778,0.16666666666666666
http://digistrucmed.org/questionnaire#199_SU01_08,4,0.00011816057676688533,0.21529038112522686,0.9972717894032799,2393778,0.16666666666666666
http://digistrucmed.org/questionnaire#48_SU01_06,4,0.00011816057676688532,0.21529038112522686,0.9972717894032799,2393778,0.16666666666666666
http://digistrucmed.org/questionnaire#48_SU01_05,4,0.00011816057676688525,0.21529038112522686,0.9972717894032799,2393778,0.16666666666666666
http://digistrucmed.org/questionnaire#199_SU01_07,4,0.00011816057676688525,0.21529038112522686,0.9972717894032799,2393778,0.16666666666666666
http://digistrucmed.org/questionnaire#192_SU01_07,4,0.00011816057676688525,0.21529038112522686,0.9972717894032799,2393778,0.16666666666666666
http://digistrucmed.org/questionnaire#192_SU01_06,4,0.00011816057676688522,0.21529038112522686,0.9972717894032799,2393778,0.16666666666666666
http://digistrucmed.org/questionnaire#199_SU01_06,4,0.00011816057676688522,0.21529038112522686,0.9972717894032799,2393778,0.16666666666666666
http://digistrucmed.org/questionnaire#48_SU01_04,4,0.00011816057676688522,0.21529038112522686,0.9972717894032799,2393778,0.16666666666666666
http://digistrucmed.org/questionnaire#48_SU01_03,4,0.00011816057676688515,0.21529038112522686,0.9972717894032799,2393778,0.16666666666666666
http://digistrucmed.org/questionnaire#199_SU01_05,4,0.00011816057676688515,0.21529038112522686,0.9972717894032799,2393778,0.16666666666666666
http://digistrucmed.org/questionnaire#192_SU01_05,4,0.00011816057676688515,0.21529038112522686,0.9972717894032799,2393778,0.16666666666666666
http://digistrucmed.org/questionnaire#192_SU01_04,4,0.00011816057676688511,0.21529038112522686,0.9972717894032799,2393778,0.16666666666666666
http://digistrucmed.org/questionnaire#199_SU01_04,4,0.00011816057676688511,0.21529038112522686,0.9972717894032799,2393778,0.16666666666666666
http://digistrucmed.org/questionnaire#48_SU01_02,4,0.0001181605767668851,0.21529038112522686,0.9972717894032799,2393778,0.16666666666666666
http://digistrucmed.org/questionnaire#48_SU01_01,4,0.00011816057676688507,0.21529038112522686,0.9972717894032799,2393778,0.16666666666666666
http://digistrucmed.org/questionnaire#199_SU01_03,4,0.00011816057676688506,0.21529038112522686,0.9972717894032799,2393778,0.16666666666666666
http://digistrucmed.org/questionnaire#192_SU01_03,4,0.00011816057676688505,0.21529038112522686,0.9972717894032799,2393778,0.16666666666666666
http://digistrucmed.org/questionnaire#192_SU01_02,4,0.000118160576766885,0.21529038112522686,0.9972717894032799,2393778,0.16666666666666666
http://digistrucmed.org/questionnaire#199_SU01_02,4,0.000118160576766885,0.21529038112522686,0.9972717894032799,2393778,0.16666666666666666
http://digistrucmed.org/questionnaire#199_SU01_01,4,0.00011816057676688492,0.21529038112522686,0.9972717894032799,2393778,0.16666666666666666
http://digistrucmed.org/questionnaire#192_SU01_01,4,0.00011816057676688492,0.21529038112522686,0.9972717894032799,2393778,0.16666666666666666
http://digistrucmed.org/questionnaire#309_UM23,4,0.00011587939954801714,0.2618653421633554,0.997890152256078,13946,0.3333333333333333
http://digistrucmed.org/questionnaire#369_UM18,4,0.00011574713423663567,0.2761329744671565,0.9980378415981525,23790,0.3333333333333333
http://digistrucmed.org/questionnaire#306_UM10,4,0.00011441296700888048,0.26625517289752404,0.99793727876176,16880,0.3333333333333333
http://digistrucmed.org/questionnaire#306_UM06,4,0.00011440732993990495,0.26625517289752404,0.99793727876176,16878,0.3333333333333333
http://digistrucmed.org/questionnaire#306_UM11,4,0.00011440717851770542,0.26625517289752404,0.99793727876176,16880,0.3333333333333333
http://digistrucmed.org/questionnaire#306_UM03,4,0.00011440270271780828,0.26625517289752404,0.99793727876176,16876,0.3333333333333333
http://digistrucmed.org/questionnaire#306_UM09,4,0.00011439857965611426,0.26625517289752404,0.99793727876176,16880,0.3333333333333333
http://digistrucmed.org/questionnaire#306_UM07,4,0.00011439844680178196,0.26625517289752404,0.99793727876176,16878,0.3333333333333333
http://digistrucmed.org/questionnaire#306_UM08,4,0.00011438658354254255,0.26625517289752404,0.99793727876176,16878,0.3333333333333333
http://digistrucmed.org/questionnaire#155_UM18,4,0.00011366181572185497,0.2756117040586655,0.9980327148653169,26374,0.3333333333333333
http://digistrucmed.org/questionnaire#419_UM18,4,0.00011263286908728769,0.2818742110343804,0.9980930525671523,25592,0.3333333333333333
http://digistrucmed.org/questionnaire#306_UM01,4,0.00011237765585598432,0.26625517289752404,0.99793727876176,14452,0.3333333333333333
http://digistrucmed.org/questionnaire#306_UM02,4,0.00011225578991988062,0.26662920559106557,0.9979412224024028,14342,0.3333333333333333
http://digistrucmed.org/questionnaire#358_UM09,4,0.00011157971860547762,0.26662920559106557,0.9979412224024028,14636,0.3333333333333333
http://digistrucmed.org/questionnaire#358_UM07,4,0.00011157958575114531,0.26662920559106557,0.9979412224024028,14634,0.3333333333333333
http://digistrucmed.org/questionnaire#356_UM13,4,0.00011152629463283967,0.26666666666666666,0.9979416167664671,14540,0.3333333333333333
http://digistrucmed.org/questionnaire#241_UM03,4,0.0001112416369961118,0.26662920559106557,0.9979412224024028,14632,0.3333333333333333
http://digistrucmed.org/questionnaire#241_UM18,4,0.00011039469459315326,0.2761329744671565,0.9980378415981525,23786,0.3333333333333333
http://digistrucmed.org/questionnaire#309_UM16,4,0.00010936743330199013,0.2516740701451966,0.9977744064032105,14140,0.3333333333333333
http://digistrucmed.org/questionnaire#252_UM18,4,0.00010832394242439952,0.2756117040586655,0.9980327148653169,26316,0.3333333333333333
http://digistrucmed.org/questionnaire#10050003,22,0.00010640745656557327,0.2116531920825202,0.9972120432475408,1349464,0.09473684210526316
http://digistrucmed.org/questionnaire#155_UM15,4,0.00010587466907238517,0.26899092970521543,0.9979658701564206,14642,0.3333333333333333
http://digistrucmed.org/questionnaire#275_UM18,4,0.00010522166812628382,0.2756117040586655,0.9980327148653169,26316,0.3333333333333333
http://digistrucmed.org/questionnaire#278_UM18,4,0.00010513450200201294,0.2756117040586655,0.9980327148653169,26316,0.3333333333333333
http://digistrucmed.org/questionnaire#358_UM18,4,0.00010288899159227392,0.277932347342217,0.9980553907990132,23860,0.3333333333333333
http://digistrucmed.org/questionnaire#309_UM18,4,0.00010230398801745425,0.2756117040586655,0.9980327148653169,26312,0.3333333333333333
http://digistrucmed.org/questionnaire#357_SU01_05,4,0.00010161150236722701,0.22976817383935597,0.9974908586409899,809066,0.3333333333333333
http://digistrucmed.org/questionnaire#357_SU01_06,4,0.0001016097213966504,0.22976817383935597,0.9974908586409899,809066,0.3333333333333333
http://digistrucmed.org/questionnaire#363_UM18,4,0.00010154186092708443,0.277932347342217,0.9980553907990132,23932,0.3333333333333333
http://digistrucmed.org/questionnaire#307_SU01_02,4,0.000100097737993957,0.23166117417307458,0.9975174782153291,1403962,0.3333333333333333
http://digistrucmed.org/questionnaire#307_SU01_04,4,9.984291072260765e-05,0.23166117417307458,0.9975174782153291,1403980,0.3333333333333333
http://digistrucmed.org/questionnaire#274_SU01_08,4,9.18286285694452e-05,0.23166117417307458,0.9975174782153291,1405266,0.3333333333333333
http://digistrucmed.org/questionnaire#274_SU01_04,4,9.147351757746691e-05,0.23166117417307458,0.9975174782153291,1405290,0.3333333333333333
http://digistrucmed.org/questionnaire#140_SU01_10,4,8.826452329904298e-05,0.22976817383935597,0.9974908586409899,801438,0.3333333333333333
http://digistrucmed.org/questionnaire#139_UM18,4,8.569951276429014e-05,0.2756117040586655,0.9980327148653169,26374,0.3333333333333333
http://digistrucmed.org/questionnaire#368_SU01_10,4,8.488727188249517e-05,0.22456223379081872,0.9974153379226794,274850,0.3333333333333333
http://digistrucmed.org/questionnaire#309_UM20,4,8.476367380347105e-05,0.2618653421633554,0.997890152256078,13952,0.3333333333333333
http://digistrucmed.org/questionnaire#309_UM22,4,8.476264853583686e-05,0.2618653421633554,0.997890152256078,13952,0.3333333333333333
http://digistrucmed.org/questionnaire#140_SU01_06,4,8.440971730337593e-05,0.22976817383935597,0.9974908586409899,801492,0.3333333333333333
http://digistrucmed.org/questionnaire#380_SU01_04,4,8.438927749776756e-05,0.22148316704591867,0.997369000145126,114984,0.3333333333333333
http://digistrucmed.org/questionnaire#278_UM25,4,8.432821790916365e-05,0.2618653421633554,0.997890152256078,13950,0.3333333333333333
http://digistrucmed.org/questionnaire#278_UM20,4,8.432762893431607e-05,0.2618653421633554,0.997890152256078,13950,0.3333333333333333
http://digistrucmed.org/questionnaire#278_UM22,4,8.432660366668273e-05,0.2618653421633554,0.997890152256078,13950,0.3333333333333333
http://digistrucmed.org/questionnaire#371_UM25,4,8.27577168115577e-05,0.2618653421633554,0.997890152256078,13892,0.3333333333333333
http://digistrucmed.org/questionnaire#320_SU01_01,4,8.126986497793094e-05,0.22976817383935597,0.9974908586409899,805502,0.3333333333333333
http://digistrucmed.org/questionnaire#306_UM04,4,8.12573364460654e-05,0.26662920559106557,0.9979412224024028,14348,0.3333333333333333
http://digistrucmed.org/questionnaire#317_SU01_01,4,8.125198551876382e-05,0.22976817383935597,0.9974908586409899,805502,0.3333333333333333
http://digistrucmed.org/questionnaire#176_SU01_01,4,8.125198551876355e-05,0.22976817383935597,0.9974908586409899,805502,0.3333333333333333
http://digistrucmed.org/questionnaire#364_SU01_07,4,8.105225257257135e-05,0.22456223379081872,0.9974153379226794,274176,0.3333333333333333
http://digistrucmed.org/questionnaire#297_UM18,4,8.089326641885692e-05,0.2756117040586655,0.9980327148653169,26316,0.3333333333333333
http://digistrucmed.org/questionnaire#320_SU01_02,4,8.082701247072414e-05,0.22976817383935597,0.9974908586409899,805508,0.3333333333333333
http://digistrucmed.org/questionnaire#356_UM04,4,8.043997875926151e-05,0.26662920559106557,0.9979412224024028,14548,0.3333333333333333
http://digistrucmed.org/questionnaire#387_UM18,4,7.959055472172213e-05,0.2761329744671565,0.9980378415981525,23732,0.3333333333333333
http://digistrucmed.org/questionnaire#317_SU01_07,4,7.955296986857263e-05,0.22976817383935597,0.9974908586409899,805532,0.3333333333333333
http://digistrucmed.org/questionnaire#176_SU01_07,4,7.95529698685724e-05,0.22976817383935597,0.9974908586409899,805532,0.3333333333333333
http://digistrucmed.org/questionnaire#221_SU01_10,4,7.948283650292594e-05,0.22976817383935597,0.9974908586409899,802106,0.3333333333333333
http://digistrucmed.org/questionnaire#235_UM18,4,7.946492026551135e-05,0.2761329744671565,0.9980378415981525,23732,0.3333333333333333
http://digistrucmed.org/questionnaire#287_UM18,4,7.937258656465553e-05,0.2761329744671565,0.9980378415981525,23732,0.3333333333333333
http://digistrucmed.org/questionnaire#319_UM17,4,7.861320709324587e-05,0.2516740701451966,0.9977744064032105,14148,0.3333333333333333
http://digistrucmed.org/questionnaire#309_UM17,4,7.793257886115039e-05,0.2516740701451966,0.9977744064032105,14146,0.3333333333333333
http://digistrucmed.org/questionnaire#225_SU01_01,4,7.686544723805733e-05,0.22456223379081872,0.9974153379226794,274306,0.3333333333333333
http://digistrucmed.org/questionnaire#188_SU01_01,4,7.686544723805699e-05,0.22456223379081872,0.9974153379226794,274306,0.3333333333333333
http://digistrucmed.org/questionnaire#54_SU01_01,4,7.608366964730006e-05,0.23166117417307458,0.9975174782153291,1405186,0.3333333333333333
http://digistrucmed.org/questionnaire#221_SU01_05,4,7.563370694235524e-05,0.22976817383935597,0.9974908586409899,802160,0.3333333333333333
http://digistrucmed.org/questionnaire#234_SU01_07,4,7.546876192564258e-05,0.22976817383935597,0.9974908586409899,801512,0.3333333333333333
http://digistrucmed.org/questionnaire#234_SU01_06,4,7.524272345676041e-05,0.22976817383935597,0.9974908586409899,801518,0.3333333333333333
http://digistrucmed.org/questionnaire#251_SU01_08,4,7.513717808752041e-05,0.22147024504084015,0.9973688029630938,117604,0.3333333333333333
http://digistrucmed.org/questionnaire#54_SU01_07,4,7.494600371317839e-05,0.23166117417307458,0.9975174782153291,1405204,0.3333333333333333
http://digistrucmed.org/questionnaire#209_SU01_09,4,7.448457376150841e-05,0.23166117417307458,0.9975174782153291,1405240,0.3333333333333333
http://digistrucmed.org/questionnaire#209_SU01_10,4,7.433933798801787e-05,0.23166117417307458,0.9975174782153291,1405246,0.3333333333333333
http://digistrucmed.org/questionnaire#237_SU01_10,4,7.433103923350245e-05,0.23166117417307458,0.9975174782153291,1405246,0.3333333333333333
http://digistrucmed.org/questionnaire#200_UM03,4,7.42249891413575e-05,0.2652505066033121,0.9979266309320243,39656,0.16666666666666666
http://digistrucmed.org/questionnaire#55_UM03,4,7.422498914135748e-05,0.2652505066033121,0.9979266309320243,39656,0.16666666666666666
http://digistrucmed.org/questionnaire#50_UM03,4,7.422498914135748e-05,0.2652505066033121,0.9979266309320243,39656,0.16666666666666666
http://digistrucmed.org/questionnaire#195_UM03,4,7.422498914135748e-05,0.2652505066033121,0.9979266309320243,39656,0.16666666666666666
http://digistrucmed.org/questionnaire#189_UM03,4,7.422498914135748e-05,0.2652505066033121,0.9979266309320243,39656,0.16666666666666666
http://digistrucmed.org/questionnaire#50_UM02,4,7.422498914135747e-05,0.2652505066033121,0.9979266309320243,39656,0.16666666666666666
http://digistrucmed.org/questionnaire#55_UM02,4,7.422498914135747e-05,0.2652505066033121,0.9979266309320243,39656,0.16666666666666666
http://digistrucmed.org/questionnaire#195_UM02,4,7.422498914135747e-05,0.2652505066033121,0.9979266309320243,39656,0.16666666666666666
http://digistrucmed.org/questionnaire#189_UM02,4,7.422498914135747e-05,0.2652505066033121,0.9979266309320243,39656,0.16666666666666666
http://digistrucmed.org/questionnaire#200_UM02,4,7.422498914135747e-05,0.2652505066033121,0.9979266309320243,39656,0.16666666666666666
http://digistrucmed.org/questionnaire#189_UM04,4,7.422498914135744e-05,0.2652505066033121,0.9979266309320243,39656,0.16666666666666666
http://digistrucmed.org/questionnaire#200_UM04,4,7.422498914135744e-05,0.2652505066033121,0.9979266309320243,39656,0.16666666666666666
http://digistrucmed.org/questionnaire#195_UM04,4,7.422498914135744e-05,0.2652505066033121,0.9979266309320243,39656,0.16666666666666666
http://digistrucmed.org/questionnaire#55_UM04,4,7.422498914135744e-05,0.2652505066033121,0.9979266309320243,39656,0.16666666666666666
http://digistrucmed.org/questionnaire#50_UM04,4,7.422498914135744e-05,0.2652505066033121,0.9979266309320243,39656,0.16666666666666666
http://digistrucmed.org/questionnaire#408_UM03,4,7.422498914135713e-05,0.2652505066033121,0.9979266309320243,39656,0.16666666666666666
http://digistrucmed.org/questionnaire#408_UM02,4,7.422498914135709e-05,0.2652505066033121,0.9979266309320243,39656,0.16666666666666666
http://digistrucmed.org/questionnaire#408_UM04,4,7.422498914135706e-05,0.2652505066033121,0.9979266309320243,39656,0.16666666666666666
http://digistrucmed.org/questionnaire#365_UM03,4,7.422498914135682e-05,0.2652505066033121,0.9979266309320243,39656,0.16666666666666666
http://digistrucmed.org/questionnaire#339_UM03,4,7.422498914135682e-05,0.2652505066033121,0.9979266309320243,39656,0.16666666666666666
http://digistrucmed.org/questionnaire#365_UM02,4,7.422498914135681e-05,0.2652505066033121,0.9979266309320243,39656,0.16666666666666666
http://digistrucmed.org/questionnaire#339_UM02,4,7.42249891413568e-05,0.2652505066033121,0.9979266309320243,39656,0.16666666666666666
http://digistrucmed.org/questionnaire#312_UM03,4,7.42249891413568e-05,0.2652505066033121,0.9979266309320243,39656,0.16666666666666666
http://digistrucmed.org/questionnaire#312_UM02,4,7.422498914135678e-05,0.2652505066033121,0.9979266309320243,39656,0.16666666666666666
http://digistrucmed.org/questionnaire#365_UM04,4,7.422498914135678e-05,0.2652505066033121,0.9979266309320243,39656,0.16666666666666666
http://digistrucmed.org/questionnaire#339_UM04,4,7.422498914135677e-05,0.2652505066033121,0.9979266309320243,39656,0.16666666666666666
http://digistrucmed.org/questionnaire#312_UM04,4,7.422498914135675e-05,0.2652505066033121,0.9979266309320243,39656,0.16666666666666666
http://digistrucmed.org/questionnaire#237_SU01_03,4,7.420031070330824e-05,0.23166117417307458,0.9975174782153291,1405252,0.3333333333333333
http://digistrucmed.org/questionnaire#200_UM01,4,7.397866220413944e-05,0.26488032935594163,0.9979226872913813,41460,0.16666666666666666
http://digistrucmed.org/questionnaire#189_UM01,4,7.397866220413944e-05,0.26488032935594163,0.9979226872913813,41460,0.16666666666666666
http://digistrucmed.org/questionnaire#50_UM01,4,7.397866220413944e-05,0.26488032935594163,0.9979226872913813,41460,0.16666666666666666
http://digistrucmed.org/questionnaire#195_UM01,4,7.397866220413944e-05,0.26488032935594163,0.9979226872913813,41460,0.16666666666666666
http://digistrucmed.org/questionnaire#55_UM01,4,7.397866220413944e-05,0.26488032935594163,0.9979226872913813,41460,0.16666666666666666
http://digistrucmed.org/questionnaire#408_UM01,4,7.397866220413906e-05,0.26488032935594163,0.9979226872913813,41460,0.16666666666666666
http://digistrucmed.org/questionnaire#365_UM01,4,7.397866220413879e-05,0.26488032935594163,0.9979226872913813,41460,0.16666666666666666
http://digistrucmed.org/questionnaire#339_UM01,4,7.397866220413878e-05,0.26488032935594163,0.9979226872913813,41460,0.16666666666666666
http://digistrucmed.org/questionnaire#312_UM01,4,7.397866220413875e-05,0.26488032935594163,0.9979226872913813,41460,0.16666666666666666
http://digistrucmed.org/questionnaire#209_SU01_04,4,7.3624927061562e-05,0.23166117417307458,0.9975174782153291,1405288,0.3333333333333333
http://digistrucmed.org/questionnaire#237_SU01_04,4,7.361660302782269e-05,0.23166117417307458,0.9975174782153291,1405288,0.3333333333333333
http://digistrucmed.org/questionnaire#418_SU01_06,4,7.360195745691014e-05,0.23166117417307458,0.9975174782153291,1404548,0.3333333333333333
http://digistrucmed.org/questionnaire#240_SU01_10,4,7.3456517129682e-05,0.23166117417307458,0.9975174782153291,1405246,0.3333333333333333
http://digistrucmed.org/questionnaire#54_SU01_03,4,7.337704777230853e-05,0.23166117417307458,0.9975174782153291,1405252,0.3333333333333333
http://digistrucmed.org/questionnaire#141_UM18,4,7.311066924560216e-05,0.2756117040586655,0.9980327148653169,26316,0.3333333333333333
http://digistrucmed.org/questionnaire#240_SU01_08,4,7.309715951298527e-05,0.23166117417307458,0.9975174782153291,1405264,0.3333333333333333
http://digistrucmed.org/questionnaire#159_SU01_08,4,7.306766289012132e-05,0.22976817383935597,0.9974908586409899,808336,0.3333333333333333
http://digistrucmed.org/questionnaire#240_SU01_04,4,7.274213576179063e-05,0.23166117417307458,0.9975174782153291,1405288,0.3333333333333333
http://digistrucmed.org/questionnaire#205_SU01_03,4,7.259991568646417e-05,0.23166117417307458,0.9975174782153291,1405252,0.3333333333333333
http://digistrucmed.org/questionnaire#115_SU01_10,4,7.254058057738561e-05,0.22456223379081872,0.9974153379226794,267246,0.3333333333333333
http://digistrucmed.org/questionnaire#159_SU01_03,4,7.244809387124083e-05,0.22976817383935597,0.9974908586409899,808348,0.3333333333333333
http://digistrucmed.org/questionnaire#131_SU01_10,4,7.239091373730521e-05,0.22976817383935597,0.9974908586409899,801436,0.3333333333333333
http://digistrucmed.org/questionnaire#205_SU01_02,4,7.227061940895392e-05,0.23166117417307458,0.9975174782153291,1405270,0.3333333333333333
http://digistrucmed.org/questionnaire#418_SU01_02,4,7.22394095219385e-05,0.23166117417307458,0.9975174782153291,1404602,0.3333333333333333
http://digistrucmed.org/questionnaire#159_SU01_07,4,7.219445830153983e-05,0.22976817383935597,0.9974908586409899,808354,0.3333333333333333
http://digistrucmed.org/questionnaire#205_SU01_04,4,7.201620731488623e-05,0.23166117417307458,0.9975174782153291,1405288,0.3333333333333333
http://digistrucmed.org/questionnaire#418_SU01_04,4,7.198498218485873e-05,0.23166117417307458,0.9975174782153291,1404620,0.3333333333333333
http://digistrucmed.org/questionnaire#357_SU01_08,4,7.18662632322614e-05,0.22148316704591867,0.997369000145126,106260,0.3333333333333333
http://digistrucmed.org/questionnaire#380_SU01_09,4,7.179270371799805e-05,0.22456223379081872,0.9974153379226794,282836,0.3333333333333333
http://digistrucmed.org/questionnaire#159_SU01_09,4,7.176897288859187e-05,0.22976817383935597,0.9974908586409899,808366,0.3333333333333333
http://digistrucmed.org/questionnaire#418_SU01_10,4,7.157992838561541e-05,0.22456223379081872,0.9974153379226794,266578,0.3333333333333333
http://digistrucmed.org/questionnaire#251_SU01_02,4,7.104042628061368e-05,0.22148316704591867,0.997369000145126,105556,0.3333333333333333
http://digistrucmed.org/questionnaire#251_SU01_01,4,7.10200410304143e-05,0.22148316704591867,0.997369000145126,105556,0.3333333333333333
http://digistrucmed.org/questionnaire#344_UM18,4,7.097749712493461e-05,0.2756117040586655,0.9980327148653169,26316,0.3333333333333333
http://digistrucmed.org/questionnaire#406_SU01_09,4,7.068109612173989e-05,0.22456223379081872,0.9974153379226794,283710,0.3333333333333333
http://digistrucmed.org/questionnaire#298_SU01_09,4,7.050569187714774e-05,0.22456223379081872,0.9974153379226794,282834,0.3333333333333333
http://digistrucmed.org/questionnaire#127_UM18,4,7.006841867799153e-05,0.2761329744671565,0.9980378415981525,23732,0.3333333333333333
http://digistrucmed.org/questionnaire#221_SU01_06,4,6.99238860667111e-05,0.22456223379081872,0.9974153379226794,267264,0.3333333333333333
http://digistrucmed.org/questionnaire#316_UM18,4,6.971952589281739e-05,0.2761329744671565,0.9980378415981525,23732,0.3333333333333333
http://digistrucmed.org/questionnaire#131_SU01_08,4,6.963651297003145e-05,0.22976817383935597,0.9974908586409899,801466,0.3333333333333333
http://digistrucmed.org/questionnaire#273_UM18,4,6.928774352104699e-05,0.2761329744671565,0.9980378415981525,23732,0.3333333333333333
http://digistrucmed.org/questionnaire#370_SU01_01,4,6.897062884917557e-05,0.22147024504084015,0.9973688029630938,121376,0.3333333333333333
http://digistrucmed.org/questionnaire#131_SU01_06,4,6.853650663997e-05,0.22976817383935597,0.9974908586409899,801490,0.3333333333333333
http://digistrucmed.org/questionnaire#365_UM06,4,6.837494546484212e-05,0.2652505066033121,0.9979266309320243,39606,0.16666666666666666
http://digistrucmed.org/questionnaire#365_UM08,4,6.837494546484212e-05,0.2652505066033121,0.9979266309320243,39606,0.16666666666666666
http://digistrucmed.org/questionnaire#365_UM07,4,6.837494546484211e-05,0.2652505066033121,0.9979266309320243,39606,0.16666666666666666
http://digistrucmed.org/questionnaire#408_UM08,4,6.837494546484202e-05,0.2652505066033121,0.9979266309320243,39606,0.16666666666666666
http://digistrucmed.org/questionnaire#339_UM08,4,6.837494546484202e-05,0.2652505066033121,0.9979266309320243,39606,0.16666666666666666
http://digistrucmed.org/questionnaire#408_UM07,4,6.8374945464842e-05,0.2652505066033121,0.9979266309320243,39606,0.16666666666666666
http://digistrucmed.org/questionnaire#408_UM06,4,6.8374945464842e-05,0.2652505066033121,0.9979266309320243,39606,0.16666666666666666
http://digistrucmed.org/questionnaire#339_UM07,4,6.837494546484199e-05,0.2652505066033121,0.9979266309320243,39606,0.16666666666666666
http://digistrucmed.org/questionnaire#339_UM06,4,6.837494546484199e-05,0.2652505066033121,0.9979266309320243,39606,0.16666666666666666
http://digistrucmed.org/questionnaire#312_UM08,4,6.837494546484187e-05,0.2652505066033121,0.9979266309320243,39606,0.16666666666666666
http://digistrucmed.org/questionnaire#312_UM06,4,6.837494546484185e-05,0.2652505066033121,0.9979266309320243,39606,0.16666666666666666
http://digistrucmed.org/questionnaire#312_UM07,4,6.837494546484185e-05,0.2652505066033121,0.9979266309320243,39606,0.16666666666666666
http://digistrucmed.org/questionnaire#50_UM08,4,6.837494546484164e-05,0.2652505066033121,0.9979266309320243,39606,0.16666666666666666
http://digistrucmed.org/questionnaire#50_UM07,4,6.837494546484161e-05,0.2652505066033121,0.9979266309320243,39606,0.16666666666666666
http://digistrucmed.org/questionnaire#50_UM06,4,6.837494546484161e-05,0.2652505066033121,0.9979266309320243,39606,0.16666666666666666
http://digistrucmed.org/questionnaire#200_UM08,4,6.83749454648416e-05,0.2652505066033121,0.9979266309320243,39606,0.16666666666666666
http://digistrucmed.org/questionnaire#189_UM08,4,6.83749454648416e-05,0.2652505066033121,0.9979266309320243,39606,0.16666666666666666
http://digistrucmed.org/questionnaire#195_UM08,4,6.83749454648416e-05,0.2652505066033121,0.9979266309320243,39606,0.16666666666666666
http://digistrucmed.org/questionnaire#200_UM07,4,6.837494546484158e-05,0.2652505066033121,0.9979266309320243,39606,0.16666666666666666
http://digistrucmed.org/questionnaire#200_UM06,4,6.837494546484158e-05,0.2652505066033121,0.9979266309320243,39606,0.16666666666666666
http://digistrucmed.org/questionnaire#189_UM07,4,6.837494546484158e-05,0.2652505066033121,0.9979266309320243,39606,0.16666666666666666
http://digistrucmed.org/questionnaire#195_UM07,4,6.837494546484158e-05,0.2652505066033121,0.9979266309320243,39606,0.16666666666666666
http://digistrucmed.org/questionnaire#195_UM06,4,6.837494546484158e-05,0.2652505066033121,0.9979266309320243,39606,0.16666666666666666
http://digistrucmed.org/questionnaire#189_UM06,4,6.837494546484158e-05,0.2652505066033121,0.9979266309320243,39606,0.16666666666666666
http://digistrucmed.org/questionnaire#55_UM08,4,6.837494546484158e-05,0.2652505066033121,0.9979266309320243,39606,0.16666666666666666
http://digistrucmed.org/questionnaire#55_UM06,4,6.837494546484157e-05,0.2652505066033121,0.9979266309320243,39606,0.16666666666666666
http://digistrucmed.org/questionnaire#55_UM07,4,6.837494546484157e-05,0.2652505066033121,0.9979266309320243,39606,0.16666666666666666
http://digistrucmed.org/questionnaire#234_SU01_10,4,6.808319565636084e-05,0.22147024504084015,0.9973688029630938,110778,0.3333333333333333
http://digistrucmed.org/questionnaire#421_UM08,4,6.785252557154005e-05,0.2652505066033121,0.9979266309320243,39586,0.16666666666666666
http://digistrucmed.org/questionnaire#421_UM07,4,6.785252557154002e-05,0.2652505066033121,0.9979266309320243,39586,0.16666666666666666
http://digistrucmed.org/questionnaire#421_UM06,4,6.785252557154002e-05,0.2652505066033121,0.9979266309320243,39586,0.16666666666666666
http://digistrucmed.org/questionnaire#305_UM18,4,6.736479035186867e-05,0.2756117040586655,0.9980327148653169,26258,0.3333333333333333
http://digistrucmed.org/questionnaire#312_UM25,4,6.731096146248644e-05,0.2609472743521001,0.9978800959724388,67116,0.16666666666666666
http://digistrucmed.org/questionnaire#312_UM24,4,6.731096146248643e-05,0.2609472743521001,0.9978800959724388,67116,0.16666666666666666
http://digistrucmed.org/questionnaire#312_UM23,4,6.731096146248641e-05,0.2609472743521001,0.9978800959724388,67116,0.16666666666666666
http://digistrucmed.org/questionnaire#312_UM21,4,6.731096146248637e-05,0.2609472743521001,0.9978800959724388,67116,0.16666666666666666
http://digistrucmed.org/questionnaire#312_UM22,4,6.731096146248637e-05,0.2609472743521001,0.9978800959724388,67116,0.16666666666666666
http://digistrucmed.org/questionnaire#339_UM25,4,6.731096146248635e-05,0.2609472743521001,0.9978800959724388,67116,0.16666666666666666
http://digistrucmed.org/questionnaire#339_UM24,4,6.731096146248633e-05,0.2609472743521001,0.9978800959724388,67116,0.16666666666666666
http://digistrucmed.org/questionnaire#339_UM23,4,6.731096146248632e-05,0.2609472743521001,0.9978800959724388,67116,0.16666666666666666
http://digistrucmed.org/questionnaire#339_UM21,4,6.731096146248628e-05,0.2609472743521001,0.9978800959724388,67116,0.16666666666666666
http://digistrucmed.org/questionnaire#339_UM22,4,6.731096146248628e-05,0.2609472743521001,0.9978800959724388,67116,0.16666666666666666
http://digistrucmed.org/questionnaire#365_UM25,4,6.7310961462486e-05,0.2609472743521001,0.9978800959724388,67116,0.16666666666666666
http://digistrucmed.org/questionnaire#365_UM24,4,6.731096146248599e-05,0.2609472743521001,0.9978800959724388,67116,0.16666666666666666
http://digistrucmed.org/questionnaire#365_UM23,4,6.731096146248598e-05,0.2609472743521001,0.9978800959724388,67116,0.16666666666666666
http://digistrucmed.org/questionnaire#365_UM22,4,6.731096146248594e-05,0.2609472743521001,0.9978800959724388,67116,0.16666666666666666
http://digistrucmed.org/questionnaire#365_UM21,4,6.731096146248594e-05,0.2609472743521001,0.9978800959724388,67116,0.16666666666666666
http://digistrucmed.org/questionnaire#408_UM25,4,6.731096146248504e-05,0.2609472743521001,0.9978800959724388,67116,0.16666666666666666
http://digistrucmed.org/questionnaire#408_UM24,4,6.731096146248503e-05,0.2609472743521001,0.9978800959724388,67116,0.16666666666666666
http://digistrucmed.org/questionnaire#408_UM23,4,6.731096146248503e-05,0.2609472743521001,0.9978800959724388,67116,0.16666666666666666
http://digistrucmed.org/questionnaire#408_UM21,4,6.731096146248498e-05,0.2609472743521001,0.9978800959724388,67116,0.16666666666666666
http://digistrucmed.org/questionnaire#408_UM22,4,6.731096146248498e-05,0.2609472743521001,0.9978800959724388,67116,0.16666666666666666
http://digistrucmed.org/questionnaire#189_UM25,4,6.73109614624849e-05,0.2609472743521001,0.9978800959724388,67116,0.16666666666666666
http://digistrucmed.org/questionnaire#55_UM25,4,6.731096146248488e-05,0.2609472743521001,0.9978800959724388,67116,0.16666666666666666
http://digistrucmed.org/questionnaire#195_UM25,4,6.731096146248488e-05,0.2609472743521001,0.9978800959724388,67116,0.16666666666666666
http://digistrucmed.org/questionnaire#200_UM25,4,6.731096146248488e-05,0.2609472743521001,0.9978800959724388,67116,0.16666666666666666
http://digistrucmed.org/questionnaire#50_UM25,4,6.731096146248488e-05,0.2609472743521001,0.9978800959724388,67116,0.16666666666666666
http://digistrucmed.org/questionnaire#189_UM24,4,6.731096146248488e-05,0.2609472743521001,0.9978800959724388,67116,0.16666666666666666
http://digistrucmed.org/questionnaire#50_UM24,4,6.731096146248487e-05,0.2609472743521001,0.9978800959724388,67116,0.16666666666666666
http://digistrucmed.org/questionnaire#200_UM24,4,6.731096146248487e-05,0.2609472743521001,0.9978800959724388,67116,0.16666666666666666
http://digistrucmed.org/questionnaire#55_UM24,4,6.731096146248487e-05,0.2609472743521001,0.9978800959724388,67116,0.16666666666666666
http://digistrucmed.org/questionnaire#195_UM23,4,6.731096146248487e-05,0.2609472743521001,0.9978800959724388,67116,0.16666666666666666
http://digistrucmed.org/questionnaire#195_UM24,4,6.731096146248487e-05,0.2609472743521001,0.9978800959724388,67116,0.16666666666666666
http://digistrucmed.org/questionnaire#50_UM23,4,6.731096146248485e-05,0.2609472743521001,0.9978800959724388,67116,0.16666666666666666
http://digistrucmed.org/questionnaire#200_UM23,4,6.731096146248485e-05,0.2609472743521001,0.9978800959724388,67116,0.16666666666666666
http://digistrucmed.org/questionnaire#189_UM23,4,6.731096146248485e-05,0.2609472743521001,0.9978800959724388,67116,0.16666666666666666
http://digistrucmed.org/questionnaire#55_UM23,4,6.731096146248485e-05,0.2609472743521001,0.9978800959724388,67116,0.16666666666666666
http://digistrucmed.org/questionnaire#189_UM22,4,6.731096146248483e-05,0.2609472743521001,0.9978800959724388,67116,0.16666666666666666
http://digistrucmed.org/questionnaire#189_UM21,4,6.731096146248481e-05,0.2609472743521001,0.9978800959724388,67116,0.16666666666666666
http://digistrucmed.org/questionnaire#50_UM21,4,6.731096146248481e-05,0.2609472743521001,0.9978800959724388,67116,0.16666666666666666
http://digistrucmed.org/questionnaire#200_UM21,4,6.731096146248481e-05,0.2609472743521001,0.9978800959724388,67116,0.16666666666666666
http://digistrucmed.org/questionnaire#200_UM22,4,6.731096146248481e-05,0.2609472743521001,0.9978800959724388,67116,0.16666666666666666
http://digistrucmed.org/questionnaire#55_UM21,4,6.731096146248481e-05,0.2609472743521001,0.9978800959724388,67116,0.16666666666666666
http://digistrucmed.org/questionnaire#195_UM21,4,6.731096146248481e-05,0.2609472743521001,0.9978800959724388,67116,0.16666666666666666
http://digistrucmed.org/questionnaire#195_UM22,4,6.731096146248481e-05,0.2609472743521001,0.9978800959724388,67116,0.16666666666666666
http://digistrucmed.org/questionnaire#55_UM22,4,6.731096146248481e-05,0.2609472743521001,0.9978800959724388,67116,0.16666666666666666
http://digistrucmed.org/questionnaire#50_UM22,4,6.731096146248481e-05,0.2609472743521001,0.9978800959724388,67116,0.16666666666666666
http://digistrucmed.org/questionnaire#200_UM20,4,6.731096146248286e-05,0.2609472743521001,0.9978800959724388,67116,0.16666666666666666
http://digistrucmed.org/questionnaire#189_UM20,4,6.731096146248278e-05,0.2609472743521001,0.9978800959724388,67116,0.16666666666666666
http://digistrucmed.org/questionnaire#55_UM20,4,6.731096146248278e-05,0.2609472743521001,0.9978800959724388,67116,0.16666666666666666
http://digistrucmed.org/questionnaire#195_UM20,4,6.731096146248278e-05,0.2609472743521001,0.9978800959724388,67116,0.16666666666666666
http://digistrucmed.org/questionnaire#50_UM20,4,6.731096146248274e-05,0.2609472743521001,0.9978800959724388,67116,0.16666666666666666
http://digistrucmed.org/questionnaire#408_UM20,4,6.731096146248225e-05,0.2609472743521001,0.9978800959724388,67116,0.16666666666666666
http://digistrucmed.org/questionnaire#312_UM20,4,6.731096146248205e-05,0.2609472743521001,0.9978800959724388,67116,0.16666666666666666
http://digistrucmed.org/questionnaire#339_UM20,4,6.731096146248202e-05,0.2609472743521001,0.9978800959724388,67116,0.16666666666666666
http://digistrucmed.org/questionnaire#365_UM20,4,6.731096146248186e-05,0.2609472743521001,0.9978800959724388,67116,0.16666666666666666
http://digistrucmed.org/questionnaire#335_SU01_06,4,6.725851805925447e-05,0.22147024504084015,0.9973688029630938,110112,0.3333333333333333
http://digistrucmed.org/questionnaire#177_UM18,4,6.712888008565156e-05,0.2756117040586655,0.9980327148653169,26316,0.3333333333333333
http://digistrucmed.org/questionnaire#126_SU01_04,4,6.711347190483772e-05,0.22976817383935597,0.9974908586409899,809696,0.3333333333333333
http://digistrucmed.org/questionnaire#399_UM18,4,6.709594571975051e-05,0.277932347342217,0.9980553907990132,23892,0.3333333333333333
http://digistrucmed.org/questionnaire#201_UM03,4,6.703487738739907e-05,0.2770600686081308,0.998046911971631,16484,0.3333333333333333
http://digistrucmed.org/questionnaire#205_SU01_01,4,6.700499090978916e-05,0.22456223379081872,0.9974153379226794,267324,0.3333333333333333
http://digistrucmed.org/questionnaire#159_SU01_04,4,6.692445372599495e-05,0.22147024504084015,0.9973688029630938,117612,0.3333333333333333
http://digistrucmed.org/questionnaire#300_SU01_01,4,6.68616129414175e-05,0.22456223379081872,0.9974153379226794,267324,0.3333333333333333
http://digistrucmed.org/questionnaire#306_UM25,4,6.679545244437495e-05,0.2609472743521001,0.9978800959724388,67190,0.16666666666666666
http://digistrucmed.org/questionnaire#306_UM23,4,6.679545244437493e-05,0.2609472743521001,0.9978800959724388,67190,0.16666666666666666
http://digistrucmed.org/questionnaire#306_UM24,4,6.679545244437493e-05,0.2609472743521001,0.9978800959724388,67190,0.16666666666666666
http://digistrucmed.org/questionnaire#306_UM22,4,6.67954524443749e-05,0.2609472743521001,0.9978800959724388,67190,0.16666666666666666
http://digistrucmed.org/questionnaire#306_UM21,4,6.679545244437488e-05,0.2609472743521001,0.9978800959724388,67190,0.16666666666666666
http://digistrucmed.org/questionnaire#306_UM20,4,6.679545244437034e-05,0.2609472743521001,0.9978800959724388,67190,0.16666666666666666
http://digistrucmed.org/questionnaire#362_SU01_03,4,6.66227728130201e-05,0.22456223379081872,0.9974153379226794,274138,0.3333333333333333
http://digistrucmed.org/questionnaire#126_SU01_10,4,6.614675957243879e-05,0.22976817383935597,0.9974908586409899,809702,0.3333333333333333
http://digistrucmed.org/questionnaire#380_SU01_03,4,6.603569233939918e-05,0.22456223379081872,0.9974153379226794,282848,0.3333333333333333
http://digistrucmed.org/questionnaire#234_SU01_01,4,6.592076665149346e-05,0.22456223379081872,0.9974153379226794,266682,0.3333333333333333
http://digistrucmed.org/questionnaire#252_UM08,4,6.559094996407801e-05,0.26662920559106557,0.9979412224024028,14602,0.3333333333333333
http://digistrucmed.org/questionnaire#421_UM25,4,6.555664666501789e-05,0.2609472743521001,0.9978800959724388,67064,0.16666666666666666
http://digistrucmed.org/questionnaire#421_UM24,4,6.555664666501787e-05,0.2609472743521001,0.9978800959724388,67064,0.16666666666666666
http://digistrucmed.org/questionnaire#421_UM23,4,6.555664666501787e-05,0.2609472743521001,0.9978800959724388,67064,0.16666666666666666
http://digistrucmed.org/questionnaire#421_UM21,4,6.555664666501783e-05,0.2609472743521001,0.9978800959724388,67064,0.16666666666666666
http://digistrucmed.org/questionnaire#421_UM22,4,6.555664666501783e-05,0.2609472743521001,0.9978800959724388,67064,0.16666666666666666
http://digistrucmed.org/questionnaire#421_UM20,4,6.555664666501514e-05,0.2609472743521001,0.9978800959724388,67064,0.16666666666666666
http://digistrucmed.org/questionnaire#275_UM08,4,6.534317116960072e-05,0.26662920559106557,0.9979412224024028,14602,0.3333333333333333
http://digistrucmed.org/questionnaire#201_UM18,4,6.521137741053273e-05,0.277932347342217,0.9980553907990132,23892,0.3333333333333333
http://digistrucmed.org/questionnaire#382_UM25,4,6.516639135353403e-05,0.2609472743521001,0.9978800959724388,67124,0.16666666666666666
http://digistrucmed.org/questionnaire#382_UM24,4,6.516639135353402e-05,0.2609472743521001,0.9978800959724388,67124,0.16666666666666666
http://digistrucmed.org/questionnaire#382_UM23,4,6.516639135353402e-05,0.2609472743521001,0.9978800959724388,67124,0.16666666666666666
http://digistrucmed.org/questionnaire#382_UM22,4,6.516639135353398e-05,0.2609472743521001,0.9978800959724388,67124,0.16666666666666666
http://digistrucmed.org/questionnaire#382_UM21,4,6.516639135353396e-05,0.2609472743521001,0.9978800959724388,67124,0.16666666666666666
http://digistrucmed.org/questionnaire#382_UM20,4,6.516639135352948e-05,0.2609472743521001,0.9978800959724388,67124,0.16666666666666666
http://digistrucmed.org/questionnaire#211_UM18,4,6.505138984121763e-05,0.2756117040586655,0.9980327148653169,26258,0.3333333333333333
http://digistrucmed.org/questionnaire#358_UM08,4,6.495881782075546e-05,0.26662920559106557,0.9979412224024028,14646,0.3333333333333333
http://digistrucmed.org/questionnaire#406_SU01_03,4,6.49323954855311e-05,0.22456223379081872,0.9974153379226794,283722,0.3333333333333333
http://digistrucmed.org/questionnaire#298_SU01_03,4,6.475371104332727e-05,0.22456223379081872,0.9974153379226794,282846,0.3333333333333333
http://digistrucmed.org/questionnaire#344_UM03,4,6.46788370870014e-05,0.2770600686081308,0.998046911971631,16422,0.3333333333333333
http://digistrucmed.org/questionnaire#139_UM03,4,6.447573228462212e-05,0.2770600686081308,0.998046911971631,16464,0.3333333333333333
http://digistrucmed.org/questionnaire#380_SU01_08,4,6.436987995078683e-05,0.22456223379081872,0.9974153379226794,282854,0.3333333333333333
http://digistrucmed.org/questionnaire#233_SU01_04,4,6.395254844288063e-05,0.22976817383935597,0.9974908586409899,809694,0.3333333333333333
http://digistrucmed.org/questionnaire#189_UM11,4,6.358939415464732e-05,0.2652505066033121,0.9979266309320243,39556,0.16666666666666666
http://digistrucmed.org/questionnaire#200_UM11,4,6.358939415464732e-05,0.2652505066033121,0.9979266309320243,39556,0.16666666666666666
http://digistrucmed.org/questionnaire#195_UM11,4,6.358939415464732e-05,0.2652505066033121,0.9979266309320243,39556,0.16666666666666666
http://digistrucmed.org/questionnaire#189_UM09,4,6.35893941546473e-05,0.2652505066033121,0.9979266309320243,39556,0.16666666666666666
http://digistrucmed.org/questionnaire#200_UM09,4,6.35893941546473e-05,0.2652505066033121,0.9979266309320243,39556,0.16666666666666666
http://digistrucmed.org/questionnaire#195_UM09,4,6.35893941546473e-05,0.2652505066033121,0.9979266309320243,39556,0.16666666666666666
http://digistrucmed.org/questionnaire#189_UM10,4,6.358939415464729e-05,0.2652505066033121,0.9979266309320243,39556,0.16666666666666666
http://digistrucmed.org/questionnaire#200_UM10,4,6.358939415464729e-05,0.2652505066033121,0.9979266309320243,39556,0.16666666666666666
http://digistrucmed.org/questionnaire#195_UM10,4,6.358939415464729e-05,0.2652505066033121,0.9979266309320243,39556,0.16666666666666666
http://digistrucmed.org/questionnaire#55_UM09,4,6.358939415464722e-05,0.2652505066033121,0.9979266309320243,39556,0.16666666666666666
http://digistrucmed.org/questionnaire#55_UM11,4,6.358939415464722e-05,0.2652505066033121,0.9979266309320243,39556,0.16666666666666666
http://digistrucmed.org/questionnaire#55_UM10,4,6.35893941546472e-05,0.2652505066033121,0.9979266309320243,39556,0.16666666666666666
http://digistrucmed.org/questionnaire#50_UM11,4,6.358939415464716e-05,0.2652505066033121,0.9979266309320243,39556,0.16666666666666666
http://digistrucmed.org/questionnaire#50_UM09,4,6.358939415464714e-05,0.2652505066033121,0.9979266309320243,39556,0.16666666666666666
http://digistrucmed.org/questionnaire#50_UM10,4,6.358939415464714e-05,0.2652505066033121,0.9979266309320243,39556,0.16666666666666666
http://digistrucmed.org/questionnaire#408_UM10,4,6.358939415464683e-05,0.2652505066033121,0.9979266309320243,39556,0.16666666666666666
http://digistrucmed.org/questionnaire#408_UM11,4,6.358939415464683e-05,0.2652505066033121,0.9979266309320243,39556,0.16666666666666666
http://digistrucmed.org/questionnaire#408_UM09,4,6.358939415464683e-05,0.2652505066033121,0.9979266309320243,39556,0.16666666666666666
http://digistrucmed.org/questionnaire#365_UM11,4,6.358939415464664e-05,0.2652505066033121,0.9979266309320243,39556,0.16666666666666666
http://digistrucmed.org/questionnaire#365_UM09,4,6.358939415464663e-05,0.2652505066033121,0.9979266309320243,39556,0.16666666666666666
http://digistrucmed.org/questionnaire#339_UM11,4,6.358939415464662e-05,0.2652505066033121,0.9979266309320243,39556,0.16666666666666666
http://digistrucmed.org/questionnaire#365_UM10,4,6.358939415464662e-05,0.2652505066033121,0.9979266309320243,39556,0.16666666666666666
http://digistrucmed.org/questionnaire#339_UM10,4,6.35893941546466e-05,0.2652505066033121,0.9979266309320243,39556,0.16666666666666666
http://digistrucmed.org/questionnaire#339_UM09,4,6.35893941546466e-05,0.2652505066033121,0.9979266309320243,39556,0.16666666666666666
http://digistrucmed.org/questionnaire#312_UM11,4,6.358939415464655e-05,0.2652505066033121,0.9979266309320243,39556,0.16666666666666666
http://digistrucmed.org/questionnaire#312_UM09,4,6.358939415464655e-05,0.2652505066033121,0.9979266309320243,39556,0.16666666666666666
http://digistrucmed.org/questionnaire#312_UM10,4,6.358939415464655e-05,0.2652505066033121,0.9979266309320243,39556,0.16666666666666666
http://digistrucmed.org/questionnaire#288_SU01_02,4,6.330604521610952e-05,0.22976817383935597,0.9974908586409899,802128,0.3333333333333333
http://digistrucmed.org/questionnaire#406_SU01_08,4,6.32689019690793e-05,0.22456223379081872,0.9974153379226794,283728,0.3333333333333333
http://digistrucmed.org/questionnaire#356_UM18,4,6.317843483365216e-05,0.2756117040586655,0.9980327148653169,26258,0.3333333333333333
http://digistrucmed.org/questionnaire#362_SU01_04,4,6.315562815301989e-05,0.22976817383935597,0.9974908586409899,808996,0.3333333333333333
http://digistrucmed.org/questionnaire#251_SU01_04,4,6.312315050868883e-05,0.22147024504084015,0.9973688029630938,117610,0.3333333333333333
http://digistrucmed.org/questionnaire#380_SU01_02,4,6.31185242927598e-05,0.22456223379081872,0.9974153379226794,282860,0.3333333333333333
http://digistrucmed.org/questionnaire#298_SU01_08,4,6.308941332492912e-05,0.22456223379081872,0.9974153379226794,282852,0.3333333333333333
http://digistrucmed.org/questionnaire#382_UM11,4,6.308406585134028e-05,0.2652505066033121,0.9979266309320243,39596,0.16666666666666666
http://digistrucmed.org/questionnaire#382_UM10,4,6.308406585134027e-05,0.2652505066033121,0.9979266309320243,39596,0.16666666666666666
http://digistrucmed.org/questionnaire#382_UM09,4,6.308406585134027e-05,0.2652505066033121,0.9979266309320243,39596,0.16666666666666666
http://digistrucmed.org/questionnaire#421_UM11,4,6.306716735439857e-05,0.2652505066033121,0.9979266309320243,39536,0.16666666666666666
http://digistrucmed.org/questionnaire#421_UM09,4,6.306716735439855e-05,0.2652505066033121,0.9979266309320243,39536,0.16666666666666666
http://digistrucmed.org/questionnaire#421_UM10,4,6.306716735439855e-05,0.2652505066033121,0.9979266309320243,39536,0.16666666666666666
http://digistrucmed.org/questionnaire#300_SU01_10,4,6.30380344960054e-05,0.23166117417307458,0.9975174782153291,1405244,0.3333333333333333
http://digistrucmed.org/questionnaire#358_UM14,4,6.298166128484483e-05,0.26900999220466304,0.9979660673384527,14668,0.3333333333333333
http://digistrucmed.org/questionnaire#252_UM14,4,6.28538256938305e-05,0.26900999220466304,0.9979660673384527,14622,0.3333333333333333
http://digistrucmed.org/questionnaire#155_UM14,4,6.283021088081645e-05,0.26900999220466304,0.9979660673384527,14660,0.3333333333333333
http://digistrucmed.org/questionnaire#126_SU01_03,4,6.277905826617552e-05,0.22976817383935597,0.9974908586409899,809744,0.3333333333333333
http://digistrucmed.org/questionnaire#298_SU01_10,4,6.269889936354481e-05,0.22148316704591867,0.997369000145126,115028,0.3333333333333333
http://digistrucmed.org/questionnaire#300_SU01_08,4,6.267870986130368e-05,0.23166117417307458,0.9975174782153291,1405262,0.3333333333333333
http://digistrucmed.org/questionnaire#300_SU01_02,4,6.257824500953769e-05,0.23166117417307458,0.9975174782153291,1405268,0.3333333333333333
http://digistrucmed.org/questionnaire#126_SU01_07,4,6.252572710155393e-05,0.22976817383935597,0.9974908586409899,809750,0.3333333333333333
http://digistrucmed.org/questionnaire#322_SU01_04,4,6.245260704627019e-05,0.22976817383935597,0.9974908586409899,805474,0.3333333333333333
http://digistrucmed.org/questionnaire#300_SU01_04,4,6.23238772539928e-05,0.23166117417307458,0.9975174782153291,1405286,0.3333333333333333
http://digistrucmed.org/questionnaire#126_SU01_05,4,6.230160150463196e-05,0.22976817383935597,0.9974908586409899,809756,0.3333333333333333
http://digistrucmed.org/questionnaire#201_UM17,4,6.229395012634473e-05,0.2651393448348118,0.9979254478398315,13492,0.3333333333333333
http://digistrucmed.org/questionnaire#251_SU01_10,4,6.222928045060751e-05,0.22456223379081872,0.9974153379226794,273446,0.3333333333333333
http://digistrucmed.org/questionnaire#126_SU01_09,4,6.210090852586595e-05,0.22976817383935597,0.9974908586409899,809762,0.3333333333333333
http://digistrucmed.org/questionnaire#406_SU01_02,4,6.20193543670442e-05,0.22456223379081872,0.9974153379226794,283734,0.3333333333333333
http://digistrucmed.org/questionnaire#406_SU01_04,4,6.201268853205592e-05,0.22456223379081872,0.9974153379226794,283734,0.3333333333333333
http://digistrucmed.org/questionnaire#406_SU01_10,4,6.200556908832703e-05,0.22456223379081872,0.9974153379226794,283734,0.3333333333333333
http://digistrucmed.org/questionnaire#337_UM18,4,6.187348341521848e-05,0.277932347342217,0.9980553907990132,23890,0.3333333333333333
http://digistrucmed.org/questionnaire#298_SU01_02,4,6.183921497672669e-05,0.22456223379081872,0.9974153379226794,282858,0.3333333333333333
http://digistrucmed.org/questionnaire#298_SU01_04,4,6.183259253409938e-05,0.22456223379081872,0.9974153379226794,282858,0.3333333333333333
http://digistrucmed.org/questionnaire#288_SU01_05,4,6.182610171677305e-05,0.22976817383935597,0.9974908586409899,802158,0.3333333333333333
http://digistrucmed.org/questionnaire#371_UM18,4,6.163467986308857e-05,0.2756117040586655,0.9980327148653169,26258,0.3333333333333333
http://digistrucmed.org/questionnaire#288_SU01_09,4,6.16252686728215e-05,0.22976817383935597,0.9974908586409899,802164,0.3333333333333333
http://digistrucmed.org/questionnaire#398_SU01_06,4,6.138250351876221e-05,0.23166117417307458,0.9975174782153291,1408590,0.3333333333333333
http://digistrucmed.org/questionnaire#321_UM18,4,6.125399298760222e-05,0.277932347342217,0.9980553907990132,23890,0.3333333333333333
http://digistrucmed.org/questionnaire#243_UM18,4,6.120799578004745e-05,0.277932347342217,0.9980553907990132,23892,0.3333333333333333
http://digistrucmed.org/questionnaire#362_SU01_07,4,6.075360385454507e-05,0.22456223379081872,0.9974153379226794,274174,0.3333333333333333
http://digistrucmed.org/questionnaire#319_UM18,4,6.072518628113775e-05,0.2756117040586655,0.9980327148653169,26314,0.3333333333333333
http://digistrucmed.org/questionnaire#380_SU01_05,4,6.071309101992554e-05,0.22456223379081872,0.9974153379226794,282878,0.3333333333333333
http://digistrucmed.org/questionnaire#380_SU01_06,4,6.071262353963744e-05,0.22456223379081872,0.9974153379226794,282878,0.3333333333333333
http://digistrucmed.org/questionnaire#364_SU01_04,4,6.069260559459331e-05,0.22976817383935597,0.9974908586409899,808994,0.3333333333333333
http://digistrucmed.org/questionnaire#233_SU01_02,4,6.062157105343558e-05,0.22976817383935597,0.9974908586409899,809724,0.3333333333333333
http://digistrucmed.org/questionnaire#398_SU01_10,4,6.048091780777077e-05,0.23166117417307458,0.9975174782153291,1408620,0.3333333333333333
http://digistrucmed.org/questionnaire#227_UM18,4,6.044008914301051e-05,0.277932347342217,0.9980553907990132,23886,0.3333333333333333
http://digistrucmed.org/questionnaire#100_UM17,4,6.043247604358786e-05,0.2651393448348118,0.9979254478398315,13522,0.3333333333333333
http://digistrucmed.org/questionnaire#299_UM18,4,6.0410460148254785e-05,0.277932347342217,0.9980553907990132,23882,0.3333333333333333
http://digistrucmed.org/questionnaire#159_SU01_05,4,6.031139173405203e-05,0.22148316704591867,0.997369000145126,105566,0.3333333333333333
http://digistrucmed.org/questionnaire#362_SU01_01,4,6.026680406892279e-05,0.22976817383935597,0.9974908586409899,809020,0.3333333333333333
http://digistrucmed.org/questionnaire#233_SU01_08,4,6.023868036550766e-05,0.22976817383935597,0.9974908586409899,809730,0.3333333333333333
http://digistrucmed.org/questionnaire#335_SU01_01,4,6.0199114928676524e-05,0.23166117417307458,0.9975174782153291,1403872,0.3333333333333333
http://digistrucmed.org/questionnaire#380_SU01_07,4,6.0178905657604106e-05,0.22456223379081872,0.9974153379226794,282884,0.3333333333333333
http://digistrucmed.org/questionnaire#398_SU01_08,4,6.0121673527331824e-05,0.23166117417307458,0.9975174782153291,1408638,0.3333333333333333
http://digistrucmed.org/questionnaire#170_UM18,4,6.0108934834095484e-05,0.277932347342217,0.9980553907990132,23888,0.3333333333333333
http://digistrucmed.org/questionnaire#398_SU01_02,4,6.002126356269718e-05,0.23166117417307458,0.9975174782153291,1408644,0.3333333333333333
http://digistrucmed.org/questionnaire#251_SU01_05,4,5.9828703484826494e-05,0.22456223379081872,0.9974153379226794,273464,0.3333333333333333
http://digistrucmed.org/questionnaire#251_SU01_06,4,5.9828173999522754e-05,0.22456223379081872,0.9974153379226794,273464,0.3333333333333333
http://digistrucmed.org/questionnaire#362_SU01_02,4,5.98241851074239e-05,0.22976817383935597,0.9974908586409899,809026,0.3333333333333333
http://digistrucmed.org/questionnaire#200_UM13,4,5.977217092714905e-05,0.2652875812425746,0.9979270252960886,39502,0.16666666666666666
http://digistrucmed.org/questionnaire#189_UM13,4,5.9772170927149045e-05,0.2652875812425746,0.9979270252960886,39502,0.16666666666666666
http://digistrucmed.org/questionnaire#195_UM13,4,5.9772170927149045e-05,0.2652875812425746,0.9979270252960886,39502,0.16666666666666666
http://digistrucmed.org/questionnaire#195_UM14,4,5.977217092714893e-05,0.2652875812425746,0.9979270252960886,39502,0.16666666666666666
http://digistrucmed.org/questionnaire#200_UM14,4,5.977217092714893e-05,0.2652875812425746,0.9979270252960886,39502,0.16666666666666666
http://digistrucmed.org/questionnaire#189_UM14,4,5.977217092714893e-05,0.2652875812425746,0.9979270252960886,39502,0.16666666666666666
http://digistrucmed.org/questionnaire#312_UM13,4,5.977217092714881e-05,0.2652875812425746,0.9979270252960886,39502,0.16666666666666666
http://digistrucmed.org/questionnaire#55_UM13,4,5.977217092714881e-05,0.2652875812425746,0.9979270252960886,39502,0.16666666666666666
http://digistrucmed.org/questionnaire#50_UM13,4,5.9772170927148774e-05,0.2652875812425746,0.9979270252960886,39502,0.16666666666666666
http://digistrucmed.org/questionnaire#339_UM13,4,5.977217092714874e-05,0.2652875812425746,0.9979270252960886,39502,0.16666666666666666
http://digistrucmed.org/questionnaire#312_UM14,4,5.977217092714869e-05,0.2652875812425746,0.9979270252960886,39502,0.16666666666666666
http://digistrucmed.org/questionnaire#55_UM14,4,5.977217092714869e-05,0.2652875812425746,0.9979270252960886,39502,0.16666666666666666
http://digistrucmed.org/questionnaire#50_UM14,4,5.977217092714865e-05,0.2652875812425746,0.9979270252960886,39502,0.16666666666666666
http://digistrucmed.org/questionnaire#365_UM13,4,5.977217092714863e-05,0.2652875812425746,0.9979270252960886,39502,0.16666666666666666
http://digistrucmed.org/questionnaire#339_UM14,4,5.977217092714862e-05,0.2652875812425746,0.9979270252960886,39502,0.16666666666666666
http://digistrucmed.org/questionnaire#365_UM14,4,5.977217092714851e-05,0.2652875812425746,0.9979270252960886,39502,0.16666666666666666
http://digistrucmed.org/questionnaire#408_UM13,4,5.9772170927148394e-05,0.2652875812425746,0.9979270252960886,39502,0.16666666666666666
http://digistrucmed.org/questionnaire#408_UM14,4,5.977217092714827e-05,0.2652875812425746,0.9979270252960886,39502,0.16666666666666666
http://digistrucmed.org/questionnaire#398_SU01_04,4,5.976697022880375e-05,0.23166117417307458,0.9975174782153291,1408662,0.3333333333333333
http://digistrucmed.org/questionnaire#200_UM12,4,5.9717897087184354e-05,0.2652690426275332,0.9979268281140564,39446,0.16666666666666666
http://digistrucmed.org/questionnaire#200_UM15,4,5.971789708718435e-05,0.2652690426275332,0.9979268281140564,39446,0.16666666666666666
http://digistrucmed.org/questionnaire#195_UM12,4,5.971789708718435e-05,0.2652690426275332,0.9979268281140564,39446,0.16666666666666666
http://digistrucmed.org/questionnaire#189_UM12,4,5.971789708718435e-05,0.2652690426275332,0.9979268281140564,39446,0.16666666666666666
http://digistrucmed.org/questionnaire#189_UM15,4,5.9717897087184334e-05,0.2652690426275332,0.9979268281140564,39446,0.16666666666666666
http://digistrucmed.org/questionnaire#195_UM15,4,5.9717897087184334e-05,0.2652690426275332,0.9979268281140564,39446,0.16666666666666666
http://digistrucmed.org/questionnaire#312_UM12,4,5.971789708718412e-05,0.2652690426275332,0.9979268281140564,39446,0.16666666666666666
http://digistrucmed.org/questionnaire#55_UM12,4,5.971789708718411e-05,0.2652690426275332,0.9979268281140564,39446,0.16666666666666666
http://digistrucmed.org/questionnaire#312_UM15,4,5.971789708718411e-05,0.2652690426275332,0.9979268281140564,39446,0.16666666666666666
http://digistrucmed.org/questionnaire#55_UM15,4,5.97178970871841e-05,0.2652690426275332,0.9979268281140564,39446,0.16666666666666666
http://digistrucmed.org/questionnaire#50_UM12,4,5.971789708718406e-05,0.2652690426275332,0.9979268281140564,39446,0.16666666666666666
http://digistrucmed.org/questionnaire#50_UM15,4,5.9717897087184056e-05,0.2652690426275332,0.9979268281140564,39446,0.16666666666666666
http://digistrucmed.org/questionnaire#339_UM12,4,5.9717897087184035e-05,0.2652690426275332,0.9979268281140564,39446,0.16666666666666666
http://digistrucmed.org/questionnaire#339_UM15,4,5.971789708718403e-05,0.2652690426275332,0.9979268281140564,39446,0.16666666666666666
http://digistrucmed.org/questionnaire#365_UM12,4,5.9717897087183934e-05,0.2652690426275332,0.9979268281140564,39446,0.16666666666666666
http://digistrucmed.org/questionnaire#365_UM15,4,5.971789708718393e-05,0.2652690426275332,0.9979268281140564,39446,0.16666666666666666
http://digistrucmed.org/questionnaire#408_UM12,4,5.971789708718369e-05,0.2652690426275332,0.9979268281140564,39446,0.16666666666666666
http://digistrucmed.org/questionnaire#408_UM15,4,5.971789708718368e-05,0.2652690426275332,0.9979268281140564,39446,0.16666666666666666
http://digistrucmed.org/questionnaire#233_SU01_03,4,5.962028009561607e-05,0.22976817383935597,0.9974908586409899,809742,0.3333333333333333
http://digistrucmed.org/questionnaire#406_SU01_05,4,5.9617241689311165e-05,0.22456223379081872,0.9974153379226794,283752,0.3333333333333333
http://digistrucmed.org/questionnaire#406_SU01_06,4,5.961677401657183e-05,0.22456223379081872,0.9974153379226794,283752,0.3333333333333333
http://digistrucmed.org/questionnaire#306_UM13,4,5.9610856037724105e-05,0.2652875812425746,0.9979270252960886,39608,0.16666666666666666
http://digistrucmed.org/questionnaire#306_UM14,4,5.961085603772398e-05,0.2652875812425746,0.9979270252960886,39608,0.16666666666666666
http://digistrucmed.org/questionnaire#226_UM18,4,5.9607213969917055e-05,0.277932347342217,0.9980553907990132,23886,0.3333333333333333
http://digistrucmed.org/questionnaire#368_SU01_04,4,5.9599949638353695e-05,0.22976817383935597,0.9974908586409899,809690,0.3333333333333333
http://digistrucmed.org/questionnaire#307_SU01_06,4,5.959876112145816e-05,0.22148316704591867,0.997369000145126,98044,0.3333333333333333
http://digistrucmed.org/questionnaire#200_UM19,4,5.9598629955513976e-05,0.2652505066033121,0.9979266309320243,39506,0.16666666666666666
http://digistrucmed.org/questionnaire#195_UM19,4,5.959862995551397e-05,0.2652505066033121,0.9979266309320243,39506,0.16666666666666666
http://digistrucmed.org/questionnaire#189_UM19,4,5.959862995551397e-05,0.2652505066033121,0.9979266309320243,39506,0.16666666666666666
http://digistrucmed.org/questionnaire#312_UM19,4,5.9598629955513746e-05,0.2652505066033121,0.9979266309320243,39506,0.16666666666666666
http://digistrucmed.org/questionnaire#55_UM19,4,5.959862995551373e-05,0.2652505066033121,0.9979266309320243,39506,0.16666666666666666
http://digistrucmed.org/questionnaire#50_UM19,4,5.95986299555137e-05,0.2652505066033121,0.9979266309320243,39506,0.16666666666666666
http://digistrucmed.org/questionnaire#339_UM19,4,5.959862995551367e-05,0.2652505066033121,0.9979266309320243,39506,0.16666666666666666
http://digistrucmed.org/questionnaire#365_UM19,4,5.959862995551356e-05,0.2652505066033121,0.9979266309320243,39506,0.16666666666666666
http://digistrucmed.org/questionnaire#408_UM19,4,5.959862995551332e-05,0.2652505066033121,0.9979266309320243,39506,0.16666666666666666
http://digistrucmed.org/questionnaire#309_UM24,4,5.958778612672838e-05,0.2618653421633554,0.997890152256078,13964,0.3333333333333333
http://digistrucmed.org/questionnaire#306_UM12,4,5.955658219775941e-05,0.2652690426275332,0.9979268281140564,39552,0.16666666666666666
http://digistrucmed.org/questionnaire#306_UM15,4,5.95565821977594e-05,0.2652690426275332,0.9979268281140564,39552,0.16666666666666666
http://digistrucmed.org/questionnaire#80_SU01_01,4,5.952666049102317e-05,0.22976817383935597,0.9974908586409899,805498,0.3333333333333333
http://digistrucmed.org/questionnaire#354_UM17,4,5.9493796249301724e-05,0.2651393448348118,0.9979254478398315,13512,0.3333333333333333
http://digistrucmed.org/questionnaire#362_SU01_08,4,5.944120752207276e-05,0.22976817383935597,0.9974908586409899,809032,0.3333333333333333
http://digistrucmed.org/questionnaire#306_UM19,4,5.943731506608904e-05,0.2652505066033121,0.9979266309320243,39612,0.16666666666666666
http://digistrucmed.org/questionnaire#298_SU01_05,4,5.943603588325471e-05,0.22456223379081872,0.9974153379226794,282876,0.3333333333333333
http://digistrucmed.org/questionnaire#298_SU01_06,4,5.943557918023543e-05,0.22456223379081872,0.9974153379226794,282876,0.3333333333333333
http://digistrucmed.org/questionnaire#233_SU01_07,4,5.936711522024963e-05,0.22976817383935597,0.9974908586409899,809748,0.3333333333333333
http://digistrucmed.org/questionnaire#382_UM13,4,5.9266914076641274e-05,0.2652875812425746,0.9979270252960886,39542,0.16666666666666666
http://digistrucmed.org/questionnaire#382_UM14,4,5.926691407664116e-05,0.2652875812425746,0.9979270252960886,39542,0.16666666666666666
http://digistrucmed.org/questionnaire#421_UM13,4,5.925011669350785e-05,0.2652875812425746,0.9979270252960886,39482,0.16666666666666666
http://digistrucmed.org/questionnaire#421_UM14,4,5.925011669350773e-05,0.2652875812425746,0.9979270252960886,39482,0.16666666666666666
http://digistrucmed.org/questionnaire#382_UM12,4,5.9212640236676576e-05,0.2652690426275332,0.9979268281140564,39486,0.16666666666666666
http://digistrucmed.org/questionnaire#382_UM15,4,5.921264023667657e-05,0.2652690426275332,0.9979268281140564,39486,0.16666666666666666
http://digistrucmed.org/questionnaire#421_UM12,4,5.919584285354314e-05,0.2652690426275332,0.9979268281140564,39426,0.16666666666666666
http://digistrucmed.org/questionnaire#421_UM15,4,5.919584285354313e-05,0.2652690426275332,0.9979268281140564,39426,0.16666666666666666
http://digistrucmed.org/questionnaire#353_SU01_01,4,5.9169521659234685e-05,0.23166117417307458,0.9975174782153291,1415922,0.3333333333333333
http://digistrucmed.org/questionnaire#137_SU01_01,4,5.9169521659233756e-05,0.23166117417307458,0.9975174782153291,1415922,0.3333333333333333
http://digistrucmed.org/questionnaire#420_SU01_01,4,5.916952165923362e-05,0.23166117417307458,0.9975174782153291,1415922,0.3333333333333333
http://digistrucmed.org/questionnaire#242_SU01_01,4,5.916952165923243e-05,0.23166117417307458,0.9975174782153291,1415922,0.3333333333333333
http://digistrucmed.org/questionnaire#99_SU01_01,4,5.9169521659232374e-05,0.23166117417307458,0.9975174782153291,1415922,0.3333333333333333
http://digistrucmed.org/questionnaire#278_UM24,4,5.916519423316786e-05,0.2618653421633554,0.997890152256078,13962,0.3333333333333333
http://digistrucmed.org/questionnaire#431_UM18,4,5.9150410760353595e-05,0.277932347342217,0.9980553907990132,23888,0.3333333333333333
http://digistrucmed.org/questionnaire#233_SU01_05,4,5.9143052543611734e-05,0.22976817383935597,0.9974908586409899,809754,0.3333333333333333
http://digistrucmed.org/questionnaire#382_UM19,4,5.90933731050062e-05,0.2652505066033121,0.9979266309320243,39546,0.16666666666666666
http://digistrucmed.org/questionnaire#406_SU01_07,4,5.90838815602526e-05,0.22456223379081872,0.9974153379226794,283758,0.3333333333333333
http://digistrucmed.org/questionnaire#421_UM19,4,5.9076575721872765e-05,0.2652505066033121,0.9979266309320243,39486,0.16666666666666666
http://digistrucmed.org/questionnaire#370_SU01_07,4,5.898171857379373e-05,0.23166117417307458,0.9975174782153291,1415210,0.3333333333333333
http://digistrucmed.org/questionnaire#322_SU01_01,4,5.8977463845179376e-05,0.23166117417307458,0.9975174782153291,1408558,0.3333333333333333
http://digistrucmed.org/questionnaire#233_SU01_09,4,5.894238717026189e-05,0.22976817383935597,0.9974908586409899,809760,0.3333333333333333
http://digistrucmed.org/questionnaire#305_UM24,4,5.89386215288254e-05,0.2618653421633554,0.997890152256078,13906,0.3333333333333333
http://digistrucmed.org/questionnaire#298_SU01_07,4,5.89023484661988e-05,0.22456223379081872,0.9974153379226794,282882,0.3333333333333333
http://digistrucmed.org/questionnaire#297_UM08,4,5.857240753751694e-05,0.2770600686081308,0.998046911971631,16564,0.3333333333333333
http://digistrucmed.org/questionnaire#288_SU01_06,4,5.8541491429115846e-05,0.23166117417307458,0.9975174782153291,1405212,0.3333333333333333
http://digistrucmed.org/questionnaire#335_SU01_05,4,5.8526200187016894e-05,0.23166117417307458,0.9975174782153291,1403902,0.3333333333333333
http://digistrucmed.org/questionnaire#370_SU01_05,4,5.8447321190118554e-05,0.23166117417307458,0.9975174782153291,1415222,0.3333333333333333
http://digistrucmed.org/questionnaire#370_SU01_06,4,5.844663507834023e-05,0.23166117417307458,0.9975174782153291,1415222,0.3333333333333333
http://digistrucmed.org/questionnaire#362_SU01_05,4,5.834538916045029e-05,0.22976817383935597,0.9974908586409899,809056,0.3333333333333333
http://digistrucmed.org/questionnaire#362_SU01_06,4,5.8343778971538254e-05,0.22976817383935597,0.9974908586409899,809056,0.3333333333333333
http://digistrucmed.org/questionnaire#315_UM18,4,5.832703700257679e-05,0.277932347342217,0.9980553907990132,23886,0.3333333333333333
http://digistrucmed.org/questionnaire#222_UM18,4,5.82383928218896e-05,0.277932347342217,0.9980553907990132,23886,0.3333333333333333
http://digistrucmed.org/questionnaire#362_SU01_09,4,5.814473920352237e-05,0.22976817383935597,0.9974908586409899,809062,0.3333333333333333
http://digistrucmed.org/questionnaire#322_SU01_03,4,5.811668616288394e-05,0.22976817383935597,0.9974908586409899,805522,0.3333333333333333
http://digistrucmed.org/questionnaire#353_SU01_07,4,5.803454133376148e-05,0.23166117417307458,0.9975174782153291,1415940,0.3333333333333333
http://digistrucmed.org/questionnaire#137_SU01_07,4,5.80345413337605e-05,0.23166117417307458,0.9975174782153291,1415940,0.3333333333333333
http://digistrucmed.org/questionnaire#420_SU01_07,4,5.803454133376036e-05,0.23166117417307458,0.9975174782153291,1415940,0.3333333333333333
http://digistrucmed.org/questionnaire#242_SU01_07,4,5.803454133375936e-05,0.23166117417307458,0.9975174782153291,1415940,0.3333333333333333
http://digistrucmed.org/questionnaire#99_SU01_07,4,5.8034541333759245e-05,0.23166117417307458,0.9975174782153291,1415940,0.3333333333333333
http://digistrucmed.org/questionnaire#191_UM18,4,5.788111260698012e-05,0.277932347342217,0.9980553907990132,23826,0.3333333333333333
http://digistrucmed.org/questionnaire#322_SU01_07,4,5.786310246928443e-05,0.22976817383935597,0.9974908586409899,805528,0.3333333333333333
http://digistrucmed.org/questionnaire#80_SU01_07,4,5.782865819888286e-05,0.22976817383935597,0.9974908586409899,805528,0.3333333333333333
http://digistrucmed.org/questionnaire#364_SU01_01,4,5.780541518062193e-05,0.22976817383935597,0.9974908586409899,809018,0.3333333333333333
http://digistrucmed.org/questionnaire#233_SU01_10,4,5.775839890531017e-05,0.22456223379081872,0.9974153379226794,274846,0.3333333333333333
http://digistrucmed.org/questionnaire#370_SU01_09,4,5.769058139623651e-05,0.23166117417307458,0.9975174782153291,1415246,0.3333333333333333
http://digistrucmed.org/questionnaire#380_SU01_01,4,5.768756214711823e-05,0.22456223379081872,0.9974153379226794,282938,0.3333333333333333
http://digistrucmed.org/questionnaire#81_UM18,4,5.7661982649831204e-05,0.277932347342217,0.9980553907990132,23882,0.3333333333333333
http://digistrucmed.org/questionnaire#288_SU01_10,4,5.7639857074424176e-05,0.23166117417307458,0.9975174782153291,1405242,0.3333333333333333
http://digistrucmed.org/questionnaire#322_SU01_05,4,5.7638998557521324e-05,0.22976817383935597,0.9974908586409899,805534,0.3333333333333333
http://digistrucmed.org/questionnaire#80_SU01_05,4,5.760461761750455e-05,0.22976817383935597,0.9974908586409899,805534,0.3333333333333333
http://digistrucmed.org/questionnaire#80_SU01_06,4,5.760292786532637e-05,0.22976817383935597,0.9974908586409899,805534,0.3333333333333333
http://digistrucmed.org/questionnaire#371_UM24,4,5.7585138334132444e-05,0.2618653421633554,0.997890152256078,13904,0.3333333333333333
http://digistrucmed.org/questionnaire#370_SU01_10,4,5.7545698402563374e-05,0.23166117417307458,0.9975174782153291,1415252,0.3333333333333333
http://digistrucmed.org/questionnaire#288_SU01_03,4,5.7509242568573715e-05,0.23166117417307458,0.9975174782153291,1405248,0.3333333333333333
http://digistrucmed.org/questionnaire#353_SU01_05,4,5.7500568119821405e-05,0.23166117417307458,0.9975174782153291,1415952,0.3333333333333333
http://digistrucmed.org/questionnaire#137_SU01_05,4,5.75005681198207e-05,0.23166117417307458,0.9975174782153291,1415952,0.3333333333333333
http://digistrucmed.org/questionnaire#420_SU01_05,4,5.75005681198206e-05,0.23166117417307458,0.9975174782153291,1415952,0.3333333333333333
http://digistrucmed.org/questionnaire#242_SU01_05,4,5.750056811981963e-05,0.23166117417307458,0.9975174782153291,1415952,0.3333333333333333
http://digistrucmed.org/questionnaire#99_SU01_05,4,5.750056811981954e-05,0.23166117417307458,0.9975174782153291,1415952,0.3333333333333333
http://digistrucmed.org/questionnaire#353_SU01_06,4,5.7499902133566586e-05,0.23166117417307458,0.9975174782153291,1415952,0.3333333333333333
http://digistrucmed.org/questionnaire#137_SU01_06,4,5.7499902133565875e-05,0.23166117417307458,0.9975174782153291,1415952,0.3333333333333333
http://digistrucmed.org/questionnaire#420_SU01_06,4,5.7499902133565746e-05,0.23166117417307458,0.9975174782153291,1415952,0.3333333333333333
http://digistrucmed.org/questionnaire#242_SU01_06,4,5.749990213356472e-05,0.23166117417307458,0.9975174782153291,1415952,0.3333333333333333
http://digistrucmed.org/questionnaire#99_SU01_06,4,5.749990213356465e-05,0.23166117417307458,0.9975174782153291,1415952,0.3333333333333333
http://digistrucmed.org/questionnaire#335_SU01_03,4,5.7492258286333616e-05,0.23166117417307458,0.9975174782153291,1403938,0.3333333333333333
http://digistrucmed.org/questionnaire#370_SU01_03,4,5.741506146305735e-05,0.23166117417307458,0.9975174782153291,1415258,0.3333333333333333
http://digistrucmed.org/questionnaire#364_SU01_02,4,5.7363009667646396e-05,0.22976817383935597,0.9974908586409899,809024,0.3333333333333333
http://digistrucmed.org/questionnaire#357_SU01_03,4,5.7356848096359163e-05,0.22456223379081872,0.9974153379226794,274132,0.3333333333333333
http://digistrucmed.org/questionnaire#322_SU01_06,4,5.7305519486288155e-05,0.23166117417307458,0.9975174782153291,1408588,0.3333333333333333
http://digistrucmed.org/questionnaire#209_SU01_02,4,5.730266821785471e-05,0.22976817383935597,0.9974908586409899,802126,0.3333333333333333
http://digistrucmed.org/questionnaire#237_SU01_02,4,5.729427018359375e-05,0.22976817383935597,0.9974908586409899,802126,0.3333333333333333
http://digistrucmed.org/questionnaire#288_SU01_08,4,5.7280641944469465e-05,0.23166117417307458,0.9975174782153291,1405260,0.3333333333333333
http://digistrucmed.org/questionnaire#335_SU01_08,4,5.7263528084699766e-05,0.23166117417307458,0.9975174782153291,1403950,0.3333333333333333
http://digistrucmed.org/questionnaire#370_SU01_08,4,5.718660874664871e-05,0.23166117417307458,0.9975174782153291,1415270,0.3333333333333333
http://digistrucmed.org/questionnaire#159_SU01_02,4,5.7169289678530574e-05,0.22456223379081872,0.9974153379226794,273446,0.3333333333333333
http://digistrucmed.org/questionnaire#335_SU01_02,4,5.716291672549633e-05,0.23166117417307458,0.9975174782153291,1403956,0.3333333333333333
http://digistrucmed.org/questionnaire#370_SU01_02,4,5.708624201589018e-05,0.23166117417307458,0.9975174782153291,1415276,0.3333333333333333
http://digistrucmed.org/questionnaire#305_UM19,4,5.6985397667773396e-05,0.2770600686081308,0.998046911971631,16440,0.3333333333333333
http://digistrucmed.org/questionnaire#364_SU01_08,4,5.698022011638458e-05,0.22976817383935597,0.9974908586409899,809030,0.3333333333333333
http://digistrucmed.org/questionnaire#288_SU01_04,4,5.692590106754509e-05,0.23166117417307458,0.9975174782153291,1405284,0.3333333333333333
http://digistrucmed.org/questionnaire#209_SU01_08,4,5.691957654841501e-05,0.22976817383935597,0.9974908586409899,802132,0.3333333333333333
http://digistrucmed.org/questionnaire#237_SU01_08,4,5.691118844146045e-05,0.22976817383935597,0.9974908586409899,802132,0.3333333333333333
http://digistrucmed.org/questionnaire#370_SU01_04,4,5.683218302872547e-05,0.23166117417307458,0.9975174782153291,1415294,0.3333333333333333
http://digistrucmed.org/questionnaire#353_SU01_09,4,5.6744401951195666e-05,0.23166117417307458,0.9975174782153291,1415976,0.3333333333333333
http://digistrucmed.org/questionnaire#137_SU01_09,4,5.674440195119468e-05,0.23166117417307458,0.9975174782153291,1415976,0.3333333333333333
http://digistrucmed.org/questionnaire#420_SU01_09,4,5.674440195119451e-05,0.23166117417307458,0.9975174782153291,1415976,0.3333333333333333
http://digistrucmed.org/questionnaire#99_SU01_09,4,5.674440195119324e-05,0.23166117417307458,0.9975174782153291,1415976,0.3333333333333333
http://digistrucmed.org/questionnaire#242_SU01_09,4,5.674440195119323e-05,0.23166117417307458,0.9975174782153291,1415976,0.3333333333333333
http://digistrucmed.org/questionnaire#380_SU01_10,4,5.67364072492523e-05,0.22148316704591867,0.997369000145126,115026,0.3333333333333333
http://digistrucmed.org/questionnaire#368_SU01_01,4,5.6713899017627606e-05,0.22976817383935597,0.9974908586409899,809714,0.3333333333333333
http://digistrucmed.org/questionnaire#353_SU01_10,4,5.6599650912886983e-05,0.23166117417307458,0.9975174782153291,1415982,0.3333333333333333
http://digistrucmed.org/questionnaire#137_SU01_10,4,5.6599650912886245e-05,0.23166117417307458,0.9975174782153291,1415982,0.3333333333333333
http://digistrucmed.org/questionnaire#420_SU01_10,4,5.6599650912886096e-05,0.23166117417307458,0.9975174782153291,1415982,0.3333333333333333
http://digistrucmed.org/questionnaire#242_SU01_10,4,5.6599650912884876e-05,0.23166117417307458,0.9975174782153291,1415982,0.3333333333333333
http://digistrucmed.org/questionnaire#99_SU01_10,4,5.659965091288482e-05,0.23166117417307458,0.9975174782153291,1415982,0.3333333333333333
http://digistrucmed.org/questionnaire#406_SU01_01,4,5.659586831515702e-05,0.22456223379081872,0.9974153379226794,283812,0.3333333333333333
http://digistrucmed.org/questionnaire#322_SU01_09,4,5.654913837764426e-05,0.23166117417307458,0.9975174782153291,1408612,0.3333333333333333
http://digistrucmed.org/questionnaire#80_SU01_09,4,5.651477597530477e-05,0.23166117417307458,0.9975174782153291,1408612,0.3333333333333333
http://digistrucmed.org/questionnaire#353_SU01_03,4,5.646908416296577e-05,0.23166117417307458,0.9975174782153291,1415988,0.3333333333333333
http://digistrucmed.org/questionnaire#137_SU01_03,4,5.646908416296514e-05,0.23166117417307458,0.9975174782153291,1415988,0.3333333333333333
http://digistrucmed.org/questionnaire#420_SU01_03,4,5.646908416296502e-05,0.23166117417307458,0.9975174782153291,1415988,0.3333333333333333
http://digistrucmed.org/questionnaire#242_SU01_03,4,5.6469084162963766e-05,0.23166117417307458,0.9975174782153291,1415988,0.3333333333333333
http://digistrucmed.org/questionnaire#99_SU01_03,4,5.6469084162963726e-05,0.23166117417307458,0.9975174782153291,1415988,0.3333333333333333
http://digistrucmed.org/questionnaire#298_SU01_01,4,5.6413422634791534e-05,0.22456223379081872,0.9974153379226794,282936,0.3333333333333333
http://digistrucmed.org/questionnaire#322_SU01_10,4,5.640413901122125e-05,0.23166117417307458,0.9975174782153291,1408618,0.3333333333333333
http://digistrucmed.org/questionnaire#80_SU01_10,4,5.636978701557258e-05,0.23166117417307458,0.9975174782153291,1408618,0.3333333333333333
http://digistrucmed.org/questionnaire#364_SU01_03,4,5.63622052666571e-05,0.22976817383935597,0.9974908586409899,809042,0.3333333333333333
http://digistrucmed.org/questionnaire#209_SU01_03,4,5.63006390053179e-05,0.22976817383935597,0.9974908586409899,802144,0.3333333333333333
http://digistrucmed.org/questionnaire#368_SU01_02,4,5.627163939001278e-05,0.22976817383935597,0.9974908586409899,809720,0.3333333333333333
http://digistrucmed.org/questionnaire#353_SU01_08,4,5.6240810071435024e-05,0.23166117417307458,0.9975174782153291,1416000,0.3333333333333333
http://digistrucmed.org/questionnaire#137_SU01_08,4,5.6240810071434116e-05,0.23166117417307458,0.9975174782153291,1416000,0.3333333333333333
http://digistrucmed.org/questionnaire#420_SU01_08,4,5.624081007143399e-05,0.23166117417307458,0.9975174782153291,1416000,0.3333333333333333
http://digistrucmed.org/questionnaire#242_SU01_08,4,5.6240810071432734e-05,0.23166117417307458,0.9975174782153291,1416000,0.3333333333333333
http://digistrucmed.org/questionnaire#99_SU01_08,4,5.624081007143272e-05,0.23166117417307458,0.9975174782153291,1416000,0.3333333333333333
http://digistrucmed.org/questionnaire#80_SU01_03,4,5.6239170450868075e-05,0.23166117417307458,0.9975174782153291,1408624,0.3333333333333333
http://digistrucmed.org/questionnaire#307_SU01_01,4,5.6145136301510516e-05,0.22147024504084015,0.9973688029630938,110118,0.3333333333333333
http://digistrucmed.org/questionnaire#353_SU01_02,4,5.614055312950975e-05,0.23166117417307458,0.9975174782153291,1416006,0.3333333333333333
http://digistrucmed.org/questionnaire#137_SU01_02,4,5.614055312950903e-05,0.23166117417307458,0.9975174782153291,1416006,0.3333333333333333
http://digistrucmed.org/questionnaire#420_SU01_02,4,5.614055312950894e-05,0.23166117417307458,0.9975174782153291,1416006,0.3333333333333333
http://digistrucmed.org/questionnaire#99_SU01_02,4,5.61405531295076e-05,0.23166117417307458,0.9975174782153291,1416006,0.3333333333333333
http://digistrucmed.org/questionnaire#242_SU01_02,4,5.614055312950757e-05,0.23166117417307458,0.9975174782153291,1416006,0.3333333333333333
http://digistrucmed.org/questionnaire#209_SU01_07,4,5.604710193164729e-05,0.22976817383935597,0.9974908586409899,802150,0.3333333333333333
http://digistrucmed.org/questionnaire#322_SU01_08,4,5.6044933526378636e-05,0.23166117417307458,0.9975174782153291,1408636,0.3333333333333333
http://digistrucmed.org/questionnaire#80_SU01_08,4,5.6010587499342605e-05,0.23166117417307458,0.9975174782153291,1408636,0.3333333333333333
http://digistrucmed.org/questionnaire#322_SU01_02,4,5.5944540787516905e-05,0.23166117417307458,0.9975174782153291,1408642,0.3333333333333333
http://digistrucmed.org/questionnaire#80_SU01_02,4,5.5910179983257666e-05,0.23166117417307458,0.9975174782153291,1408642,0.3333333333333333
http://digistrucmed.org/questionnaire#368_SU01_08,4,5.588898127260734e-05,0.22976817383935597,0.9974908586409899,809726,0.3333333333333333
http://digistrucmed.org/questionnaire#353_SU01_04,4,5.5886713130258065e-05,0.23166117417307458,0.9975174782153291,1416024,0.3333333333333333
http://digistrucmed.org/questionnaire#137_SU01_04,4,5.5886713130257245e-05,0.23166117417307458,0.9975174782153291,1416024,0.3333333333333333
http://digistrucmed.org/questionnaire#420_SU01_04,4,5.588671313025706e-05,0.23166117417307458,0.9975174782153291,1416024,0.3333333333333333
http://digistrucmed.org/questionnaire#99_SU01_04,4,5.588671313025554e-05,0.23166117417307458,0.9975174782153291,1416024,0.3333333333333333
http://digistrucmed.org/questionnaire#242_SU01_04,4,5.588671313025554e-05,0.23166117417307458,0.9975174782153291,1416024,0.3333333333333333
http://digistrucmed.org/questionnaire#364_SU01_05,4,5.588495275967117e-05,0.22976817383935597,0.9974908586409899,809054,0.3333333333333333
http://digistrucmed.org/questionnaire#364_SU01_06,4,5.588338550227162e-05,0.22976817383935597,0.9974908586409899,809054,0.3333333333333333
http://digistrucmed.org/questionnaire#126_SU01_08,4,5.5822944959033774e-05,0.22456223379081872,0.9974153379226794,274838,0.3333333333333333
http://digistrucmed.org/questionnaire#237_SU01_06,4,5.581299115690636e-05,0.22976817383935597,0.9974908586409899,802156,0.3333333333333333
http://digistrucmed.org/questionnaire#225_SU01_07,4,5.5757736054091444e-05,0.23166117417307458,0.9975174782153291,1412174,0.3333333333333333
http://digistrucmed.org/questionnaire#188_SU01_07,4,5.575773605409134e-05,0.23166117417307458,0.9975174782153291,1412174,0.3333333333333333
http://digistrucmed.org/questionnaire#364_SU01_09,4,5.568436812247313e-05,0.22976817383935597,0.9974908586409899,809060,0.3333333333333333
http://digistrucmed.org/questionnaire#80_SU01_04,4,5.5655999831290116e-05,0.23166117417307458,0.9975174782153291,1408660,0.3333333333333333
http://digistrucmed.org/questionnaire#237_SU01_09,4,5.5613907585292e-05,0.22976817383935597,0.9974908586409899,802162,0.3333333333333333
http://digistrucmed.org/questionnaire#233_SU01_06,4,5.5362990701560904e-05,0.22456223379081872,0.9974153379226794,274864,0.3333333333333333
http://digistrucmed.org/questionnaire#398_SU01_01,4,5.5324619578804834e-05,0.22976817383935597,0.9974908586409899,805496,0.3333333333333333
http://digistrucmed.org/questionnaire#368_SU01_03,4,5.5271077085434295e-05,0.22976817383935597,0.9974908586409899,809738,0.3333333333333333
http://digistrucmed.org/questionnaire#225_SU01_05,4,5.522358613774731e-05,0.23166117417307458,0.9975174782153291,1412186,0.3333333333333333
http://digistrucmed.org/questionnaire#188_SU01_05,4,5.522358613774726e-05,0.23166117417307458,0.9975174782153291,1412186,0.3333333333333333
http://digistrucmed.org/questionnaire#225_SU01_06,4,5.522289984806716e-05,0.23166117417307458,0.9975174782153291,1412186,0.3333333333333333
http://digistrucmed.org/questionnaire#188_SU01_06,4,5.52228998480671e-05,0.23166117417307458,0.9975174782153291,1412186,0.3333333333333333
http://digistrucmed.org/questionnaire#368_SU01_07,4,5.501806771969511e-05,0.22976817383935597,0.9974908586409899,809744,0.3333333333333333
http://digistrucmed.org/questionnaire#368_SU01_05,4,5.4794057920667554e-05,0.22976817383935597,0.9974908586409899,809750,0.3333333333333333
http://digistrucmed.org/questionnaire#368_SU01_06,4,5.479252651284623e-05,0.22976817383935597,0.9974908586409899,809750,0.3333333333333333
http://digistrucmed.org/questionnaire#159_SU01_06,4,5.475798024212595e-05,0.22456223379081872,0.9974153379226794,273464,0.3333333333333333
http://digistrucmed.org/questionnaire#81_UM10,4,5.4706023592254406e-05,0.26897186990717775,0.9979656729743884,14702,0.3333333333333333
http://digistrucmed.org/questionnaire#368_SU01_09,4,5.459357004388018e-05,0.22976817383935597,0.9974908586409899,809756,0.3333333333333333
http://digistrucmed.org/questionnaire#297_UM12,4,5.457116695535976e-05,0.26899092970521543,0.9979658701564206,14640,0.3333333333333333
http://digistrucmed.org/questionnaire#126_SU01_02,4,5.4569909537583e-05,0.22456223379081872,0.9974153379226794,274844,0.3333333333333333
http://digistrucmed.org/questionnaire#188_SU01_09,4,5.4467215103056635e-05,0.23166117417307458,0.9975174782153291,1412210,0.3333333333333333
http://digistrucmed.org/questionnaire#225_SU01_09,4,5.4467215103056574e-05,0.23166117417307458,0.9975174782153291,1412210,0.3333333333333333
http://digistrucmed.org/questionnaire#357_SU01_02,4,5.443536358497702e-05,0.22456223379081872,0.9974153379226794,274144,0.3333333333333333
http://digistrucmed.org/questionnaire#357_SU01_04,4,5.4428513555150365e-05,0.22456223379081872,0.9974153379226794,274144,0.3333333333333333
http://digistrucmed.org/questionnaire#363_UM10,4,5.4414263965686485e-05,0.26897186990717775,0.9979656729743884,14740,0.3333333333333333
http://digistrucmed.org/questionnaire#225_SU01_10,4,5.432237283536849e-05,0.23166117417307458,0.9975174782153291,1412216,0.3333333333333333
http://digistrucmed.org/questionnaire#188_SU01_10,4,5.432237283536848e-05,0.23166117417307458,0.9975174782153291,1412216,0.3333333333333333
http://digistrucmed.org/questionnaire#188_SU01_03,4,5.4191816583341144e-05,0.23166117417307458,0.9975174782153291,1412222,0.3333333333333333
http://digistrucmed.org/questionnaire#225_SU01_03,4,5.4191816583341124e-05,0.23166117417307458,0.9975174782153291,1412222,0.3333333333333333
http://digistrucmed.org/questionnaire#131_SU01_04,4,5.416825399196105e-05,0.22456223379081872,0.9974153379226794,266576,0.3333333333333333
http://digistrucmed.org/questionnaire#358_UM12,4,5.405979540340967e-05,0.26899092970521543,0.9979658701564206,14668,0.3333333333333333
http://digistrucmed.org/questionnaire#188_SU01_08,4,5.396347484665891e-05,0.23166117417307458,0.9975174782153291,1412234,0.3333333333333333
http://digistrucmed.org/questionnaire#225_SU01_08,4,5.396347484665887e-05,0.23166117417307458,0.9975174782153291,1412234,0.3333333333333333
http://digistrucmed.org/questionnaire#252_UM12,4,5.393399291136477e-05,0.26899092970521543,0.9979658701564206,14622,0.3333333333333333
http://digistrucmed.org/questionnaire#155_UM12,4,5.391817654359268e-05,0.26899092970521543,0.9979658701564206,14660,0.3333333333333333
http://digistrucmed.org/questionnaire#398_SU01_03,4,5.3880517360223014e-05,0.22976817383935597,0.9974908586409899,805520,0.3333333333333333
http://digistrucmed.org/questionnaire#188_SU01_02,4,5.3863193019435385e-05,0.23166117417307458,0.9975174782153291,1412240,0.3333333333333333
http://digistrucmed.org/questionnaire#225_SU01_02,4,5.3863193019435344e-05,0.23166117417307458,0.9975174782153291,1412240,0.3333333333333333
http://digistrucmed.org/questionnaire#252_UM10,4,5.3786002406627736e-05,0.26897186990717775,0.9979656729743884,14634,0.3333333333333333
http://digistrucmed.org/questionnaire#155_UM10,4,5.376999299177369e-05,0.26897186990717775,0.9979656729743884,14672,0.3333333333333333
http://digistrucmed.org/questionnaire#398_SU01_07,4,5.3627009016236285e-05,0.22976817383935597,0.9974908586409899,805526,0.3333333333333333
http://digistrucmed.org/questionnaire#188_SU01_04,4,5.3609228269308174e-05,0.23166117417307458,0.9975174782153291,1412258,0.3333333333333333
http://digistrucmed.org/questionnaire#225_SU01_04,4,5.3609228269308066e-05,0.23166117417307458,0.9975174782153291,1412258,0.3333333333333333
http://digistrucmed.org/questionnaire#234_SU01_05,4,5.350256337584349e-05,0.23166117417307458,0.9975174782153291,1404568,0.3333333333333333
http://digistrucmed.org/questionnaire#398_SU01_05,4,5.340301472260194e-05,0.22976817383935597,0.9974908586409899,805532,0.3333333333333333
http://digistrucmed.org/questionnaire#169_SU01_02,4,5.3303795043600176e-05,0.22456223379081872,0.9974153379226794,267244,0.3333333333333333
http://digistrucmed.org/questionnaire#398_SU01_09,4,5.3202391184720884e-05,0.22976817383935597,0.9974908586409899,805538,0.3333333333333333
http://digistrucmed.org/questionnaire#200_UM16,4,5.3191140175643024e-05,0.25054451851362947,0.9977609980250248,77966,0.16666666666666666
http://digistrucmed.org/questionnaire#200_UM17,4,5.319114017564301e-05,0.25054451851362947,0.9977609980250248,77966,0.16666666666666666
http://digistrucmed.org/questionnaire#195_UM16,4,5.319114017564295e-05,0.25054451851362947,0.9977609980250248,77966,0.16666666666666666
http://digistrucmed.org/questionnaire#195_UM17,4,5.3191140175642936e-05,0.25054451851362947,0.9977609980250248,77966,0.16666666666666666
http://digistrucmed.org/questionnaire#189_UM16,4,5.319114017564284e-05,0.25054451851362947,0.9977609980250248,77966,0.16666666666666666
http://digistrucmed.org/questionnaire#189_UM17,4,5.319114017564282e-05,0.25054451851362947,0.9977609980250248,77966,0.16666666666666666
http://digistrucmed.org/questionnaire#339_UM16,4,5.3191140175642604e-05,0.25054451851362947,0.9977609980250248,77966,0.16666666666666666
http://digistrucmed.org/questionnaire#365_UM16,4,5.319114017564259e-05,0.25054451851362947,0.9977609980250248,77966,0.16666666666666666
http://digistrucmed.org/questionnaire#339_UM17,4,5.319114017564259e-05,0.25054451851362947,0.9977609980250248,77966,0.16666666666666666
http://digistrucmed.org/questionnaire#365_UM17,4,5.319114017564258e-05,0.25054451851362947,0.9977609980250248,77966,0.16666666666666666
http://digistrucmed.org/questionnaire#312_UM16,4,5.319114017564256e-05,0.25054451851362947,0.9977609980250248,77966,0.16666666666666666
http://digistrucmed.org/questionnaire#312_UM17,4,5.319114017564254e-05,0.25054451851362947,0.9977609980250248,77966,0.16666666666666666
http://digistrucmed.org/questionnaire#408_UM16,4,5.319114017564228e-05,0.25054451851362947,0.9977609980250248,77966,0.16666666666666666
http://digistrucmed.org/questionnaire#55_UM16,4,5.319114017564228e-05,0.25054451851362947,0.9977609980250248,77966,0.16666666666666666
http://digistrucmed.org/questionnaire#55_UM17,4,5.319114017564227e-05,0.25054451851362947,0.9977609980250248,77966,0.16666666666666666
http://digistrucmed.org/questionnaire#408_UM17,4,5.3191140175642266e-05,0.25054451851362947,0.9977609980250248,77966,0.16666666666666666
http://digistrucmed.org/questionnaire#50_UM16,4,5.31911401756422e-05,0.25054451851362947,0.9977609980250248,77966,0.16666666666666666
http://digistrucmed.org/questionnaire#50_UM17,4,5.3191140175642184e-05,0.25054451851362947,0.9977609980250248,77966,0.16666666666666666
http://digistrucmed.org/questionnaire#306_UM16,4,5.3098065306185595e-05,0.25054451851362947,0.9977609980250248,78080,0.16666666666666666
http://digistrucmed.org/questionnaire#306_UM17,4,5.309806530618558e-05,0.25054451851362947,0.9977609980250248,78080,0.16666666666666666
http://digistrucmed.org/questionnaire#382_UM16,4,5.301225240793269e-05,0.25054451851362947,0.9977609980250248,78014,0.16666666666666666
http://digistrucmed.org/questionnaire#382_UM17,4,5.3012252407932676e-05,0.25054451851362947,0.9977609980250248,78014,0.16666666666666666
http://digistrucmed.org/questionnaire#421_UM16,4,5.29955934552074e-05,0.25054451851362947,0.9977609980250248,77954,0.16666666666666666
http://digistrucmed.org/questionnaire#421_UM17,4,5.2995593455207383e-05,0.25054451851362947,0.9977609980250248,77954,0.16666666666666666
http://digistrucmed.org/questionnaire#54_SU01_04,4,5.276824016618613e-05,0.22456223379081872,0.9974153379226794,267244,0.3333333333333333
http://digistrucmed.org/questionnaire#54_SU01_10,4,5.276082707403653e-05,0.22456223379081872,0.9974153379226794,267244,0.3333333333333333
http://digistrucmed.org/questionnaire#234_SU01_09,4,5.274498523758915e-05,0.23166117417307458,0.9975174782153291,1404592,0.3333333333333333
http://digistrucmed.org/questionnaire#320_SU01_07,4,5.253685901116344e-05,0.23166117417307458,0.9975174782153291,1408572,0.3333333333333333
http://digistrucmed.org/questionnaire#234_SU01_03,4,5.246915328443608e-05,0.23166117417307458,0.9975174782153291,1404604,0.3333333333333333
http://digistrucmed.org/questionnaire#221_SU01_01,4,5.24688920445753e-05,0.23166117417307458,0.9975174782153291,1405178,0.3333333333333333
http://digistrucmed.org/questionnaire#54_SU01_02,4,5.2399069557737666e-05,0.22976817383935597,0.9974908586409899,802124,0.3333333333333333
http://digistrucmed.org/questionnaire#240_SU01_02,4,5.23467312675517e-05,0.22976817383935597,0.9974908586409899,802124,0.3333333333333333
http://digistrucmed.org/questionnaire#233_SU01_01,4,5.233479176250893e-05,0.22456223379081872,0.9974153379226794,274924,0.3333333333333333
http://digistrucmed.org/questionnaire#274_SU01_10,4,5.229705961729964e-05,0.22976817383935597,0.9974908586409899,802098,0.3333333333333333
http://digistrucmed.org/questionnaire#234_SU01_08,4,5.224046018600181e-05,0.23166117417307458,0.9975174782153291,1404616,0.3333333333333333
http://digistrucmed.org/questionnaire#126_SU01_06,4,5.216125924455009e-05,0.22456223379081872,0.9974153379226794,274862,0.3333333333333333
http://digistrucmed.org/questionnaire#234_SU01_02,4,5.2139958019869066e-05,0.23166117417307458,0.9975174782153291,1404622,0.3333333333333333
http://digistrucmed.org/questionnaire#54_SU01_08,4,5.201588818249124e-05,0.22976817383935597,0.9974908586409899,802130,0.3333333333333333
http://digistrucmed.org/questionnaire#320_SU01_05,4,5.200251839180139e-05,0.23166117417307458,0.9975174782153291,1408584,0.3333333333333333
http://digistrucmed.org/questionnaire#320_SU01_06,4,5.200178208434328e-05,0.23166117417307458,0.9975174782153291,1408584,0.3333333333333333
http://digistrucmed.org/questionnaire#317_SU01_05,4,5.198480841481508e-05,0.23166117417307458,0.9975174782153291,1408584,0.3333333333333333
http://digistrucmed.org/questionnaire#176_SU01_05,4,5.198480841481425e-05,0.23166117417307458,0.9975174782153291,1408584,0.3333333333333333
http://digistrucmed.org/questionnaire#317_SU01_06,4,5.19840626578293e-05,0.23166117417307458,0.9975174782153291,1408584,0.3333333333333333
http://digistrucmed.org/questionnaire#176_SU01_06,4,5.1984062657828425e-05,0.23166117417307458,0.9975174782153291,1408584,0.3333333333333333
http://digistrucmed.org/questionnaire#418_SU01_01,4,5.193705666677868e-05,0.22976817383935597,0.9974908586409899,801450,0.3333333333333333
http://digistrucmed.org/questionnaire#234_SU01_04,4,5.188560770595425e-05,0.23166117417307458,0.9975174782153291,1404640,0.3333333333333333
http://digistrucmed.org/questionnaire#430_SU01_01,4,5.186834330908152e-05,0.23166117417307458,0.9975174782153291,1408552,0.3333333333333333
http://digistrucmed.org/questionnaire#169_SU01_04,4,5.185320206700852e-05,0.22976817383935597,0.9974908586409899,802090,0.3333333333333333
http://digistrucmed.org/questionnaire#159_SU01_01,4,5.172736799799284e-05,0.22456223379081872,0.9974153379226794,273524,0.3333333333333333
http://digistrucmed.org/questionnaire#357_SU01_07,4,5.149173701653278e-05,0.22456223379081872,0.9974153379226794,274168,0.3333333333333333
http://digistrucmed.org/questionnaire#240_SU01_03,4,5.1345140343327736e-05,0.22976817383935597,0.9974908586409899,802142,0.3333333333333333
http://digistrucmed.org/questionnaire#221_SU01_07,4,5.133272425391816e-05,0.23166117417307458,0.9975174782153291,1405196,0.3333333333333333
http://digistrucmed.org/questionnaire#205_SU01_10,4,5.131643792534441e-05,0.22976817383935597,0.9974908586409899,802098,0.3333333333333333
http://digistrucmed.org/questionnaire#320_SU01_09,4,5.124584371871175e-05,0.23166117417307458,0.9975174782153291,1408608,0.3333333333333333
http://digistrucmed.org/questionnaire#317_SU01_09,4,5.1228129577604965e-05,0.23166117417307458,0.9975174782153291,1408608,0.3333333333333333
http://digistrucmed.org/questionnaire#176_SU01_09,4,5.122812957760385e-05,0.23166117417307458,0.9975174782153291,1408608,0.3333333333333333
http://digistrucmed.org/questionnaire#418_SU01_08,4,5.111109759538509e-05,0.22976817383935597,0.9974908586409899,801462,0.3333333333333333
http://digistrucmed.org/questionnaire#320_SU01_10,4,5.1100935045690285e-05,0.23166117417307458,0.9975174782153291,1408614,0.3333333333333333
http://digistrucmed.org/questionnaire#240_SU01_07,4,5.1091650618542144e-05,0.22976817383935597,0.9974908586409899,802148,0.3333333333333333
http://digistrucmed.org/questionnaire#317_SU01_10,4,5.108322918023683e-05,0.23166117417307458,0.9975174782153291,1408614,0.3333333333333333
http://digistrucmed.org/questionnaire#176_SU01_10,4,5.108322918023602e-05,0.23166117417307458,0.9975174782153291,1408614,0.3333333333333333
http://digistrucmed.org/questionnaire#335_SU01_04,4,5.1045331716407845e-05,0.22456223379081872,0.9974153379226794,265934,0.3333333333333333
http://digistrucmed.org/questionnaire#320_SU01_03,4,5.0970363284967784e-05,0.23166117417307458,0.9975174782153291,1408620,0.3333333333333333
http://digistrucmed.org/questionnaire#317_SU01_03,4,5.0952695262199846e-05,0.23166117417307458,0.9975174782153291,1408620,0.3333333333333333
http://digistrucmed.org/questionnaire#176_SU01_03,4,5.095269526219919e-05,0.23166117417307458,0.9975174782153291,1408620,0.3333333333333333
http://digistrucmed.org/questionnaire#54_SU01_05,4,5.091947986420942e-05,0.22976817383935597,0.9974908586409899,802154,0.3333333333333333
http://digistrucmed.org/questionnaire#54_SU01_06,4,5.0917761334452554e-05,0.22976817383935597,0.9974908586409899,802154,0.3333333333333333
http://digistrucmed.org/questionnaire#169_SU01_10,4,5.088721132958026e-05,0.22976817383935597,0.9974908586409899,802096,0.3333333333333333
http://digistrucmed.org/questionnaire#240_SU01_06,4,5.08660237689998e-05,0.22976817383935597,0.9974908586409899,802154,0.3333333333333333
http://digistrucmed.org/questionnaire#388_SU01_05,4,5.085635538540874e-05,0.22456223379081872,0.9974153379226794,267262,0.3333333333333333
http://digistrucmed.org/questionnaire#388_SU01_10,4,5.084968245156898e-05,0.22976817383935597,0.9974908586409899,802096,0.3333333333333333
http://digistrucmed.org/questionnaire#320_SU01_08,4,5.074195670574822e-05,0.23166117417307458,0.9975174782153291,1408632,0.3333333333333333
http://digistrucmed.org/questionnaire#343_SU01_07,4,5.073452372998497e-05,0.23166117417307458,0.9975174782153291,1408570,0.3333333333333333
http://digistrucmed.org/questionnaire#430_SU01_07,4,5.0733027421794914e-05,0.23166117417307458,0.9975174782153291,1408570,0.3333333333333333
http://digistrucmed.org/questionnaire#317_SU01_08,4,5.0724219788990716e-05,0.23166117417307458,0.9975174782153291,1408632,0.3333333333333333
http://digistrucmed.org/questionnaire#176_SU01_08,4,5.0724219788989686e-05,0.23166117417307458,0.9975174782153291,1408632,0.3333333333333333
http://digistrucmed.org/questionnaire#362_SU01_10,4,5.071958674307561e-05,0.22148316704591867,0.997369000145126,106306,0.3333333333333333
http://digistrucmed.org/questionnaire#54_SU01_09,4,5.0718734536618234e-05,0.22976817383935597,0.9974908586409899,802160,0.3333333333333333
http://digistrucmed.org/questionnaire#364_SU01_10,4,5.068324051692367e-05,0.22148316704591867,0.997369000145126,106306,0.3333333333333333
http://digistrucmed.org/questionnaire#240_SU01_09,4,5.066692295008057e-05,0.22976817383935597,0.9974908586409899,802160,0.3333333333333333
http://digistrucmed.org/questionnaire#357_SU01_09,4,5.0627889138127526e-05,0.22148316704591867,0.997369000145126,106278,0.3333333333333333
http://digistrucmed.org/questionnaire#317_SU01_02,4,5.0623906769847664e-05,0.23166117417307458,0.9975174782153291,1408638,0.3333333333333333
http://digistrucmed.org/questionnaire#176_SU01_02,4,5.0623906769846824e-05,0.23166117417307458,0.9975174782153291,1408638,0.3333333333333333
http://digistrucmed.org/questionnaire#274_SU01_06,4,5.052732174755415e-05,0.22456223379081872,0.9974153379226794,267262,0.3333333333333333
http://digistrucmed.org/questionnaire#300_SU01_03,4,5.050902375616172e-05,0.22976817383935597,0.9974908586409899,802142,0.3333333333333333
http://digistrucmed.org/questionnaire#418_SU01_03,4,5.0492282492620506e-05,0.22976817383935597,0.9974908586409899,801474,0.3333333333333333
http://digistrucmed.org/questionnaire#320_SU01_04,4,5.038758891973875e-05,0.23166117417307458,0.9975174782153291,1408656,0.3333333333333333
http://digistrucmed.org/questionnaire#317_SU01_04,4,5.0369866429735926e-05,0.23166117417307458,0.9975174782153291,1408656,0.3333333333333333
http://digistrucmed.org/questionnaire#176_SU01_04,4,5.036986642973501e-05,0.23166117417307458,0.9975174782153291,1408656,0.3333333333333333
http://digistrucmed.org/questionnaire#169_SU01_07,4,5.0358736716125253e-05,0.22456223379081872,0.9974153379226794,267268,0.3333333333333333
http://digistrucmed.org/questionnaire#240_SU01_05,4,5.031396354016298e-05,0.22456223379081872,0.9974153379226794,267262,0.3333333333333333
http://digistrucmed.org/questionnaire#300_SU01_07,4,5.025549991317256e-05,0.22976817383935597,0.9974908586409899,802148,0.3333333333333333
http://digistrucmed.org/questionnaire#343_SU01_05,4,5.020032318985166e-05,0.23166117417307458,0.9975174782153291,1408582,0.3333333333333333
http://digistrucmed.org/questionnaire#343_SU01_06,4,5.0199609715378465e-05,0.23166117417307458,0.9975174782153291,1408582,0.3333333333333333
http://digistrucmed.org/questionnaire#430_SU01_05,4,5.0198912356431204e-05,0.23166117417307458,0.9975174782153291,1408582,0.3333333333333333
http://digistrucmed.org/questionnaire#115_SU01_01,4,5.016729194443298e-05,0.23166117417307458,0.9975174782153291,1405176,0.3333333333333333
http://digistrucmed.org/questionnaire#221_SU01_09,4,5.0041286959389875e-05,0.23166117417307458,0.9975174782153291,1405232,0.3333333333333333
http://digistrucmed.org/questionnaire#300_SU01_05,4,5.003154358990498e-05,0.22976817383935597,0.9974908586409899,802154,0.3333333333333333
http://digistrucmed.org/questionnaire#300_SU01_06,4,5.0029917311713444e-05,0.22976817383935597,0.9974908586409899,802154,0.3333333333333333
http://digistrucmed.org/questionnaire#418_SU01_05,4,5.0014605033226854e-05,0.22976817383935597,0.9974908586409899,801486,0.3333333333333333
http://digistrucmed.org/questionnaire#274_SU01_02,4,4.993181505755636e-05,0.22976817383935597,0.9974908586409899,802122,0.3333333333333333
http://digistrucmed.org/questionnaire#300_SU01_09,4,4.983085926036638e-05,0.22976817383935597,0.9974908586409899,802160,0.3333333333333333
http://digistrucmed.org/questionnaire#418_SU01_09,4,4.9813873645892337e-05,0.22976817383935597,0.9974908586409899,801492,0.3333333333333333
http://digistrucmed.org/questionnaire#251_SU01_09,4,4.978554894204206e-05,0.22148316704591867,0.997369000145126,105574,0.3333333333333333
http://digistrucmed.org/questionnaire#251_SU01_07,4,4.978109066682018e-05,0.22148316704591867,0.997369000145126,105574,0.3333333333333333
http://digistrucmed.org/questionnaire#221_SU01_03,4,4.976571150327755e-05,0.23166117417307458,0.9975174782153291,1405244,0.3333333333333333
http://digistrucmed.org/questionnaire#227_UM19,4,4.976154357621958e-05,0.2770600686081308,0.998046911971631,16526,0.3333333333333333
http://digistrucmed.org/questionnaire#288_SU01_07,4,4.958274176912857e-05,0.22456223379081872,0.9974153379226794,267268,0.3333333333333333
http://digistrucmed.org/questionnaire#221_SU01_08,4,4.9537234552898266e-05,0.23166117417307458,0.9975174782153291,1405256,0.3333333333333333
http://digistrucmed.org/questionnaire#343_SU01_09,4,4.9443888051655996e-05,0.23166117417307458,0.9975174782153291,1408606,0.3333333333333333
http://digistrucmed.org/questionnaire#430_SU01_09,4,4.944251832117573e-05,0.23166117417307458,0.9975174782153291,1408606,0.3333333333333333
http://digistrucmed.org/questionnaire#221_SU01_02,4,4.943681560102765e-05,0.23166117417307458,0.9975174782153291,1405262,0.3333333333333333
http://digistrucmed.org/questionnaire#343_SU01_10,4,4.9299071242337296e-05,0.23166117417307458,0.9975174782153291,1408612,0.3333333333333333
http://digistrucmed.org/questionnaire#430_SU01_10,4,4.929774871251702e-05,0.23166117417307458,0.9975174782153291,1408612,0.3333333333333333
http://digistrucmed.org/questionnaire#221_SU01_04,4,4.9182754017347947e-05,0.23166117417307458,0.9975174782153291,1405280,0.3333333333333333
http://digistrucmed.org/questionnaire#343_SU01_03,4,4.9168506519444376e-05,0.23166117417307458,0.9975174782153291,1408618,0.3333333333333333
http://digistrucmed.org/questionnaire#430_SU01_03,4,4.916710433136823e-05,0.23166117417307458,0.9975174782153291,1408618,0.3333333333333333
http://digistrucmed.org/questionnaire#126_SU01_01,4,4.9133927465887665e-05,0.22456223379081872,0.9974153379226794,274922,0.3333333333333333
http://digistrucmed.org/questionnaire#115_SU01_07,4,4.903149959798677e-05,0.23166117417307458,0.9975174782153291,1405194,0.3333333333333333
http://digistrucmed.org/questionnaire#357_SU01_01,4,4.899748251830813e-05,0.22456223379081872,0.9974153379226794,274222,0.3333333333333333
http://digistrucmed.org/questionnaire#169_SU01_01,4,4.896488943953135e-05,0.22976817383935597,0.9974908586409899,802114,0.3333333333333333
http://digistrucmed.org/questionnaire#343_SU01_08,4,4.8940148286927004e-05,0.23166117417307458,0.9975174782153291,1408630,0.3333333333333333
http://digistrucmed.org/questionnaire#387_UM04,4,4.893924080130356e-05,0.2770600686081308,0.998046911971631,16548,0.3333333333333333
http://digistrucmed.org/questionnaire#430_SU01_08,4,4.893880361328541e-05,0.23166117417307458,0.9975174782153291,1408630,0.3333333333333333
http://digistrucmed.org/questionnaire#274_SU01_03,4,4.8930408189254594e-05,0.22976817383935597,0.9974908586409899,802140,0.3333333333333333
http://digistrucmed.org/questionnaire#235_UM02,4,4.89033124633725e-05,0.2770600686081308,0.998046911971631,16548,0.3333333333333333
http://digistrucmed.org/questionnaire#343_SU01_02,4,4.8839859532299554e-05,0.23166117417307458,0.9975174782153291,1408636,0.3333333333333333
http://digistrucmed.org/questionnaire#430_SU01_02,4,4.883848790513271e-05,0.23166117417307458,0.9975174782153291,1408636,0.3333333333333333
http://digistrucmed.org/questionnaire#131_SU01_01,4,4.872980258185456e-05,0.22456223379081872,0.9974153379226794,266654,0.3333333333333333
http://digistrucmed.org/questionnaire#309_UM13,4,4.8681675527934016e-05,0.26900999220466304,0.9979660673384527,14650,0.3333333333333333
http://digistrucmed.org/questionnaire#274_SU01_07,4,4.867704616225472e-05,0.22976817383935597,0.9974908586409899,802146,0.3333333333333333
http://digistrucmed.org/questionnaire#343_SU01_04,4,4.858590959049533e-05,0.23166117417307458,0.9975174782153291,1408654,0.3333333333333333
http://digistrucmed.org/questionnaire#430_SU01_04,4,4.858458354628041e-05,0.23166117417307458,0.9975174782153291,1408654,0.3333333333333333
http://digistrucmed.org/questionnaire#205_SU01_08,4,4.8568564123286915e-05,0.22976817383935597,0.9974908586409899,802128,0.3333333333333333
http://digistrucmed.org/questionnaire#115_SU01_05,4,4.849719211081432e-05,0.23166117417307458,0.9975174782153291,1405206,0.3333333333333333
http://digistrucmed.org/questionnaire#388_SU01_02,4,4.8485165083821146e-05,0.22976817383935597,0.9974908586409899,802120,0.3333333333333333
http://digistrucmed.org/questionnaire#274_SU01_05,4,4.845309710046029e-05,0.22976817383935597,0.9974908586409899,802152,0.3333333333333333
http://digistrucmed.org/questionnaire#274_SU01_09,4,4.8252414422617525e-05,0.22976817383935597,0.9974908586409899,802158,0.3333333333333333
http://digistrucmed.org/questionnaire#169_SU01_08,4,4.813952517821866e-05,0.22976817383935597,0.9974908586409899,802126,0.3333333333333333
http://digistrucmed.org/questionnaire#305_UM10,4,4.8116215770865576e-05,0.2770600686081308,0.998046911971631,16468,0.3333333333333333
http://digistrucmed.org/questionnaire#387_UM13,4,4.81069971787221e-05,0.26900999220466304,0.9979660673384527,14648,0.3333333333333333
http://digistrucmed.org/questionnaire#335_SU01_07,4,4.8105970855316944e-05,0.22456223379081872,0.9974153379226794,265958,0.3333333333333333
http://digistrucmed.org/questionnaire#388_SU01_08,4,4.810237313911019e-05,0.22976817383935597,0.9974908586409899,802126,0.3333333333333333
http://digistrucmed.org/questionnaire#358_UM13,4,4.802627957629835e-05,0.26900999220466304,0.9979660673384527,14680,0.3333333333333333
http://digistrucmed.org/questionnaire#387_UM06,4,4.799645371151333e-05,0.2770600686081308,0.998046911971631,16562,0.3333333333333333
http://digistrucmed.org/questionnaire#131_SU01_05,4,4.798303169460269e-05,0.22148316704591867,0.997369000145126,98690,0.3333333333333333
http://digistrucmed.org/questionnaire#235_UM08,4,4.7959410313296326e-05,0.2770600686081308,0.998046911971631,16562,0.3333333333333333
http://digistrucmed.org/questionnaire#252_UM13,4,4.790211853688574e-05,0.26900999220466304,0.9979660673384527,14634,0.3333333333333333
http://digistrucmed.org/questionnaire#155_UM13,4,4.789134549544073e-05,0.26900999220466304,0.9979660673384527,14672,0.3333333333333333
http://digistrucmed.org/questionnaire#287_UM06,4,4.7875198213296726e-05,0.2770600686081308,0.998046911971631,16562,0.3333333333333333
http://digistrucmed.org/questionnaire#287_UM08,4,4.787441191006688e-05,0.2770600686081308,0.998046911971631,16562,0.3333333333333333
http://digistrucmed.org/questionnaire#388_SU01_01,4,4.782673406925955e-05,0.22456223379081872,0.9974153379226794,267322,0.3333333333333333
http://digistrucmed.org/questionnaire#115_SU01_09,4,4.774051379836921e-05,0.23166117417307458,0.9975174782153291,1405230,0.3333333333333333
http://digistrucmed.org/questionnaire#205_SU01_07,4,4.769683949166346e-05,0.22976817383935597,0.9974908586409899,802146,0.3333333333333333
http://digistrucmed.org/questionnaire#307_SU01_08,4,4.760571414876484e-05,0.22456223379081872,0.9974153379226794,265926,0.3333333333333333
http://digistrucmed.org/questionnaire#169_SU01_03,4,4.752126741592404e-05,0.22976817383935597,0.9974908586409899,802138,0.3333333333333333
http://digistrucmed.org/questionnaire#274_SU01_01,4,4.749840813723385e-05,0.22456223379081872,0.9974153379226794,267322,0.3333333333333333
http://digistrucmed.org/questionnaire#388_SU01_03,4,4.7484141577009286e-05,0.22976817383935597,0.9974908586409899,802138,0.3333333333333333
http://digistrucmed.org/questionnaire#205_SU01_05,4,4.747284230549037e-05,0.22976817383935597,0.9974908586409899,802152,0.3333333333333333
http://digistrucmed.org/questionnaire#205_SU01_06,4,4.747112980565512e-05,0.22976817383935597,0.9974908586409899,802152,0.3333333333333333
http://digistrucmed.org/questionnaire#115_SU01_03,4,4.74649736262369e-05,0.23166117417307458,0.9975174782153291,1405242,0.3333333333333333
http://digistrucmed.org/questionnaire#141_UM15,4,4.741309412219475e-05,0.2770802919708029,0.9980471091536631,16564,0.3333333333333333
http://digistrucmed.org/questionnaire#240_SU01_01,4,4.728486182095535e-05,0.22456223379081872,0.9974153379226794,267322,0.3333333333333333
http://digistrucmed.org/questionnaire#205_SU01_09,4,4.72721978994001e-05,0.22976817383935597,0.9974908586409899,802158,0.3333333333333333
http://digistrucmed.org/questionnaire#115_SU01_08,4,4.723662782233483e-05,0.23166117417307458,0.9975174782153291,1405254,0.3333333333333333
http://digistrucmed.org/questionnaire#388_SU01_07,4,4.7230892920081035e-05,0.22976817383935597,0.9974908586409899,802144,0.3333333333333333
http://digistrucmed.org/questionnaire#319_UM06,4,4.714111177442262e-05,0.26897186990717775,0.9979656729743884,14682,0.3333333333333333
http://digistrucmed.org/questionnaire#115_SU01_02,4,4.713622647856877e-05,0.23166117417307458,0.9975174782153291,1405260,0.3333333333333333
http://digistrucmed.org/questionnaire#288_SU01_01,4,4.708864217520103e-05,0.22456223379081872,0.9974153379226794,267322,0.3333333333333333
http://digistrucmed.org/questionnaire#169_SU01_05,4,4.704387333959313e-05,0.22976817383935597,0.9974908586409899,802150,0.3333333333333333
http://digistrucmed.org/questionnaire#169_SU01_06,4,4.7042278040207524e-05,0.22976817383935597,0.9974908586409899,802150,0.3333333333333333
http://digistrucmed.org/questionnaire#388_SU01_06,4,4.7005271095601454e-05,0.22976817383935597,0.9974908586409899,802150,0.3333333333333333
http://digistrucmed.org/questionnaire#115_SU01_04,4,4.6882264697307106e-05,0.23166117417307458,0.9975174782153291,1405278,0.3333333333333333
http://digistrucmed.org/questionnaire#388_SU01_09,4,4.6806273632291046e-05,0.22976817383935597,0.9974908586409899,802156,0.3333333333333333
http://digistrucmed.org/questionnaire#227_UM25,4,4.66078585972974e-05,0.2722317842799771,0.9979989967378204,15916,0.3333333333333333
http://digistrucmed.org/questionnaire#227_UM24,4,4.660722999500409e-05,0.2722317842799771,0.9979989967378204,15916,0.3333333333333333
http://digistrucmed.org/questionnaire#418_SU01_07,4,4.614830760323321e-05,0.22148316704591867,0.997369000145126,98708,0.3333333333333333
http://digistrucmed.org/questionnaire#105_M005,4,4.6120246786008254e-05,0.24328654745882206,0.9976718717464965,146728,0.3333333333333333
http://digistrucmed.org/questionnaire#103_M005,4,4.6116206859765384e-05,0.24328654745882206,0.9976718717464965,146728,0.3333333333333333
http://digistrucmed.org/questionnaire#354_UM03,4,4.610849231170085e-05,0.2724662647143267,0.9980013629222062,15386,0.3333333333333333
http://digistrucmed.org/questionnaire#170_UM07,4,4.60726577663552e-05,0.26897186990717775,0.9979656729743884,14718,0.3333333333333333
http://digistrucmed.org/questionnaire#219_M005,4,4.605519685938866e-05,0.24328654745882206,0.9976718717464965,146816,0.3333333333333333
http://digistrucmed.org/questionnaire#120_M005,4,4.596733614180536e-05,0.24328654745882206,0.9976718717464965,146728,0.3333333333333333
http://digistrucmed.org/questionnaire#382_UM08,4,4.5957245790740565e-05,0.26897186990717775,0.9979656729743884,14358,0.3333333333333333
http://digistrucmed.org/questionnaire#229_M005,4,4.5921379718668505e-05,0.24328654745882206,0.9976718717464965,146664,0.3333333333333333
http://digistrucmed.org/questionnaire#160_M005,4,4.5915487675280296e-05,0.24328654745882206,0.9976718717464965,146728,0.3333333333333333
http://digistrucmed.org/questionnaire#134_M005,4,4.585476472651151e-05,0.24328654745882206,0.9976718717464965,146728,0.3333333333333333
http://digistrucmed.org/questionnaire#161_M005,4,4.5851040063100934e-05,0.24328654745882206,0.9976718717464965,146728,0.3333333333333333
http://digistrucmed.org/questionnaire#162_M005,4,4.5845917640640285e-05,0.24328654745882206,0.9976718717464965,146728,0.3333333333333333
http://digistrucmed.org/questionnaire#67_M005,4,4.5836477679047534e-05,0.24328654745882206,0.9976718717464965,146728,0.3333333333333333
http://digistrucmed.org/questionnaire#148_M005,4,4.5819182935666035e-05,0.24328654745882206,0.9976718717464965,146664,0.3333333333333333
http://digistrucmed.org/questionnaire#83_M005,4,4.5803707925919744e-05,0.24328654745882206,0.9976718717464965,146728,0.3333333333333333
http://digistrucmed.org/questionnaire#220_M005,4,4.5770266896546466e-05,0.24328654745882206,0.9976718717464965,146816,0.3333333333333333
http://digistrucmed.org/questionnaire#63_M005,4,4.573140652586609e-05,0.24328654745882206,0.9976718717464965,146728,0.3333333333333333
http://digistrucmed.org/questionnaire#87_M005,4,4.5722864239375804e-05,0.24328654745882206,0.9976718717464965,146664,0.3333333333333333
http://digistrucmed.org/questionnaire#113_M005,4,4.571353089501116e-05,0.24328654745882206,0.9976718717464965,146664,0.3333333333333333
http://digistrucmed.org/questionnaire#247_M005,4,4.571181896668264e-05,0.24328654745882206,0.9976718717464965,146728,0.3333333333333333
http://digistrucmed.org/questionnaire#88_M005,4,4.5696627270409007e-05,0.24328654745882206,0.9976718717464965,146664,0.3333333333333333
http://digistrucmed.org/questionnaire#278_UM21,4,4.561258686174283e-05,0.2635013188949049,0.9979078986389707,14028,0.3333333333333333
http://digistrucmed.org/questionnaire#140_SU01_08,4,4.5597637796469464e-05,0.22456223379081872,0.9974153379226794,266566,0.3333333333333333
http://digistrucmed.org/questionnaire#155_UM21,4,4.5540172922804955e-05,0.2635013188949049,0.9979078986389707,14064,0.3333333333333333
http://digistrucmed.org/questionnaire#419_UM19,4,4.530712403686239e-05,0.2770600686081308,0.998046911971631,16516,0.3333333333333333
http://digistrucmed.org/questionnaire#211_UM07,4,4.5266297743368484e-05,0.2770600686081308,0.998046911971631,16450,0.3333333333333333
http://digistrucmed.org/questionnaire#358_UM21,4,4.519617044748058e-05,0.2635013188949049,0.9979078986389707,14072,0.3333333333333333
http://digistrucmed.org/questionnaire#299_UM07,4,4.5184412218661955e-05,0.2770600686081308,0.998046911971631,16542,0.3333333333333333
http://digistrucmed.org/questionnaire#252_UM20,4,4.5157384422686244e-05,0.26787100416343235,0.9979542364165241,14620,0.3333333333333333
http://digistrucmed.org/questionnaire#252_UM21,4,4.5062570634554254e-05,0.2635013188949049,0.9979078986389707,14010,0.3333333333333333
http://digistrucmed.org/questionnaire#191_UM24,4,4.50181404701161e-05,0.2722317842799771,0.9979989967378204,15852,0.3333333333333333
http://digistrucmed.org/questionnaire#356_UM01,4,4.501769099801222e-05,0.2766562203920997,0.9980429683309883,16546,0.3333333333333333
http://digistrucmed.org/questionnaire#159_SU01_10,4,4.438150508244427e-05,0.22148316704591867,0.997369000145126,105602,0.3333333333333333
http://digistrucmed.org/questionnaire#140_SU01_04,4,4.433705398355407e-05,0.22456223379081872,0.9974153379226794,266572,0.3333333333333333
http://digistrucmed.org/questionnaire#81_UM09,4,4.4321463716789635e-05,0.26897186990717775,0.9979656729743884,14714,0.3333333333333333
http://digistrucmed.org/questionnaire#357_SU01_10,4,4.421347959882015e-05,0.22148316704591867,0.997369000145126,106302,0.3333333333333333
http://digistrucmed.org/questionnaire#309_UM08,4,4.41800673507935e-05,0.26897186990717775,0.9979656729743884,14660,0.3333333333333333
http://digistrucmed.org/questionnaire#399_UM22,4,4.417410855968081e-05,0.2722317842799771,0.9979989967378204,15920,0.3333333333333333
http://digistrucmed.org/questionnaire#363_UM07,4,4.403666150085846e-05,0.26897186990717775,0.9979656729743884,14750,0.3333333333333333
http://digistrucmed.org/questionnaire#363_UM08,4,4.402648940032807e-05,0.26897186990717775,0.9979656729743884,14750,0.3333333333333333
http://digistrucmed.org/questionnaire#356_UM07,4,4.3989436430133794e-05,0.26897186990717775,0.9979656729743884,14618,0.3333333333333333
http://digistrucmed.org/questionnaire#356_UM09,4,4.398926824152775e-05,0.26897186990717775,0.9979656729743884,14620,0.3333333333333333
http://digistrucmed.org/questionnaire#356_UM08,4,4.397919402262009e-05,0.26897186990717775,0.9979656729743884,14618,0.3333333333333333
http://digistrucmed.org/questionnaire#307_SU01_05,4,4.3939651941328844e-05,0.22456223379081872,0.9974153379226794,265950,0.3333333333333333
http://digistrucmed.org/questionnaire#141_UM21,4,4.3861831067132415e-05,0.2635013188949049,0.9979078986389707,14020,0.3333333333333333
http://digistrucmed.org/questionnaire#209_SU01_05,4,4.381564859929017e-05,0.22456223379081872,0.9974153379226794,267260,0.3333333333333333
http://digistrucmed.org/questionnaire#209_SU01_06,4,4.3815163201430885e-05,0.22456223379081872,0.9974153379226794,267260,0.3333333333333333
http://digistrucmed.org/questionnaire#237_SU01_05,4,4.380723239891455e-05,0.22456223379081872,0.9974153379226794,267260,0.3333333333333333
http://digistrucmed.org/questionnaire#305_UM21,4,4.375486640168969e-05,0.2635013188949049,0.9979078986389707,13964,0.3333333333333333
http://digistrucmed.org/questionnaire#275_UM09,4,4.375443221856404e-05,0.26897186990717775,0.9979656729743884,14658,0.3333333333333333
http://digistrucmed.org/questionnaire#305_UM09,4,4.365825514670444e-05,0.26897186990717775,0.9979656729743884,14616,0.3333333333333333
http://digistrucmed.org/questionnaire#252_UM07,4,4.341996080430954e-05,0.26897186990717775,0.9979656729743884,14644,0.3333333333333333
http://digistrucmed.org/questionnaire#252_UM09,4,4.341957216492751e-05,0.26897186990717775,0.9979656729743884,14646,0.3333333333333333
http://digistrucmed.org/questionnaire#155_UM07,4,4.3412553838075e-05,0.26897186990717775,0.9979656729743884,14682,0.3333333333333333
http://digistrucmed.org/questionnaire#155_UM09,4,4.3412359026135146e-05,0.26897186990717775,0.9979656729743884,14684,0.3333333333333333
http://digistrucmed.org/questionnaire#307_SU01_07,4,4.340426795209837e-05,0.22456223379081872,0.9974153379226794,265956,0.3333333333333333
http://digistrucmed.org/questionnaire#155_UM08,4,4.340228392318946e-05,0.26897186990717775,0.9979656729743884,14682,0.3333333333333333
http://digistrucmed.org/questionnaire#141_UM07,4,4.338931313385841e-05,0.26897186990717775,0.9979656729743884,14654,0.3333333333333333
http://digistrucmed.org/questionnaire#141_UM08,4,4.3379049341061685e-05,0.26897186990717775,0.9979656729743884,14654,0.3333333333333333
http://digistrucmed.org/questionnaire#237_SU01_07,4,4.3272571173368715e-05,0.22456223379081872,0.9974153379226794,267266,0.3333333333333333
http://digistrucmed.org/questionnaire#81_UM25,4,4.322119008009013e-05,0.2722317842799771,0.9979989967378204,15910,0.3333333333333333
http://digistrucmed.org/questionnaire#140_SU01_03,4,4.3136921526380725e-05,0.22148316704591867,0.997369000145126,98698,0.3333333333333333
http://digistrucmed.org/questionnaire#337_UM19,4,4.313320701097603e-05,0.2770600686081308,0.998046911971631,16504,0.3333333333333333
http://digistrucmed.org/questionnaire#211_UM21,4,4.3125669347025036e-05,0.2635013188949049,0.9979078986389707,13958,0.3333333333333333
http://digistrucmed.org/questionnaire#344_UM19,4,4.301402257386972e-05,0.2724662647143267,0.9980013629222062,15336,0.3333333333333333
http://digistrucmed.org/questionnaire#399_UM23,4,4.297933988568171e-05,0.2722317842799771,0.9979989967378204,15926,0.3333333333333333
http://digistrucmed.org/questionnaire#100_UM19,4,4.296869870915956e-05,0.2770600686081308,0.998046911971631,16548,0.3333333333333333
http://digistrucmed.org/questionnaire#155_UM20,4,4.2961984739445535e-05,0.2635013188949049,0.9979078986389707,14070,0.3333333333333333
http://digistrucmed.org/questionnaire#371_UM11,4,4.2810444487800196e-05,0.2770600686081308,0.998046911971631,16428,0.3333333333333333
http://digistrucmed.org/questionnaire#170_UM22,4,4.2792516541426595e-05,0.2722317842799771,0.9979989967378204,15918,0.3333333333333333
http://digistrucmed.org/questionnaire#382_UM04,4,4.2681552510387756e-05,0.26897186990717775,0.9979656729743884,14362,0.3333333333333333
http://digistrucmed.org/questionnaire#141_UM16,4,4.26796874874132e-05,0.2651393448348118,0.9979254478398315,13572,0.3333333333333333
http://digistrucmed.org/questionnaire#382_UM06,4,4.267425847637892e-05,0.26897186990717775,0.9979656729743884,14364,0.3333333333333333
http://digistrucmed.org/questionnaire#127_UM24,4,4.2665755184390566e-05,0.2722317842799771,0.9979989967378204,15846,0.3333333333333333
http://digistrucmed.org/questionnaire#305_UM08,4,4.2623508620751177e-05,0.2770600686081308,0.998046911971631,16514,0.3333333333333333
http://digistrucmed.org/questionnaire#358_UM20,4,4.261509545261969e-05,0.2635013188949049,0.9979078986389707,14078,0.3333333333333333
http://digistrucmed.org/questionnaire#315_UM25,4,4.251699200796025e-05,0.2722317842799771,0.9979989967378204,15908,0.3333333333333333
http://digistrucmed.org/questionnaire#191_UM23,4,4.241256538746926e-05,0.2722317842799771,0.9979989967378204,15864,0.3333333333333333
http://digistrucmed.org/questionnaire#287_UM20,4,4.236103741933089e-05,0.2635013188949049,0.9979078986389707,14038,0.3333333333333333
http://digistrucmed.org/questionnaire#297_UM20,4,4.2290650406523666e-05,0.2635013188949049,0.9979078986389707,14034,0.3333333333333333
http://digistrucmed.org/questionnaire#139_UM19,4,4.228961262596865e-05,0.2770600686081308,0.998046911971631,16494,0.3333333333333333
http://digistrucmed.org/questionnaire#319_UM25,4,4.219451175596798e-05,0.2722317842799771,0.9979989967378204,15844,0.3333333333333333
http://digistrucmed.org/questionnaire#319_UM24,4,4.219388198948063e-05,0.2722317842799771,0.9979989967378204,15844,0.3333333333333333
http://digistrucmed.org/questionnaire#354_UM19,4,4.21751099491262e-05,0.2770600686081308,0.998046911971631,16538,0.3333333333333333
http://digistrucmed.org/questionnaire#371_UM20,4,4.210545435205044e-05,0.26787100416343235,0.9979542364165241,14558,0.3333333333333333
http://digistrucmed.org/questionnaire#131_SU01_03,4,4.206124383783884e-05,0.22148316704591867,0.997369000145126,98696,0.3333333333333333
http://digistrucmed.org/questionnaire#227_UM04,4,4.2037196974966236e-05,0.26897186990717775,0.9979656729743884,14720,0.3333333333333333
http://digistrucmed.org/questionnaire#431_UM25,4,4.1964088778885475e-05,0.2722317842799771,0.9979989967378204,15906,0.3333333333333333
http://digistrucmed.org/questionnaire#431_UM24,4,4.196347253443793e-05,0.2722317842799771,0.9979989967378204,15906,0.3333333333333333
http://digistrucmed.org/questionnaire#399_UM01,4,4.196135432961711e-05,0.2766562203920997,0.9980429683309883,16590,0.3333333333333333
http://digistrucmed.org/questionnaire#307_SU01_03,4,4.1945026803151e-05,0.22148316704591867,0.997369000145126,98056,0.3333333333333333
http://digistrucmed.org/questionnaire#140_SU01_05,4,4.193448694229852e-05,0.22456223379081872,0.9974153379226794,266590,0.3333333333333333
http://digistrucmed.org/questionnaire#243_UM11,4,4.1904194099263e-05,0.2770600686081308,0.998046911971631,16518,0.3333333333333333
http://digistrucmed.org/questionnaire#222_UM11,4,4.1897575639235106e-05,0.2770600686081308,0.998046911971631,16516,0.3333333333333333
http://digistrucmed.org/questionnaire#81_UM22,4,4.1809885839500364e-05,0.2722317842799771,0.9979989967378204,15916,0.3333333333333333
http://digistrucmed.org/questionnaire#243_UM17,4,4.160669475614526e-05,0.25987540220442257,0.9978682650505102,12276,0.3333333333333333
http://digistrucmed.org/questionnaire#170_UM23,4,4.1597818195807196e-05,0.2722317842799771,0.9979989967378204,15924,0.3333333333333333
http://digistrucmed.org/questionnaire#235_UM20,4,4.1563529181083605e-05,0.2635013188949049,0.9979078986389707,14032,0.3333333333333333
http://digistrucmed.org/questionnaire#316_UM11,4,4.13746303052366e-05,0.2770600686081308,0.998046911971631,16468,0.3333333333333333
http://digistrucmed.org/questionnaire#141_UM20,4,4.128031733898742e-05,0.2635013188949049,0.9979078986389707,14026,0.3333333333333333
http://digistrucmed.org/questionnaire#273_UM20,4,4.1257448272397116e-05,0.2635013188949049,0.9979078986389707,14038,0.3333333333333333
http://digistrucmed.org/questionnaire#315_UM22,4,4.110612631025085e-05,0.2722317842799771,0.9979989967378204,15914,0.3333333333333333
http://digistrucmed.org/questionnaire#177_UM07,4,4.107626585717169e-05,0.2770600686081308,0.998046911971631,16490,0.3333333333333333
http://digistrucmed.org/questionnaire#211_UM13,4,4.091125488799641e-05,0.2771005182860063,0.9980473063356953,16470,0.3333333333333333
http://digistrucmed.org/questionnaire#309_UM04,4,4.090457368876558e-05,0.26897186990717775,0.9979656729743884,14664,0.3333333333333333
http://digistrucmed.org/questionnaire#309_UM06,4,4.089701692782667e-05,0.26897186990717775,0.9979656729743884,14666,0.3333333333333333
http://digistrucmed.org/questionnaire#209_SU01_01,4,4.07874089595758e-05,0.22456223379081872,0.9974153379226794,267320,0.3333333333333333
http://digistrucmed.org/questionnaire#319_UM22,4,4.078352284437292e-05,0.2722317842799771,0.9979989967378204,15850,0.3333333333333333
http://digistrucmed.org/questionnaire#237_SU01_01,4,4.077909065382354e-05,0.22456223379081872,0.9974153379226794,267320,0.3333333333333333
http://digistrucmed.org/questionnaire#363_UM04,4,4.0754348934823537e-05,0.26897186990717775,0.9979656729743884,14754,0.3333333333333333
http://digistrucmed.org/questionnaire#356_UM06,4,4.069742416603833e-05,0.26897186990717775,0.9979656729743884,14624,0.3333333333333333
http://digistrucmed.org/questionnaire#382_UM02,4,4.065285857832357e-05,0.2724662647143267,0.9980013629222062,14988,0.3333333333333333
http://digistrucmed.org/questionnaire#299_UM21,4,4.065001563214565e-05,0.2722317842799771,0.9979989967378204,15972,0.3333333333333333
http://digistrucmed.org/questionnaire#337_UM11,4,4.060173317520733e-05,0.2770600686081308,0.998046911971631,16508,0.3333333333333333
http://digistrucmed.org/questionnaire#431_UM22,4,4.05534896993509e-05,0.2722317842799771,0.9979989967378204,15912,0.3333333333333333
http://digistrucmed.org/questionnaire#211_UM20,4,4.05440294523735e-05,0.2635013188949049,0.9979078986389707,13964,0.3333333333333333
http://digistrucmed.org/questionnaire#139_UM25,4,4.0525852822840825e-05,0.2722317842799771,0.9979989967378204,15884,0.3333333333333333
http://digistrucmed.org/questionnaire#139_UM24,4,4.052523049259604e-05,0.2722317842799771,0.9979989967378204,15884,0.3333333333333333
http://digistrucmed.org/questionnaire#356_UM21,4,4.0466636359068225e-05,0.2722317842799771,0.9979989967378204,15848,0.3333333333333333
http://digistrucmed.org/questionnaire#305_UM06,4,4.0367981881248564e-05,0.26897186990717775,0.9979656729743884,14620,0.3333333333333333
http://digistrucmed.org/questionnaire#354_UM25,4,4.033425200366731e-05,0.2722317842799771,0.9979989967378204,15944,0.3333333333333333
http://digistrucmed.org/questionnaire#354_UM24,4,4.033362725383322e-05,0.2722317842799771,0.9979989967378204,15944,0.3333333333333333
http://digistrucmed.org/questionnaire#155_UM02,4,4.032352536581303e-05,0.2724662647143267,0.9980013629222062,15344,0.3333333333333333
http://digistrucmed.org/questionnaire#100_UM25,4,4.028789637472851e-05,0.2722317842799771,0.9979989967378204,15954,0.3333333333333333
http://digistrucmed.org/questionnaire#100_UM24,4,4.028726813363971e-05,0.2722317842799771,0.9979989967378204,15954,0.3333333333333333
http://digistrucmed.org/questionnaire#358_UM04,4,4.0262579168491325e-05,0.26897186990717775,0.9979656729743884,14694,0.3333333333333333
http://digistrucmed.org/questionnaire#358_UM06,4,4.025539235066826e-05,0.26897186990717775,0.9979656729743884,14696,0.3333333333333333
http://digistrucmed.org/questionnaire#252_UM04,4,4.014079694759105e-05,0.26897186990717775,0.9979656729743884,14648,0.3333333333333333
http://digistrucmed.org/questionnaire#155_UM04,4,4.0136041054367374e-05,0.26897186990717775,0.9979656729743884,14686,0.3333333333333333
http://digistrucmed.org/questionnaire#155_UM06,4,4.012873657448948e-05,0.26897186990717775,0.9979656729743884,14688,0.3333333333333333
http://digistrucmed.org/questionnaire#344_UM25,4,4.012069475463902e-05,0.2722317842799771,0.9979989967378204,15826,0.3333333333333333
http://digistrucmed.org/questionnaire#344_UM24,4,4.012007529406866e-05,0.2722317842799771,0.9979989967378204,15826,0.3333333333333333
http://digistrucmed.org/questionnaire#275_UM20,4,4.010802010932476e-05,0.26787100416343235,0.9979542364165241,14608,0.3333333333333333
http://digistrucmed.org/questionnaire#337_UM25,4,4.007193753771271e-05,0.2722317842799771,0.9979989967378204,15894,0.3333333333333333
http://digistrucmed.org/questionnaire#337_UM24,4,4.007131196442539e-05,0.2722317842799771,0.9979989967378204,15894,0.3333333333333333
http://digistrucmed.org/questionnaire#127_UM23,4,4.006112904611046e-05,0.2722317842799771,0.9979989967378204,15858,0.3333333333333333
http://digistrucmed.org/questionnaire#252_UM24,4,4.0002261817506485e-05,0.26787100416343235,0.9979542364165241,14656,0.3333333333333333
http://digistrucmed.org/questionnaire#344_UM11,4,3.9954707976169535e-05,0.2770600686081308,0.998046911971631,16456,0.3333333333333333
http://digistrucmed.org/questionnaire#356_UM12,4,3.994213161878624e-05,0.2770802919708029,0.9980471091536631,16470,0.3333333333333333
http://digistrucmed.org/questionnaire#363_UM17,4,3.988182731705286e-05,0.25987540220442257,0.9978682650505102,12304,0.3333333333333333
http://digistrucmed.org/questionnaire#170_UM17,4,3.987638607306308e-05,0.25987540220442257,0.9978682650505102,12264,0.3333333333333333
http://digistrucmed.org/questionnaire#243_UM22,4,3.983943442743679e-05,0.2722317842799771,0.9979989967378204,15910,0.3333333333333333
http://digistrucmed.org/questionnaire#299_UM20,4,3.979384902786282e-05,0.2722317842799771,0.9979989967378204,15984,0.3333333333333333
http://digistrucmed.org/questionnaire#139_UM11,4,3.975998092011907e-05,0.2770600686081308,0.998046911971631,16498,0.3333333333333333
http://digistrucmed.org/questionnaire#227_UM17,4,3.9673007563096347e-05,0.25987540220442257,0.9978682650505102,12262,0.3333333333333333
http://digistrucmed.org/questionnaire#315_UM07,4,3.967006153356502e-05,0.2770600686081308,0.998046911971631,16532,0.3333333333333333
http://digistrucmed.org/questionnaire#354_UM11,4,3.9645863543483944e-05,0.2770600686081308,0.998046911971631,16542,0.3333333333333333
http://digistrucmed.org/questionnaire#321_UM09,4,3.9641680268013146e-05,0.2770600686081308,0.998046911971631,16534,0.3333333333333333
http://digistrucmed.org/questionnaire#356_UM20,4,3.960986729371489e-05,0.2722317842799771,0.9979989967378204,15860,0.3333333333333333
http://digistrucmed.org/questionnaire#319_UM23,4,3.958913311389941e-05,0.2722317842799771,0.9979989967378204,15856,0.3333333333333333
http://digistrucmed.org/questionnaire#140_SU01_09,4,3.9555965068624187e-05,0.22148316704591867,0.997369000145126,98704,0.3333333333333333
http://digistrucmed.org/questionnaire#140_SU01_07,4,3.955172633999935e-05,0.22148316704591867,0.997369000145126,98704,0.3333333333333333
http://digistrucmed.org/questionnaire#243_UM24,4,3.947309396499786e-05,0.2635013188949049,0.9979078986389707,14128,0.3333333333333333
http://digistrucmed.org/questionnaire#421_UM01,4,3.9441646472436215e-05,0.2720756880733945,0.9979974192815634,14962,0.3333333333333333
http://digistrucmed.org/questionnaire#431_UM23,4,3.935943163095929e-05,0.2722317842799771,0.9979989967378204,15918,0.3333333333333333
http://digistrucmed.org/questionnaire#399_UM17,4,3.928382800548267e-05,0.25987540220442257,0.9978682650505102,12258,0.3333333333333333
http://digistrucmed.org/questionnaire#363_UM20,4,3.923238905767907e-05,0.26787100416343235,0.9979542364165241,14724,0.3333333333333333
http://digistrucmed.org/questionnaire#139_UM22,4,3.91171633286063e-05,0.2722317842799771,0.9979989967378204,15890,0.3333333333333333
http://digistrucmed.org/questionnaire#371_UM09,4,3.9082293978861785e-05,0.2770600686081308,0.998046911971631,16440,0.3333333333333333
http://digistrucmed.org/questionnaire#371_UM07,4,3.907926967425174e-05,0.2770600686081308,0.998046911971631,16438,0.3333333333333333
http://digistrucmed.org/questionnaire#419_UM09,4,3.9046449325211205e-05,0.2770600686081308,0.998046911971631,16532,0.3333333333333333
http://digistrucmed.org/questionnaire#319_UM09,4,3.899092105012322e-05,0.2770600686081308,0.998046911971631,16486,0.3333333333333333
http://digistrucmed.org/questionnaire#354_UM22,4,3.892572833806037e-05,0.2722317842799771,0.9979989967378204,15950,0.3333333333333333
http://digistrucmed.org/questionnaire#140_SU01_01,4,3.890477442132436e-05,0.22456223379081872,0.9974153379226794,266650,0.3333333333333333
http://digistrucmed.org/questionnaire#100_UM22,4,3.8878162044408005e-05,0.2722317842799771,0.9979989967378204,15960,0.3333333333333333
http://digistrucmed.org/questionnaire#431_UM01,4,3.885446828887207e-05,0.2766562203920997,0.9980429683309883,16582,0.3333333333333333
http://digistrucmed.org/questionnaire#305_UM20,4,3.885435062058192e-05,0.26787100416343235,0.9979542364165241,14548,0.3333333333333333
http://digistrucmed.org/questionnaire#211_UM14,4,3.883100097306171e-05,0.2771005182860063,0.9980473063356953,16488,0.3333333333333333
http://digistrucmed.org/questionnaire#335_SU01_10,4,3.8803173382102045e-05,0.22148316704591867,0.997369000145126,98090,0.3333333333333333
http://digistrucmed.org/questionnaire#344_UM22,4,3.8711652897823394e-05,0.2722317842799771,0.9979989967378204,15832,0.3333333333333333
http://digistrucmed.org/questionnaire#241_UM20,4,3.8674961663022444e-05,0.26787100416343235,0.9979542364165241,14656,0.3333333333333333
http://digistrucmed.org/questionnaire#243_UM23,4,3.864501691957849e-05,0.2722317842799771,0.9979989967378204,15916,0.3333333333333333
http://digistrucmed.org/questionnaire#170_UM10,4,3.858641506814861e-05,0.2770600686081308,0.998046911971631,16550,0.3333333333333333
http://digistrucmed.org/questionnaire#369_UM17,4,3.85839983267201e-05,0.25987540220442257,0.9978682650505102,12246,0.3333333333333333
http://digistrucmed.org/questionnaire#201_UM09,4,3.854869640316354e-05,0.2770600686081308,0.998046911971631,16530,0.3333333333333333
http://digistrucmed.org/questionnaire#387_UM20,4,3.8546823384207285e-05,0.26787100416343235,0.9979542364165241,14606,0.3333333333333333
http://digistrucmed.org/questionnaire#369_UM20,4,3.851791035122535e-05,0.26787100416343235,0.9979542364165241,14646,0.3333333333333333
http://digistrucmed.org/questionnaire#131_SU01_09,4,3.848232774014984e-05,0.22148316704591867,0.997369000145126,98702,0.3333333333333333
http://digistrucmed.org/questionnaire#131_SU01_07,4,3.84780530268901e-05,0.22148316704591867,0.997369000145126,98702,0.3333333333333333
http://digistrucmed.org/questionnaire#222_UM09,4,3.817173344900781e-05,0.2770600686081308,0.998046911971631,16528,0.3333333333333333
http://digistrucmed.org/questionnaire#222_UM07,4,3.816876859361208e-05,0.2770600686081308,0.998046911971631,16526,0.3333333333333333
http://digistrucmed.org/questionnaire#243_UM01,4,3.796530557078435e-05,0.2766562203920997,0.9980429683309883,16580,0.3333333333333333
http://digistrucmed.org/questionnaire#222_UM01,4,3.796028276799727e-05,0.2766562203920997,0.9980429683309883,16578,0.3333333333333333
http://digistrucmed.org/questionnaire#399_UM21,4,3.792704841594152e-05,0.2722317842799771,0.9979989967378204,15968,0.3333333333333333
http://digistrucmed.org/questionnaire#139_UM23,4,3.792463304873825e-05,0.2722317842799771,0.9979989967378204,15896,0.3333333333333333
http://digistrucmed.org/questionnaire#369_UM19,4,3.7818963319444284e-05,0.26897186990717775,0.9979656729743884,14768,0.3333333333333333
http://digistrucmed.org/questionnaire#155_UM24,4,3.7779597975324176e-05,0.2635013188949049,0.9979078986389707,14088,0.3333333333333333
http://digistrucmed.org/questionnaire#354_UM23,4,3.773333841521696e-05,0.2722317842799771,0.9979989967378204,15956,0.3333333333333333
http://digistrucmed.org/questionnaire#100_UM23,4,3.768477210298073e-05,0.2722317842799771,0.9979989967378204,15966,0.3333333333333333
http://digistrucmed.org/questionnaire#316_UM09,4,3.764917966504487e-05,0.2770600686081308,0.998046911971631,16480,0.3333333333333333
http://digistrucmed.org/questionnaire#421_UM02,4,3.7595666413871035e-05,0.2724662647143267,0.9980013629222062,14926,0.3333333333333333
http://digistrucmed.org/questionnaire#371_UM21,4,3.75628839150195e-05,0.26787100416343235,0.9979542364165241,14588,0.3333333333333333
http://digistrucmed.org/questionnaire#344_UM23,4,3.751884515944892e-05,0.2722317842799771,0.9979989967378204,15838,0.3333333333333333
http://digistrucmed.org/questionnaire#337_UM23,4,3.74690792137819e-05,0.2722317842799771,0.9979989967378204,15906,0.3333333333333333
http://digistrucmed.org/questionnaire#316_UM01,4,3.7437744414749414e-05,0.2766562203920997,0.9980429683309883,16530,0.3333333333333333
http://digistrucmed.org/questionnaire#358_UM24,4,3.742678183183239e-05,0.2635013188949049,0.9979078986389707,14096,0.3333333333333333
http://digistrucmed.org/questionnaire#191_UM21,4,3.736035025061088e-05,0.2722317842799771,0.9979989967378204,15906,0.3333333333333333
http://digistrucmed.org/questionnaire#273_UM21,4,3.734916281235473e-05,0.2722317842799771,0.9979989967378204,15906,0.3333333333333333
http://digistrucmed.org/questionnaire#315_UM02,4,3.73044084082365e-05,0.26897186990717775,0.9979656729743884,14732,0.3333333333333333
http://digistrucmed.org/questionnaire#127_UM20,4,3.727151703123018e-05,0.26787100416343235,0.9979542364165241,14604,0.3333333333333333
http://digistrucmed.org/questionnaire#275_UM24,4,3.7254379865666753e-05,0.2635013188949049,0.9979078986389707,14046,0.3333333333333333
http://digistrucmed.org/questionnaire#337_UM22,4,3.723799659203351e-05,0.26787100416343235,0.9979542364165241,14704,0.3333333333333333
http://digistrucmed.org/questionnaire#382_UM07,4,3.719700675635876e-05,0.2724662647143267,0.9980013629222062,15044,0.3333333333333333
http://digistrucmed.org/questionnaire#211_UM06,4,3.7180370806528156e-05,0.2770600686081308,0.998046911971631,16510,0.3333333333333333
http://digistrucmed.org/questionnaire#299_UM06,4,3.710008906852488e-05,0.2770600686081308,0.998046911971631,16602,0.3333333333333333
http://digistrucmed.org/questionnaire#226_UM20,4,3.709524629233879e-05,0.26787100416343235,0.9979542364165241,14664,0.3333333333333333
http://digistrucmed.org/questionnaire#399_UM20,4,3.707105507487498e-05,0.2722317842799771,0.9979989967378204,15980,0.3333333333333333
http://digistrucmed.org/questionnaire#227_UM14,4,3.7059326786453575e-05,0.2771005182860063,0.9980473063356953,16578,0.3333333333333333
http://digistrucmed.org/questionnaire#421_UM04,4,3.705239057756849e-05,0.2724662647143267,0.9980013629222062,14932,0.3333333333333333
http://digistrucmed.org/questionnaire#241_UM16,4,3.70512470302458e-05,0.2548848452293024,0.9978118709893175,11728,0.3333333333333333
http://digistrucmed.org/questionnaire#222_UM24,4,3.705119288989003e-05,0.2635013188949049,0.9979078986389707,14122,0.3333333333333333
http://digistrucmed.org/questionnaire#321_UM10,4,3.704530028339395e-05,0.2770600686081308,0.998046911971631,16546,0.3333333333333333
http://digistrucmed.org/questionnaire#227_UM20,4,3.703180061435598e-05,0.26787100416343235,0.9979542364165241,14662,0.3333333333333333
http://digistrucmed.org/questionnaire#226_UM12,4,3.703003799974506e-05,0.2770802919708029,0.9980471091536631,16558,0.3333333333333333
http://digistrucmed.org/questionnaire#273_UM12,4,3.699801128525827e-05,0.2770802919708029,0.9980471091536631,16512,0.3333333333333333
http://digistrucmed.org/questionnaire#191_UM12,4,3.697466940744086e-05,0.2770802919708029,0.9980471091536631,16512,0.3333333333333333
http://digistrucmed.org/questionnaire#337_UM07,4,3.6875045445918975e-05,0.2770600686081308,0.998046911971631,16518,0.3333333333333333
http://digistrucmed.org/questionnaire#177_UM13,4,3.672364103355178e-05,0.2771005182860063,0.9980473063356953,16510,0.3333333333333333
http://digistrucmed.org/questionnaire#371_UM02,4,3.669938999134009e-05,0.26897186990717775,0.9979656729743884,14638,0.3333333333333333
http://digistrucmed.org/questionnaire#309_UM21,4,3.6672095832579465e-05,0.26787100416343235,0.9979542364165241,14642,0.3333333333333333
http://digistrucmed.org/questionnaire#337_UM01,4,3.666653792433204e-05,0.2766562203920997,0.9980429683309883,16570,0.3333333333333333
http://digistrucmed.org/questionnaire#170_UM21,4,3.654573276219868e-05,0.2722317842799771,0.9979989967378204,15966,0.3333333333333333
http://digistrucmed.org/questionnaire#211_UM15,4,3.651941753229283e-05,0.2770802919708029,0.9980471091536631,16512,0.3333333333333333
http://digistrucmed.org/questionnaire#299_UM24,4,3.650936733303859e-05,0.2635013188949049,0.9979078986389707,14118,0.3333333333333333
http://digistrucmed.org/questionnaire#191_UM20,4,3.6504378766510786e-05,0.2722317842799771,0.9979989967378204,15918,0.3333333333333333
http://digistrucmed.org/questionnaire#100_UM01,4,3.650159788772862e-05,0.2766562203920997,0.9980429683309883,16614,0.3333333333333333
http://digistrucmed.org/questionnaire#155_UM16,4,3.648027880462021e-05,0.25987540220442257,0.9978682650505102,12334,0.3333333333333333
http://digistrucmed.org/questionnaire#419_UM10,4,3.645040570758139e-05,0.2770600686081308,0.998046911971631,16544,0.3333333333333333
http://digistrucmed.org/questionnaire#299_UM15,4,3.643929137698214e-05,0.2770802919708029,0.9980471091536631,16604,0.3333333333333333
http://digistrucmed.org/questionnaire#278_UM02,4,3.6396486391824564e-05,0.26897186990717775,0.9979656729743884,14678,0.3333333333333333
http://digistrucmed.org/questionnaire#241_UM22,4,3.638361603358197e-05,0.2635013188949049,0.9979078986389707,14140,0.3333333333333333
http://digistrucmed.org/questionnaire#235_UM24,4,3.63729590860566e-05,0.2635013188949049,0.9979078986389707,14050,0.3333333333333333
http://digistrucmed.org/questionnaire#356_UM15,4,3.636760122316227e-05,0.2770802919708029,0.9980471091536631,16512,0.3333333333333333
http://digistrucmed.org/questionnaire#309_UM02,4,3.6268243809984076e-05,0.26897186990717775,0.9979656729743884,14676,0.3333333333333333
http://digistrucmed.org/questionnaire#344_UM09,4,3.6232553599071256e-05,0.2770600686081308,0.998046911971631,16468,0.3333333333333333
http://digistrucmed.org/questionnaire#344_UM07,4,3.622959061656231e-05,0.2770600686081308,0.998046911971631,16466,0.3333333333333333
http://digistrucmed.org/questionnaire#387_UM24,4,3.622284361207144e-05,0.2635013188949049,0.9979078986389707,14048,0.3333333333333333
http://digistrucmed.org/questionnaire#297_UM02,4,3.612787296874796e-05,0.26897186990717775,0.9979656729743884,14678,0.3333333333333333
http://digistrucmed.org/questionnaire#141_UM24,4,3.6091935066492386e-05,0.2635013188949049,0.9979078986389707,14044,0.3333333333333333
http://digistrucmed.org/questionnaire#81_UM24,4,3.6090971813769094e-05,0.2635013188949049,0.9979078986389707,14118,0.3333333333333333
http://digistrucmed.org/questionnaire#81_UM13,4,3.606696556922979e-05,0.2771005182860063,0.9980473063356953,16554,0.3333333333333333
http://digistrucmed.org/questionnaire#177_UM20,4,3.606408718292462e-05,0.2722317842799771,0.9979989967378204,15916,0.3333333333333333
http://digistrucmed.org/questionnaire#222_UM25,4,3.605779419400376e-05,0.26787100416343235,0.9979542364165241,14694,0.3333333333333333
http://digistrucmed.org/questionnaire#139_UM09,4,3.603881754839808e-05,0.2770600686081308,0.998046911971631,16510,0.3333333333333333
http://digistrucmed.org/questionnaire#139_UM07,4,3.6035855487287675e-05,0.2770600686081308,0.998046911971631,16508,0.3333333333333333
http://digistrucmed.org/questionnaire#201_UM10,4,3.595293524030486e-05,0.2770600686081308,0.998046911971631,16542,0.3333333333333333
http://digistrucmed.org/questionnaire#139_UM01,4,3.593510995866238e-05,0.2766562203920997,0.9980429683309883,16604,0.3333333333333333
http://digistrucmed.org/questionnaire#354_UM09,4,3.592520236099946e-05,0.2770600686081308,0.998046911971631,16554,0.3333333333333333
http://digistrucmed.org/questionnaire#354_UM07,4,3.592224521824129e-05,0.2770600686081308,0.998046911971631,16552,0.3333333333333333
http://digistrucmed.org/questionnaire#177_UM12,4,3.590512496521587e-05,0.2770802919708029,0.9980471091536631,16510,0.3333333333333333
http://digistrucmed.org/questionnaire#275_UM02,4,3.5842114562462015e-05,0.26897186990717775,0.9979656729743884,14672,0.3333333333333333
http://digistrucmed.org/questionnaire#226_UM14,4,3.576934288224514e-05,0.2771005182860063,0.9980473063356953,16576,0.3333333333333333
http://digistrucmed.org/questionnaire#252_UM06,4,3.5738965506352984e-05,0.2724662647143267,0.9980013629222062,15290,0.3333333333333333
http://digistrucmed.org/questionnaire#273_UM14,4,3.57372082732678e-05,0.2771005182860063,0.9980473063356953,16530,0.3333333333333333
http://digistrucmed.org/questionnaire#410_M005,4,3.572862496079673e-05,0.24328654745882206,0.9976718717464965,146968,0.3333333333333333
http://digistrucmed.org/questionnaire#243_UM25,4,3.571772715824881e-05,0.26787100416343235,0.9979542364165241,14694,0.3333333333333333
http://digistrucmed.org/questionnaire#354_UM01,4,3.571374701927599e-05,0.2766562203920997,0.9980429683309883,16604,0.3333333333333333
http://digistrucmed.org/questionnaire#387_UM02,4,3.570743407654222e-05,0.26897186990717775,0.9979656729743884,14674,0.3333333333333333
http://digistrucmed.org/questionnaire#170_UM20,4,3.568976658480423e-05,0.2722317842799771,0.9979989967378204,15978,0.3333333333333333
http://digistrucmed.org/questionnaire#146_M005,4,3.5668447694136406e-05,0.24328654745882206,0.9976718717464965,146968,0.3333333333333333
http://digistrucmed.org/questionnaire#107_M005,4,3.5655684025466006e-05,0.24328654745882206,0.9976718717464965,146860,0.3333333333333333
http://digistrucmed.org/questionnaire#60_M005,4,3.565460149012923e-05,0.24328654745882206,0.9976718717464965,146888,0.3333333333333333
http://digistrucmed.org/questionnaire#84_M005,4,3.562696417862122e-05,0.24328654745882206,0.9976718717464965,146892,0.3333333333333333
http://digistrucmed.org/questionnaire#316_UM25,4,3.5604155300937705e-05,0.26787100416343235,0.9979542364165241,14630,0.3333333333333333
http://digistrucmed.org/questionnaire#278_UM23,4,3.559754657484276e-05,0.2635013188949049,0.9979078986389707,14064,0.3333333333333333
http://digistrucmed.org/questionnaire#243_UM10,4,3.5580232546051597e-05,0.2770600686081308,0.998046911971631,16542,0.3333333333333333
http://digistrucmed.org/questionnaire#222_UM10,4,3.5576314429336015e-05,0.2770600686081308,0.998046911971631,16540,0.3333333333333333
http://digistrucmed.org/questionnaire#356_UM16,4,3.557389387999326e-05,0.2548848452293024,0.9978118709893175,11638,0.3333333333333333
http://digistrucmed.org/questionnaire#145_M005,4,3.557257356284871e-05,0.24328654745882206,0.9976718717464965,146880,0.3333333333333333
http://digistrucmed.org/questionnaire#275_UM21,4,3.556907272979014e-05,0.26787100416343235,0.9979542364165241,14638,0.3333333333333333
http://digistrucmed.org/questionnaire#81_UM21,4,3.5563309302499227e-05,0.2722317842799771,0.9979989967378204,15964,0.3333333333333333
http://digistrucmed.org/questionnaire#155_UM23,4,3.554803548947931e-05,0.2635013188949049,0.9979078986389707,14100,0.3333333333333333
http://digistrucmed.org/questionnaire#325_M005,4,3.5538976125558236e-05,0.24328654745882206,0.9976718717464965,146904,0.3333333333333333
http://digistrucmed.org/questionnaire#52_M005,4,3.553889774095951e-05,0.24328654745882206,0.9976718717464965,146904,0.3333333333333333
http://digistrucmed.org/questionnaire#147_M005,4,3.55379594346112e-05,0.24328654745882206,0.9976718717464965,146880,0.3333333333333333
http://digistrucmed.org/questionnaire#252_UM02,4,3.551403623993464e-05,0.26897186990717775,0.9979656729743884,14660,0.3333333333333333
http://digistrucmed.org/questionnaire#133_M005,4,3.5509357607999665e-05,0.24328654745882206,0.9976718717464965,146880,0.3333333333333333
http://digistrucmed.org/questionnaire#216_M005,4,3.5498004395261646e-05,0.24328654745882206,0.9976718717464965,146880,0.3333333333333333
http://digistrucmed.org/questionnaire#58_M005,4,3.5488458398140176e-05,0.24328654745882206,0.9976718717464965,146968,0.3333333333333333
http://digistrucmed.org/questionnaire#129_M005,4,3.5469810272672135e-05,0.24328654745882206,0.9976718717464965,146880,0.3333333333333333
http://digistrucmed.org/questionnaire#278_UM16,4,3.545945948988876e-05,0.2548848452293024,0.9978118709893175,11678,0.3333333333333333
http://digistrucmed.org/questionnaire#369_UM25,4,3.544418036604273e-05,0.26787100416343235,0.9979542364165241,14664,0.3333333333333333
http://digistrucmed.org/questionnaire#239_M005,4,3.544266372606949e-05,0.24328654745882206,0.9976718717464965,146880,0.3333333333333333
http://digistrucmed.org/questionnaire#151_M005,4,3.543466883444385e-05,0.24328654745882206,0.9976718717464965,146876,0.3333333333333333
http://digistrucmed.org/questionnaire#231_M005,4,3.543042491735212e-05,0.24328654745882206,0.9976718717464965,146880,0.3333333333333333
http://digistrucmed.org/questionnaire#132_M005,4,3.5429373998849504e-05,0.24328654745882206,0.9976718717464965,146880,0.3333333333333333
http://digistrucmed.org/questionnaire#135_M005,4,3.542909253265296e-05,0.24328654745882206,0.9976718717464965,146968,0.3333333333333333
http://digistrucmed.org/questionnaire#246_M005,4,3.541661024150704e-05,0.24328654745882206,0.9976718717464965,146904,0.3333333333333333
http://digistrucmed.org/questionnaire#164_M005,4,3.540784207984027e-05,0.24328654745882206,0.9976718717464965,146880,0.3333333333333333
http://digistrucmed.org/questionnaire#130_M005,4,3.5383013625751436e-05,0.24328654745882206,0.9976718717464965,146880,0.3333333333333333
http://digistrucmed.org/questionnaire#238_M005,4,3.5381433982982484e-05,0.24328654745882206,0.9976718717464965,146880,0.3333333333333333
http://digistrucmed.org/questionnaire#92_M005,4,3.53811039997739e-05,0.24328654745882206,0.9976718717464965,146816,0.3333333333333333
http://digistrucmed.org/questionnaire#363_UM22,4,3.5379568903705694e-05,0.26787100416343235,0.9979542364165241,14748,0.3333333333333333
http://digistrucmed.org/questionnaire#214_M005,4,3.537632964450755e-05,0.24328654745882206,0.9976718717464965,146880,0.3333333333333333
http://digistrucmed.org/questionnaire#142_M005,4,3.5361279085818036e-05,0.24328654745882206,0.9976718717464965,146816,0.3333333333333333
http://digistrucmed.org/questionnaire#119_M005,4,3.535876603141538e-05,0.24328654745882206,0.9976718717464965,146968,0.3333333333333333
http://digistrucmed.org/questionnaire#244_M005,4,3.535834128575531e-05,0.24328654745882206,0.9976718717464965,146880,0.3333333333333333
http://digistrucmed.org/questionnaire#211_UM24,4,3.535519524723209e-05,0.2635013188949049,0.9979078986389707,13982,0.3333333333333333
http://digistrucmed.org/questionnaire#91_M005,4,3.534387064795953e-05,0.24328654745882206,0.9976718717464965,146904,0.3333333333333333
http://digistrucmed.org/questionnaire#76_M005,4,3.5336453121959396e-05,0.24328654745882206,0.9976718717464965,146880,0.3333333333333333
http://digistrucmed.org/questionnaire#413_M005,4,3.532344650304522e-05,0.24328654745882206,0.9976718717464965,146880,0.3333333333333333
http://digistrucmed.org/questionnaire#69_M005,4,3.532286373835241e-05,0.24328654745882206,0.9976718717464965,146880,0.3333333333333333
http://digistrucmed.org/questionnaire#53_M005,4,3.532056292503964e-05,0.24328654745882206,0.9976718717464965,146880,0.3333333333333333
http://digistrucmed.org/questionnaire#256_M005,4,3.531981562857262e-05,0.24328654745882206,0.9976718717464965,146904,0.3333333333333333
http://digistrucmed.org/questionnaire#258_M005,4,3.531757563286692e-05,0.24328654745882206,0.9976718717464965,146904,0.3333333333333333
http://digistrucmed.org/questionnaire#183_M005,4,3.5317122799162746e-05,0.24328654745882206,0.9976718717464965,146816,0.3333333333333333
http://digistrucmed.org/questionnaire#180_M005,4,3.531539635495144e-05,0.24328654745882206,0.9976718717464965,146812,0.3333333333333333
http://digistrucmed.org/questionnaire#412_M005,4,3.5305246823668405e-05,0.24328654745882206,0.9976718717464965,146816,0.3333333333333333
http://digistrucmed.org/questionnaire#90_M005,4,3.530162089732032e-05,0.24328654745882206,0.9976718717464965,146904,0.3333333333333333
http://digistrucmed.org/questionnaire#321_UM13,4,3.528747116790097e-05,0.2771005182860063,0.9980473063356953,16552,0.3333333333333333
http://digistrucmed.org/questionnaire#222_UM22,4,3.528186067750223e-05,0.26787100416343235,0.9979542364165241,14700,0.3333333333333333
http://digistrucmed.org/questionnaire#182_M005,4,3.527484676887867e-05,0.24328654745882206,0.9976718717464965,146816,0.3333333333333333
http://digistrucmed.org/questionnaire#211_UM02,4,3.527170601022597e-05,0.26897186990717775,0.9979656729743884,14624,0.3333333333333333
http://digistrucmed.org/questionnaire#66_M005,4,3.526241022363036e-05,0.24328654745882206,0.9976718717464965,146816,0.3333333333333333
http://digistrucmed.org/questionnaire#218_M005,4,3.5260508064658844e-05,0.24328654745882206,0.9976718717464965,146880,0.3333333333333333
http://digistrucmed.org/questionnaire#204_M005,4,3.5253718931010796e-05,0.24328654745882206,0.9976718717464965,146816,0.3333333333333333
http://digistrucmed.org/questionnaire#81_UM12,4,3.524844195901581e-05,0.2770802919708029,0.9980471091536631,16554,0.3333333333333333
http://digistrucmed.org/questionnaire#358_UM02,4,3.524177073828469e-05,0.2724662647143267,0.9980013629222062,15340,0.3333333333333333
http://digistrucmed.org/questionnaire#86_M005,4,3.524070963239898e-05,0.24328654745882206,0.9976718717464965,146880,0.3333333333333333
http://digistrucmed.org/questionnaire#217_M005,4,3.523787756007311e-05,0.24328654745882206,0.9976718717464965,146904,0.3333333333333333
http://digistrucmed.org/questionnaire#297_UM25,4,3.522248750445343e-05,0.26787100416343235,0.9979542364165241,14618,0.3333333333333333
http://digistrucmed.org/questionnaire#144_M005,4,3.5219801811303546e-05,0.24328654745882206,0.9976718717464965,146904,0.3333333333333333
http://digistrucmed.org/questionnaire#82_M005,4,3.5205432392914814e-05,0.24328654745882206,0.9976718717464965,146816,0.3333333333333333
http://digistrucmed.org/questionnaire#249_M005,4,3.520375308415867e-05,0.24328654745882206,0.9976718717464965,146904,0.3333333333333333
http://digistrucmed.org/questionnaire#248_M005,4,3.5203753084158654e-05,0.24328654745882206,0.9976718717464965,146904,0.3333333333333333
http://digistrucmed.org/questionnaire#79_M005,4,3.520375308415853e-05,0.24328654745882206,0.9976718717464965,146904,0.3333333333333333
http://digistrucmed.org/questionnaire#172_M005,4,3.5202054913170005e-05,0.24328654745882206,0.9976718717464965,146880,0.3333333333333333
http://digistrucmed.org/questionnaire#235_UM16,4,3.520154732264666e-05,0.2548848452293024,0.9978118709893175,11676,0.3333333333333333
http://digistrucmed.org/questionnaire#215_M005,4,3.519832966466341e-05,0.24328654745882206,0.9976718717464965,146816,0.3333333333333333
http://digistrucmed.org/questionnaire#358_UM23,4,3.5192721378911505e-05,0.2635013188949049,0.9979078986389707,14108,0.3333333333333333
http://digistrucmed.org/questionnaire#124_M005,4,3.518778901339671e-05,0.24328654745882206,0.9976718717464965,146904,0.3333333333333333
http://digistrucmed.org/questionnaire#127_UM13,4,3.518693983608078e-05,0.2771005182860063,0.9980473063356953,16506,0.3333333333333333
http://digistrucmed.org/questionnaire#96_M005,4,3.518122917161041e-05,0.24328654745882206,0.9976718717464965,146880,0.3333333333333333
http://digistrucmed.org/questionnaire#230_M005,4,3.517726901560743e-05,0.24328654745882206,0.9976718717464965,146816,0.3333333333333333
http://digistrucmed.org/questionnaire#410_M008_01,4,3.515295594596047e-05,0.2408018269474753,0.9976401254393216,1573444,0.16666666666666666
http://digistrucmed.org/questionnaire#213_M005,4,3.5125048604582395e-05,0.24328654745882206,0.9976718717464965,146816,0.3333333333333333
http://digistrucmed.org/questionnaire#153_M005,4,3.510914088414966e-05,0.24328654745882206,0.9976718717464965,146816,0.3333333333333333
http://digistrucmed.org/questionnaire#146_M008_01,4,3.510328856762565e-05,0.2408018269474753,0.9976401254393216,1576334,0.16666666666666666
http://digistrucmed.org/questionnaire#60_M008_01,4,3.507155126011756e-05,0.2408018269474753,0.9976401254393216,1573296,0.16666666666666666
http://digistrucmed.org/questionnaire#211_UM08,4,3.5068589773868384e-05,0.2724662647143267,0.9980013629222062,15230,0.3333333333333333
http://digistrucmed.org/questionnaire#252_UM23,4,3.506339326997458e-05,0.2635013188949049,0.9979078986389707,14046,0.3333333333333333
http://digistrucmed.org/questionnaire#226_UM04,4,3.506154153063454e-05,0.2770600686081308,0.998046911971631,16584,0.3333333333333333
http://digistrucmed.org/questionnaire#316_UM10,4,3.505403748245562e-05,0.2770600686081308,0.998046911971631,16492,0.3333333333333333
http://digistrucmed.org/questionnaire#84_M008_01,4,3.5044268613875594e-05,0.2408018269474753,0.9976401254393216,1574582,0.16666666666666666
http://digistrucmed.org/questionnaire#219_M008_01,4,3.5034057849124454e-05,0.2408018269474753,0.9976401254393216,1577946,0.16666666666666666
http://digistrucmed.org/questionnaire#399_UM02,4,3.5030013398512885e-05,0.2770600686081308,0.998046911971631,16584,0.3333333333333333
http://digistrucmed.org/questionnaire#273_UM02,4,3.502976230694382e-05,0.2770600686081308,0.998046911971631,16538,0.3333333333333333
http://digistrucmed.org/questionnaire#399_UM04,4,3.5029627019659263e-05,0.2770600686081308,0.998046911971631,16584,0.3333333333333333
http://digistrucmed.org/questionnaire#321_UM21,4,3.502253103480001e-05,0.2722317842799771,0.9979989967378204,15962,0.3333333333333333
http://digistrucmed.org/questionnaire#275_UM23,4,3.5019739124184476e-05,0.2635013188949049,0.9979078986389707,14058,0.3333333333333333
http://digistrucmed.org/questionnaire#255_M008_01,4,3.4973859758239387e-05,0.2408018269474753,0.9976401254393216,1577016,0.16666666666666666
http://digistrucmed.org/questionnaire#52_M008_01,4,3.497023670745678e-05,0.2408018269474753,0.9976401254393216,1576952,0.16666666666666666
http://digistrucmed.org/questionnaire#325_M008_01,4,3.496913223767097e-05,0.2408018269474753,0.9976401254393216,1576890,0.16666666666666666
http://digistrucmed.org/questionnaire#123_M008_01,4,3.493548282707298e-05,0.2408018269474753,0.9976401254393216,1577200,0.16666666666666666
http://digistrucmed.org/questionnaire#334_M008_01,4,3.49176123062491e-05,0.2408018269474753,0.9976401254393216,1575254,0.16666666666666666
http://digistrucmed.org/questionnaire#275_UM16,4,3.491508237150883e-05,0.2548848452293024,0.9978118709893175,11672,0.3333333333333333
http://digistrucmed.org/questionnaire#58_M008_01,4,3.491463067581889e-05,0.2408018269474753,0.9976401254393216,1577946,0.16666666666666666
http://digistrucmed.org/questionnaire#241_UM25,4,3.4902033345578664e-05,0.2635013188949049,0.9979078986389707,14152,0.3333333333333333
http://digistrucmed.org/questionnaire#297_UM23,4,3.486441409270922e-05,0.2635013188949049,0.9979078986389707,14064,0.3333333333333333
http://digistrucmed.org/questionnaire#315_UM21,4,3.486144520842244e-05,0.2722317842799771,0.9979989967378204,15962,0.3333333333333333
http://digistrucmed.org/questionnaire#135_M008_01,4,3.485831548896632e-05,0.2408018269474753,0.9976401254393216,1577264,0.16666666666666666
http://digistrucmed.org/questionnaire#324_M008_01,4,3.484541589660423e-05,0.2408018269474753,0.9976401254393216,1577262,0.16666666666666666
http://digistrucmed.org/questionnaire#246_M008_01,4,3.484433180984897e-05,0.2408018269474753,0.9976401254393216,1577572,0.16666666666666666
http://digistrucmed.org/questionnaire#434_M008_01,4,3.484062534005391e-05,0.2408018269474753,0.9976401254393216,1578318,0.16666666666666666
http://digistrucmed.org/questionnaire#316_UM22,4,3.4828335630531755e-05,0.26787100416343235,0.9979542364165241,14636,0.3333333333333333
http://digistrucmed.org/questionnaire#358_UM15,4,3.4814780599929004e-05,0.27248582298471036,0.9980015601042382,15338,0.3333333333333333
http://digistrucmed.org/questionnaire#326_M008_01,4,3.4795544886370556e-05,0.2408018269474753,0.9976401254393216,1577510,0.16666666666666666
http://digistrucmed.org/questionnaire#119_M008_01,4,3.4785099481584225e-05,0.2408018269474753,0.9976401254393216,1577946,0.16666666666666666
http://digistrucmed.org/questionnaire#409_M008_01,4,3.478077375639551e-05,0.2408018269474753,0.9976401254393216,1577634,0.16666666666666666
http://digistrucmed.org/questionnaire#91_M008_01,4,3.4770180827773e-05,0.2408018269474753,0.9976401254393216,1577944,0.16666666666666666
http://digistrucmed.org/questionnaire#402_M008_01,4,3.47628233484445e-05,0.2408018269474753,0.9976401254393216,1577882,0.16666666666666666
http://digistrucmed.org/questionnaire#227_UM15,4,3.4748340780129084e-05,0.2770802919708029,0.9980471091536631,16602,0.3333333333333333
http://digistrucmed.org/questionnaire#220_M008_01,4,3.474813263318711e-05,0.2408018269474753,0.9976401254393216,1579062,0.16666666666666666
http://digistrucmed.org/questionnaire#256_M008_01,4,3.474408892935179e-05,0.2408018269474753,0.9976401254393216,1577428,0.16666666666666666
http://digistrucmed.org/questionnaire#258_M008_01,4,3.474218398268031e-05,0.2408018269474753,0.9976401254393216,1578626,0.16666666666666666
http://digistrucmed.org/questionnaire#423_M008_01,4,3.4741193003240104e-05,0.2408018269474753,0.9976401254393216,1577490,0.16666666666666666
http://digistrucmed.org/questionnaire#371_UM13,4,3.472699332083218e-05,0.2771005182860063,0.9980473063356953,16458,0.3333333333333333
http://digistrucmed.org/questionnaire#193_M008_01,4,3.472539087692024e-05,0.2408018269474753,0.9976401254393216,1578316,0.16666666666666666
http://digistrucmed.org/questionnaire#90_M008_01,4,3.472413967338565e-05,0.2408018269474753,0.9976401254393216,1579370,0.16666666666666666
http://digistrucmed.org/questionnaire#179_M008_01,4,3.471346272986222e-05,0.2408018269474753,0.9976401254393216,1578626,0.16666666666666666
http://digistrucmed.org/questionnaire#404_M008_01,4,3.471054840437276e-05,0.2408018269474753,0.9976401254393216,1577510,0.16666666666666666
http://digistrucmed.org/questionnaire#257_M008_01,4,3.470897163114012e-05,0.2408018269474753,0.9976401254393216,1578998,0.16666666666666666
http://digistrucmed.org/questionnaire#81_UM20,4,3.470735592464543e-05,0.2722317842799771,0.9979989967378204,15976,0.3333333333333333
http://digistrucmed.org/questionnaire#424_M008_01,4,3.4706868026775854e-05,0.2408018269474753,0.9976401254393216,1577340,0.16666666666666666
http://digistrucmed.org/questionnaire#252_UM15,4,3.470126228811075e-05,0.27248582298471036,0.9980015601042382,15292,0.3333333333333333
http://digistrucmed.org/questionnaire#429_M008_01,4,3.4699680618996344e-05,0.2408018269474753,0.9976401254393216,1577340,0.16666666666666666
http://digistrucmed.org/questionnaire#178_M008_01,4,3.4697144706061556e-05,0.2408018269474753,0.9976401254393216,1577882,0.16666666666666666
http://digistrucmed.org/questionnaire#363_UM23,4,3.469598450772548e-05,0.26787100416343235,0.9979542364165241,14754,0.3333333333333333
http://digistrucmed.org/questionnaire#363_UM21,4,3.4695839016523133e-05,0.26787100416343235,0.9979542364165241,14754,0.3333333333333333
http://digistrucmed.org/questionnaire#419_UM13,4,3.469279551986418e-05,0.2771005182860063,0.9980473063356953,16550,0.3333333333333333
http://digistrucmed.org/questionnaire#211_UM16,4,3.4677272326462115e-05,0.2548848452293024,0.9978118709893175,11628,0.3333333333333333
http://digistrucmed.org/questionnaire#70_M008_01,4,3.4677261203461e-05,0.2408018269474753,0.9976401254393216,1578316,0.16666666666666666
http://digistrucmed.org/questionnaire#369_UM22,4,3.466960052785153e-05,0.26787100416343235,0.9979542364165241,14670,0.3333333333333333
http://digistrucmed.org/questionnaire#217_M008_01,4,3.4659465118472526e-05,0.2408018269474753,0.9976401254393216,1578172,0.16666666666666666
http://digistrucmed.org/questionnaire#155_UM22,4,3.465099309430376e-05,0.2635013188949049,0.9979078986389707,14106,0.3333333333333333
http://digistrucmed.org/questionnaire#177_UM14,4,3.4644482255074385e-05,0.2771005182860063,0.9980473063356953,16528,0.3333333333333333
http://digistrucmed.org/questionnaire#144_M008_01,4,3.464153714221368e-05,0.2408018269474753,0.9976401254393216,1578998,0.16666666666666666
http://digistrucmed.org/questionnaire#98_M008_01,4,3.462535399066416e-05,0.2408018269474753,0.9976401254393216,1579434,0.16666666666666666
http://digistrucmed.org/questionnaire#249_M008_01,4,3.462513636478302e-05,0.2408018269474753,0.9976401254393216,1579370,0.16666666666666666
http://digistrucmed.org/questionnaire#248_M008_01,4,3.462513636478301e-05,0.2408018269474753,0.9976401254393216,1579370,0.16666666666666666
http://digistrucmed.org/questionnaire#79_M008_01,4,3.462513636478263e-05,0.2408018269474753,0.9976401254393216,1579370,0.16666666666666666
http://digistrucmed.org/questionnaire#124_M008_01,4,3.4609695386337183e-05,0.2408018269474753,0.9976401254393216,1578998,0.16666666666666666
http://digistrucmed.org/questionnaire#222_UM23,4,3.4597918468463314e-05,0.26787100416343235,0.9979542364165241,14706,0.3333333333333333
http://digistrucmed.org/questionnaire#143_M008_01,4,3.459741128816733e-05,0.2408018269474753,0.9976401254393216,1578688,0.16666666666666666
http://digistrucmed.org/questionnaire#202_M008_01,4,3.4585179844172874e-05,0.2408018269474753,0.9976401254393216,1578998,0.16666666666666666
http://digistrucmed.org/questionnaire#201_UM25,4,3.4576320134375615e-05,0.26787100416343235,0.9979542364165241,14686,0.3333333333333333
http://digistrucmed.org/questionnaire#174_M008_01,4,3.4569956159969866e-05,0.2408018269474753,0.9976401254393216,1579370,0.16666666666666666
http://digistrucmed.org/questionnaire#175_M008_01,4,3.456875884629839e-05,0.2408018269474753,0.9976401254393216,1579370,0.16666666666666666
http://digistrucmed.org/questionnaire#352_M008_01,4,3.456875884629802e-05,0.2408018269474753,0.9976401254393216,1579370,0.16666666666666666
http://digistrucmed.org/questionnaire#351_M008_01,4,3.456875884629801e-05,0.2408018269474753,0.9976401254393216,1579370,0.16666666666666666
http://digistrucmed.org/questionnaire#224_M008_01,4,3.4553378283531757e-05,0.2408018269474753,0.9976401254393216,1578998,0.16666666666666666
http://digistrucmed.org/questionnaire#203_M008_01,4,3.455337828353175e-05,0.2408018269474753,0.9976401254393216,1578998,0.16666666666666666
http://digistrucmed.org/questionnaire#125_M008_01,4,3.455337828353098e-05,0.2408018269474753,0.9976401254393216,1578998,0.16666666666666666
http://digistrucmed.org/questionnaire#77_M008_01,4,3.455043130952006e-05,0.2408018269474753,0.9976401254393216,1579370,0.16666666666666666
http://digistrucmed.org/questionnaire#262_M008_01,4,3.455033841390587e-05,0.2408018269474753,0.9976401254393216,1579370,0.16666666666666666
http://digistrucmed.org/questionnaire#323_M008_01,4,3.454395565127204e-05,0.2408018269474753,0.9976401254393216,1578998,0.16666666666666666
http://digistrucmed.org/questionnaire#319_UM21,4,3.45381621508802e-05,0.2722317842799771,0.9979989967378204,15898,0.3333333333333333
http://digistrucmed.org/questionnaire#287_UM25,4,3.452048957927622e-05,0.26787100416343235,0.9979542364165241,14616,0.3333333333333333
http://digistrucmed.org/questionnaire#56_M008_01,4,3.451355257366427e-05,0.2408018269474753,0.9976401254393216,1579370,0.16666666666666666
http://digistrucmed.org/questionnaire#78_M008_01,4,3.451355257366427e-05,0.2408018269474753,0.9976401254393216,1579370,0.16666666666666666
http://digistrucmed.org/questionnaire#74_M008_01,4,3.4513552573664254e-05,0.2408018269474753,0.9976401254393216,1579370,0.16666666666666666
http://digistrucmed.org/questionnaire#73_M008_01,4,3.4513552573664254e-05,0.2408018269474753,0.9976401254393216,1579370,0.16666666666666666
http://digistrucmed.org/questionnaire#122_M008_01,4,3.451355257366399e-05,0.2408018269474753,0.9976401254393216,1579370,0.16666666666666666
http://digistrucmed.org/questionnaire#347_M008_01,4,3.451355257366387e-05,0.2408018269474753,0.9976401254393216,1579370,0.16666666666666666
http://digistrucmed.org/questionnaire#349_M008_01,4,3.451355257366386e-05,0.2408018269474753,0.9976401254393216,1579370,0.16666666666666666
http://digistrucmed.org/questionnaire#348_M008_01,4,3.451355257366386e-05,0.2408018269474753,0.9976401254393216,1579370,0.16666666666666666
http://digistrucmed.org/questionnaire#350_M008_01,4,3.451355257366385e-05,0.2408018269474753,0.9976401254393216,1579370,0.16666666666666666
http://digistrucmed.org/questionnaire#356_UM22,4,3.4510172602203716e-05,0.26787100416343235,0.9979542364165241,14572,0.3333333333333333
http://digistrucmed.org/questionnaire#410_M007_01,4,3.446217541199956e-05,0.2408018269474753,0.9976401254393216,1573300,0.16666666666666666
http://digistrucmed.org/questionnaire#297_UM22,4,3.4447117143611804e-05,0.26787100416343235,0.9979542364165241,14624,0.3333333333333333
http://digistrucmed.org/questionnaire#146_M007_01,4,3.441314638826708e-05,0.2408018269474753,0.9976401254393216,1576190,0.16666666666666666
http://digistrucmed.org/questionnaire#103_M007_01,4,3.4406330200064816e-05,0.2408018269474753,0.9976401254393216,1575792,0.16666666666666666
http://digistrucmed.org/questionnaire#105_M007_01,4,3.4403292725239064e-05,0.2408018269474753,0.9976401254393216,1575276,0.16666666666666666
http://digistrucmed.org/questionnaire#252_UM16,4,3.439029915029135e-05,0.2548848452293024,0.9978118709893175,11660,0.3333333333333333
http://digistrucmed.org/questionnaire#107_M007_01,4,3.437790812122102e-05,0.2408018269474753,0.9976401254393216,1572462,0.16666666666666666
http://digistrucmed.org/questionnaire#219_M007_01,4,3.434472147919449e-05,0.2408018269474753,0.9976401254393216,1577802,0.16666666666666666
http://digistrucmed.org/questionnaire#259_M007_01,4,3.434025198657904e-05,0.2408018269474753,0.9976401254393216,1568972,0.16666666666666666
http://digistrucmed.org/questionnaire#185_M007_01,4,3.434025198657875e-05,0.2408018269474753,0.9976401254393216,1568972,0.16666666666666666
http://digistrucmed.org/questionnaire#328_M007_01,4,3.434025198657852e-05,0.2408018269474753,0.9976401254393216,1568972,0.16666666666666666
http://digistrucmed.org/questionnaire#118_M007_01,4,3.434025198657849e-05,0.2408018269474753,0.9976401254393216,1568972,0.16666666666666666
http://digistrucmed.org/questionnaire#419_UM25,4,3.4321064017733855e-05,0.26787100416343235,0.9979542364165241,14684,0.3333333333333333
http://digistrucmed.org/questionnaire#145_M007_01,4,3.4314698550021054e-05,0.2408018269474753,0.9976401254393216,1576412,0.16666666666666666
http://digistrucmed.org/questionnaire#431_UM21,4,3.430986097591047e-05,0.2722317842799771,0.9979989967378204,15960,0.3333333333333333
http://digistrucmed.org/questionnaire#371_UM23,4,3.429886514110297e-05,0.2635013188949049,0.9979078986389707,14008,0.3333333333333333
http://digistrucmed.org/questionnaire#358_UM22,4,3.42946973521286e-05,0.2635013188949049,0.9979078986389707,14114,0.3333333333333333
http://digistrucmed.org/questionnaire#255_M007_01,4,3.428464204550628e-05,0.2408018269474753,0.9976401254393216,1576872,0.16666666666666666
http://digistrucmed.org/questionnaire#337_UM10,4,3.42839448552395e-05,0.2770600686081308,0.998046911971631,16532,0.3333333333333333
http://digistrucmed.org/questionnaire#147_M007_01,4,3.427665480220555e-05,0.2408018269474753,0.9976401254393216,1577032,0.16666666666666666
http://digistrucmed.org/questionnaire#120_M007_01,4,3.425013201908391e-05,0.2408018269474753,0.9976401254393216,1576950,0.16666666666666666
http://digistrucmed.org/questionnaire#133_M007_01,4,3.4247061729189644e-05,0.2408018269474753,0.9976401254393216,1576578,0.16666666666666666
http://digistrucmed.org/questionnaire#216_M007_01,4,3.423853665994554e-05,0.2408018269474753,0.9976401254393216,1576722,0.16666666666666666
http://digistrucmed.org/questionnaire#58_M007_01,4,3.422549792666944e-05,0.2408018269474753,0.9976401254393216,1577802,0.16666666666666666
http://digistrucmed.org/questionnaire#129_M007_01,4,3.420906756838236e-05,0.2408018269474753,0.9976401254393216,1576268,0.16666666666666666
http://digistrucmed.org/questionnaire#160_M007_01,4,3.4204728845284276e-05,0.2408018269474753,0.9976401254393216,1577404,0.16666666666666666
http://digistrucmed.org/questionnaire#321_UM25,4,3.420438345486246e-05,0.26787100416343235,0.9979542364165241,14684,0.3333333333333333
http://digistrucmed.org/questionnaire#201_UM13,4,3.419550121945462e-05,0.2771005182860063,0.9980473063356953,16548,0.3333333333333333
http://digistrucmed.org/questionnaire#127_UM25,4,3.4193946404649395e-05,0.26787100416343235,0.9979542364165241,14622,0.3333333333333333
http://digistrucmed.org/questionnaire#239_M007_01,4,3.4179158721670456e-05,0.2408018269474753,0.9976401254393216,1577342,0.16666666666666666
http://digistrucmed.org/questionnaire#151_M007_01,4,3.417025451624318e-05,0.2408018269474753,0.9976401254393216,1576056,0.16666666666666666
http://digistrucmed.org/questionnaire#135_M007_01,4,3.4168189458201815e-05,0.2408018269474753,0.9976401254393216,1577120,0.16666666666666666
http://digistrucmed.org/questionnaire#132_M007_01,4,3.416785788363946e-05,0.2408018269474753,0.9976401254393216,1577032,0.16666666666666666
http://digistrucmed.org/questionnaire#321_UM20,4,3.416679435701953e-05,0.2722317842799771,0.9979989967378204,15974,0.3333333333333333
http://digistrucmed.org/questionnaire#231_M007_01,4,3.4166458548560455e-05,0.2408018269474753,0.9976401254393216,1576516,0.16666666666666666
http://digistrucmed.org/questionnaire#252_UM22,4,3.416579428407798e-05,0.2635013188949049,0.9979078986389707,14052,0.3333333333333333
http://digistrucmed.org/questionnaire#177_UM25,4,3.416507938434204e-05,0.26787100416343235,0.9979542364165241,14618,0.3333333333333333
http://digistrucmed.org/questionnaire#434_M007_01,4,3.415212368010798e-05,0.2408018269474753,0.9976401254393216,1578174,0.16666666666666666
http://digistrucmed.org/questionnaire#164_M007_01,4,3.4145827376210085e-05,0.2408018269474753,0.9976401254393216,1577404,0.16666666666666666
http://digistrucmed.org/questionnaire#316_UM23,4,3.414446975687669e-05,0.26787100416343235,0.9979542364165241,14642,0.3333333333333333
http://digistrucmed.org/questionnaire#134_M007_01,4,3.4143640942681655e-05,0.2408018269474753,0.9976401254393216,1578458,0.16666666666666666
http://digistrucmed.org/questionnaire#161_M007_01,4,3.414004289215864e-05,0.2408018269474753,0.9976401254393216,1578458,0.16666666666666666
http://digistrucmed.org/questionnaire#241_UM23,4,3.413969931597387e-05,0.26787100416343235,0.9979542364165241,14686,0.3333333333333333
http://digistrucmed.org/questionnaire#241_UM21,4,3.41394987941923e-05,0.26787100416343235,0.9979542364165241,14686,0.3333333333333333
http://digistrucmed.org/questionnaire#235_UM23,4,3.4138213930519686e-05,0.2635013188949049,0.9979078986389707,14062,0.3333333333333333
http://digistrucmed.org/questionnaire#162_M007_01,4,3.4134890795293264e-05,0.2408018269474753,0.9976401254393216,1578458,0.16666666666666666
http://digistrucmed.org/questionnaire#67_M007_01,4,3.412555861691818e-05,0.2408018269474753,0.9976401254393216,1578830,0.16666666666666666
http://digistrucmed.org/questionnaire#275_UM22,4,3.4121561280004266e-05,0.2635013188949049,0.9979078986389707,14064,0.3333333333333333
http://digistrucmed.org/questionnaire#130_M007_01,4,3.4120984668561584e-05,0.2408018269474753,0.9976401254393216,1577404,0.16666666666666666
http://digistrucmed.org/questionnaire#238_M007_01,4,3.4119842345649934e-05,0.2408018269474753,0.9976401254393216,1577032,0.16666666666666666
http://digistrucmed.org/questionnaire#226_UM06,4,3.411944235151591e-05,0.2770600686081308,0.998046911971631,16598,0.3333333333333333
http://digistrucmed.org/questionnaire#226_UM08,4,3.411865838761623e-05,0.2770600686081308,0.998046911971631,16598,0.3333333333333333
http://digistrucmed.org/questionnaire#214_M007_01,4,3.411624564444553e-05,0.2408018269474753,0.9976401254393216,1577466,0.16666666666666666
http://digistrucmed.org/questionnaire#119_M007_01,4,3.4095381783327376e-05,0.2408018269474753,0.9976401254393216,1577802,0.16666666666666666
http://digistrucmed.org/questionnaire#244_M007_01,4,3.409429062990624e-05,0.2408018269474753,0.9976401254393216,1578086,0.16666666666666666
http://digistrucmed.org/questionnaire#401_M007_01,4,3.4093709813379894e-05,0.2408018269474753,0.9976401254393216,1577032,0.16666666666666666
http://digistrucmed.org/questionnaire#83_M007_01,4,3.409319047303447e-05,0.2408018269474753,0.9976401254393216,1578148,0.16666666666666666
http://digistrucmed.org/questionnaire#273_UM06,4,3.4087169229249985e-05,0.2770600686081308,0.998046911971631,16552,0.3333333333333333
http://digistrucmed.org/questionnaire#363_UM24,4,3.4086243865139005e-05,0.26787100416343235,0.9979542364165241,14760,0.3333333333333333
http://digistrucmed.org/questionnaire#76_M007_01,4,3.407128718905076e-05,0.2408018269474753,0.9976401254393216,1579202,0.16666666666666666
http://digistrucmed.org/questionnaire#191_UM08,4,3.4063192251078896e-05,0.2770600686081308,0.998046911971631,16552,0.3333333333333333
http://digistrucmed.org/questionnaire#220_M007_01,4,3.406009948082434e-05,0.2408018269474753,0.9976401254393216,1578918,0.16666666666666666
http://digistrucmed.org/questionnaire#413_M007_01,4,3.405935915354007e-05,0.2408018269474753,0.9976401254393216,1577714,0.16666666666666666
http://digistrucmed.org/questionnaire#69_M007_01,4,3.4057878808136514e-05,0.2408018269474753,0.9976401254393216,1578830,0.16666666666666666
http://digistrucmed.org/questionnaire#53_M007_01,4,3.405586376702224e-05,0.2408018269474753,0.9976401254393216,1578830,0.16666666666666666
http://digistrucmed.org/questionnaire#170_UM02,4,3.4041284833053073e-05,0.2770600686081308,0.998046911971631,16582,0.3333333333333333
http://digistrucmed.org/questionnaire#416_M007_01,4,3.403658336446793e-05,0.2408018269474753,0.9976401254393216,1577032,0.16666666666666666
http://digistrucmed.org/questionnaire#287_UM22,4,3.403419529217324e-05,0.2635013188949049,0.9979078986389707,14074,0.3333333333333333
http://digistrucmed.org/questionnaire#166_M007_01,4,3.4021621384954e-05,0.2408018269474753,0.9976401254393216,1578086,0.16666666666666666
http://digistrucmed.org/questionnaire#63_M007_01,4,3.4020357380990906e-05,0.2408018269474753,0.9976401254393216,1579202,0.16666666666666666
http://digistrucmed.org/questionnaire#226_UM25,4,3.4018365186377386e-05,0.26787100416343235,0.9979542364165241,14682,0.3333333333333333
http://digistrucmed.org/questionnaire#387_UM21,4,3.4009142336986394e-05,0.26787100416343235,0.9979542364165241,14636,0.3333333333333333
http://digistrucmed.org/questionnaire#68_M007_01,4,3.400698957684677e-05,0.2408018269474753,0.9976401254393216,1578458,0.16666666666666666
http://digistrucmed.org/questionnaire#315_UM20,4,3.400574236567169e-05,0.2722317842799771,0.9979989967378204,15974,0.3333333333333333
http://digistrucmed.org/questionnaire#247_M007_01,4,3.400086730143255e-05,0.2408018269474753,0.9976401254393216,1578830,0.16666666666666666
http://digistrucmed.org/questionnaire#170_UM25,4,3.400077420554272e-05,0.26787100416343235,0.9979542364165241,14682,0.3333333333333333
http://digistrucmed.org/questionnaire#360_M007_01,4,3.399998658669891e-05,0.2408018269474753,0.9976401254393216,1577342,0.16666666666666666
http://digistrucmed.org/questionnaire#361_M007_01,4,3.3999986586698904e-05,0.2408018269474753,0.9976401254393216,1577342,0.16666666666666666
http://digistrucmed.org/questionnaire#367_M007_01,4,3.3999986586698883e-05,0.2408018269474753,0.9976401254393216,1577342,0.16666666666666666
http://digistrucmed.org/questionnaire#198_M007_01,4,3.3997191371321906e-05,0.2408018269474753,0.9976401254393216,1579202,0.16666666666666666
http://digistrucmed.org/questionnaire#266_M007_01,4,3.39957456673734e-05,0.2408018269474753,0.9976401254393216,1577714,0.16666666666666666
http://digistrucmed.org/questionnaire#218_M007_01,4,3.399542542523382e-05,0.2408018269474753,0.9976401254393216,1578830,0.16666666666666666
http://digistrucmed.org/questionnaire#223_M007_01,4,3.398969458640523e-05,0.2408018269474753,0.9976401254393216,1578086,0.16666666666666666
http://digistrucmed.org/questionnaire#387_UM23,4,3.39882996384533e-05,0.2635013188949049,0.9979078986389707,14060,0.3333333333333333
http://digistrucmed.org/questionnaire#369_UM23,4,3.3986792642990885e-05,0.26787100416343235,0.9979542364165241,14676,0.3333333333333333
http://digistrucmed.org/questionnaire#369_UM21,4,3.398662260155452e-05,0.26787100416343235,0.9979542364165241,14676,0.3333333333333333
http://digistrucmed.org/questionnaire#167_M007_01,4,3.3986285637015366e-05,0.2408018269474753,0.9976401254393216,1578086,0.16666666666666666
http://digistrucmed.org/questionnaire#86_M007_01,4,3.397572850443263e-05,0.2408018269474753,0.9976401254393216,1578830,0.16666666666666666
http://digistrucmed.org/questionnaire#255_M005,4,3.396771536899865e-05,0.24328654745882206,0.9976718717464965,147096,0.3333333333333333
http://digistrucmed.org/questionnaire#417_M007_01,4,3.395846921961894e-05,0.2408018269474753,0.9976401254393216,1577714,0.16666666666666666
http://digistrucmed.org/questionnaire#208_M007_01,4,3.394834886525181e-05,0.2408018269474753,0.9976401254393216,1578458,0.16666666666666666
http://digistrucmed.org/questionnaire#98_M007_01,4,3.393926865715631e-05,0.2408018269474753,0.9976401254393216,1579290,0.16666666666666666
http://digistrucmed.org/questionnaire#172_M007_01,4,3.3937212108996915e-05,0.2408018269474753,0.9976401254393216,1578830,0.16666666666666666
http://digistrucmed.org/questionnaire#177_UM04,4,3.393668018066294e-05,0.2770600686081308,0.998046911971631,16536,0.3333333333333333
http://digistrucmed.org/questionnaire#306,26,3.393421950971822e-05,0.22954586684404668,0.9974877037284756,2440,0.0
http://digistrucmed.org/questionnaire#123_M005,4,3.3933872512349644e-05,0.24328654745882206,0.9976718717464965,147032,0.3333333333333333
http://digistrucmed.org/questionnaire#334_M005,4,3.3918569748384515e-05,0.24328654745882206,0.9976718717464965,147028,0.3333333333333333
http://digistrucmed.org/questionnaire#96_M007_01,4,3.3916149698823635e-05,0.2408018269474753,0.9976401254393216,1579202,0.16666666666666666
http://digistrucmed.org/questionnaire#232_M007_01,4,3.3911861829168206e-05,0.2408018269474753,0.9976401254393216,1578458,0.16666666666666666
http://digistrucmed.org/questionnaire#371_UM12,4,3.390849979451056e-05,0.2770802919708029,0.9980471091536631,16458,0.3333333333333333
http://digistrucmed.org/questionnaire#106_M007_01,4,3.389650873322714e-05,0.2408018269474753,0.9976401254393216,1579202,0.16666666666666666
http://digistrucmed.org/questionnaire#97_M007_01,4,3.3860076074972843e-05,0.2408018269474753,0.9976401254393216,1579202,0.16666666666666666
http://digistrucmed.org/questionnaire#95_M007_01,4,3.386007607497282e-05,0.2408018269474753,0.9976401254393216,1579202,0.16666666666666666
http://digistrucmed.org/questionnaire#89_M007_01,4,3.386007607497277e-05,0.2408018269474753,0.9976401254393216,1579202,0.16666666666666666
http://digistrucmed.org/questionnaire#141_UM23,4,3.385805845576767e-05,0.2635013188949049,0.9979078986389707,14056,0.3333333333333333
http://digistrucmed.org/questionnaire#94_M007_01,4,3.384454850200873e-05,0.2408018269474753,0.9976401254393216,1578830,0.16666666666666666
http://digistrucmed.org/questionnaire#434_M005,4,3.3842015289956135e-05,0.24328654745882206,0.9976718717464965,147096,0.3333333333333333
http://digistrucmed.org/questionnaire#324_M005,4,3.3841455582147125e-05,0.24328654745882206,0.9976718717464965,147032,0.3333333333333333
http://digistrucmed.org/questionnaire#273_UM23,4,3.382918614533712e-05,0.2635013188949049,0.9979078986389707,14068,0.3333333333333333
http://digistrucmed.org/questionnaire#356_UM23,4,3.382590806977982e-05,0.26787100416343235,0.9979542364165241,14578,0.3333333333333333
http://digistrucmed.org/questionnaire#399_UM25,4,3.382315015592946e-05,0.26787100416343235,0.9979542364165241,14676,0.3333333333333333
http://digistrucmed.org/questionnaire#222_UM13,4,3.381916399704448e-05,0.2771005182860063,0.9980473063356953,16546,0.3333333333333333
http://digistrucmed.org/questionnaire#201_UM22,4,3.380059496781001e-05,0.26787100416343235,0.9979542364165241,14692,0.3333333333333333
http://digistrucmed.org/questionnaire#326_M005,4,3.379542046206916e-05,0.24328654745882206,0.9976718717464965,147032,0.3333333333333333
http://digistrucmed.org/questionnaire#401_M005,4,3.3781456570827986e-05,0.24328654745882206,0.9976718717464965,147008,0.3333333333333333
http://digistrucmed.org/questionnaire#409_M005,4,3.377701759321088e-05,0.24328654745882206,0.9976718717464965,147032,0.3333333333333333
http://digistrucmed.org/questionnaire#297_UM21,4,3.376341897071398e-05,0.26787100416343235,0.9979542364165241,14630,0.3333333333333333
http://digistrucmed.org/questionnaire#402_M005,4,3.376309895332265e-05,0.24328654745882206,0.9976718717464965,147032,0.3333333333333333
http://digistrucmed.org/questionnaire#305_UM23,4,3.37449186585868e-05,0.2635013188949049,0.9979078986389707,14000,0.3333333333333333
http://digistrucmed.org/questionnaire#157_M005,4,3.3741386067033215e-05,0.24328654745882206,0.9976718717464965,146944,0.3333333333333333
http://digistrucmed.org/questionnaire#423_M005,4,3.3739662333162826e-05,0.24328654745882206,0.9976718717464965,147032,0.3333333333333333
http://digistrucmed.org/questionnaire#193_M005,4,3.372439088838401e-05,0.24328654745882206,0.9976718717464965,147032,0.3333333333333333
http://digistrucmed.org/questionnaire#416_M005,4,3.372427672427731e-05,0.24328654745882206,0.9976718717464965,147008,0.3333333333333333
http://digistrucmed.org/questionnaire#179_M005,4,3.371492108349027e-05,0.24328654745882206,0.9976718717464965,147032,0.3333333333333333
http://digistrucmed.org/questionnaire#166_M005,4,3.3712315391730356e-05,0.24328654745882206,0.9976718717464965,147008,0.3333333333333333
http://digistrucmed.org/questionnaire#257_M005,4,3.371111026810027e-05,0.24328654745882206,0.9976718717464965,147032,0.3333333333333333
http://digistrucmed.org/questionnaire#404_M005,4,3.3709801580174367e-05,0.24328654745882206,0.9976718717464965,147032,0.3333333333333333
http://digistrucmed.org/questionnaire#424_M005,4,3.3707584085467534e-05,0.24328654745882206,0.9976718717464965,147028,0.3333333333333333
http://digistrucmed.org/questionnaire#419_UM20,4,3.3707467336197756e-05,0.2722317842799771,0.9979989967378204,15972,0.3333333333333333
http://digistrucmed.org/questionnaire#235_UM21,4,3.370044203312182e-05,0.26787100416343235,0.9979542364165241,14634,0.3333333333333333
http://digistrucmed.org/questionnaire#429_M005,4,3.3700293878871385e-05,0.24328654745882206,0.9976718717464965,147028,0.3333333333333333
http://digistrucmed.org/questionnaire#68_M005,4,3.3697959219865646e-05,0.24328654745882206,0.9976718717464965,147008,0.3333333333333333
http://digistrucmed.org/questionnaire#178_M005,4,3.369732151003556e-05,0.24328654745882206,0.9976718717464965,147032,0.3333333333333333
http://digistrucmed.org/questionnaire#361_M005,4,3.368973640628551e-05,0.24328654745882206,0.9976718717464965,147008,0.3333333333333333
http://digistrucmed.org/questionnaire#360_M005,4,3.368973640628551e-05,0.24328654745882206,0.9976718717464965,147008,0.3333333333333333
http://digistrucmed.org/questionnaire#367_M005,4,3.3689736406285474e-05,0.24328654745882206,0.9976718717464965,147008,0.3333333333333333
http://digistrucmed.org/questionnaire#198_M005,4,3.368906758097787e-05,0.24328654745882206,0.9976718717464965,147008,0.3333333333333333
http://digistrucmed.org/questionnaire#266_M005,4,3.368587889208267e-05,0.24328654745882206,0.9976718717464965,147008,0.3333333333333333
http://digistrucmed.org/questionnaire#359_M005,4,3.368514757398203e-05,0.24328654745882206,0.9976718717464965,146944,0.3333333333333333
http://digistrucmed.org/questionnaire#319_UM20,4,3.368234481871742e-05,0.2722317842799771,0.9979989967378204,15910,0.3333333333333333
http://digistrucmed.org/questionnaire#223_M005,4,3.367993510012059e-05,0.24328654745882206,0.9976718717464965,147008,0.3333333333333333
http://digistrucmed.org/questionnaire#167_M005,4,3.367677536003021e-05,0.24328654745882206,0.9976718717464965,147008,0.3333333333333333
http://digistrucmed.org/questionnaire#70_M005,4,3.367627425397872e-05,0.24328654745882206,0.9976718717464965,147032,0.3333333333333333
http://digistrucmed.org/questionnaire#57_M005,4,3.3658490704326126e-05,0.24328654745882206,0.9976718717464965,146944,0.3333333333333333
http://digistrucmed.org/questionnaire#346_M005,4,3.3650007053116586e-05,0.24328654745882206,0.9976718717464965,146944,0.3333333333333333
http://digistrucmed.org/questionnaire#417_M005,4,3.3647864729434696e-05,0.24328654745882206,0.9976718717464965,147008,0.3333333333333333
http://digistrucmed.org/questionnaire#117_M005,4,3.364117958335601e-05,0.24328654745882206,0.9976718717464965,146944,0.3333333333333333
http://digistrucmed.org/questionnaire#59_M005,4,3.3640235055072896e-05,0.24328654745882206,0.9976718717464965,146944,0.3333333333333333
http://digistrucmed.org/questionnaire#344_UM10,4,3.363950856016219e-05,0.2770600686081308,0.998046911971631,16480,0.3333333333333333
http://digistrucmed.org/questionnaire#208_M005,4,3.363881913581736e-05,0.24328654745882206,0.9976718717464965,147008,0.3333333333333333
http://digistrucmed.org/questionnaire#98_M005,4,3.362785539946916e-05,0.24328654745882206,0.9976718717464965,147096,0.3333333333333333
http://digistrucmed.org/questionnaire#414_M005,4,3.362733572797319e-05,0.24328654745882206,0.9976718717464965,146944,0.3333333333333333
http://digistrucmed.org/questionnaire#427_M005,4,3.362169820548527e-05,0.24328654745882206,0.9976718717464965,146940,0.3333333333333333
http://digistrucmed.org/questionnaire#426_M005,4,3.3621698205485265e-05,0.24328654745882206,0.9976718717464965,146940,0.3333333333333333
http://digistrucmed.org/questionnaire#425_M005,4,3.362169820548522e-05,0.24328654745882206,0.9976718717464965,146940,0.3333333333333333
http://digistrucmed.org/questionnaire#152_M005,4,3.361374457791647e-05,0.24328654745882206,0.9976718717464965,146944,0.3333333333333333
http://digistrucmed.org/questionnaire#163_M005,4,3.3607301718998715e-05,0.24328654745882206,0.9976718717464965,146944,0.3333333333333333
http://digistrucmed.org/questionnaire#397_M005,4,3.360492190492194e-05,0.24328654745882206,0.9976718717464965,146944,0.3333333333333333
http://digistrucmed.org/questionnaire#396_M005,4,3.360492190492192e-05,0.24328654745882206,0.9976718717464965,146944,0.3333333333333333
http://digistrucmed.org/questionnaire#395_M005,4,3.3604921904921915e-05,0.24328654745882206,0.9976718717464965,146944,0.3333333333333333
http://digistrucmed.org/questionnaire#393_M005,4,3.360492190492188e-05,0.24328654745882206,0.9976718717464965,146944,0.3333333333333333
http://digistrucmed.org/questionnaire#391_M005,4,3.360492190492186e-05,0.24328654745882206,0.9976718717464965,146944,0.3333333333333333
http://digistrucmed.org/questionnaire#232_M005,4,3.360088507087377e-05,0.24328654745882206,0.9976718717464965,147008,0.3333333333333333
http://digistrucmed.org/questionnaire#143_M005,4,3.359678251234404e-05,0.24328654745882206,0.9976718717464965,147032,0.3333333333333333
http://digistrucmed.org/questionnaire#243_UM21,4,3.359373494367856e-05,0.2722317842799771,0.9979989967378204,15958,0.3333333333333333
http://digistrucmed.org/questionnaire#184_M005,4,3.3593437846224014e-05,0.24328654745882206,0.9976718717464965,146944,0.3333333333333333
http://digistrucmed.org/questionnaire#81_UM23,4,3.359208082013389e-05,0.26787100416343235,0.9979542364165241,14702,0.3333333333333333
http://digistrucmed.org/questionnaire#202_M005,4,3.358709261839411e-05,0.24328654745882206,0.9976718717464965,147032,0.3333333333333333
http://digistrucmed.org/questionnaire#106_M005,4,3.3586686398745886e-05,0.24328654745882206,0.9976718717464965,147008,0.3333333333333333
http://digistrucmed.org/questionnaire#264_M005,4,3.35761881904404e-05,0.24328654745882206,0.9976718717464965,146940,0.3333333333333333
http://digistrucmed.org/questionnaire#174_M005,4,3.357214233963881e-05,0.24328654745882206,0.9976718717464965,147032,0.3333333333333333
http://digistrucmed.org/questionnaire#175_M005,4,3.357117934280137e-05,0.24328654745882206,0.9976718717464965,147032,0.3333333333333333
http://digistrucmed.org/questionnaire#352_M005,4,3.357117934280059e-05,0.24328654745882206,0.9976718717464965,147032,0.3333333333333333
http://digistrucmed.org/questionnaire#351_M005,4,3.357117934280058e-05,0.24328654745882206,0.9976718717464965,147032,0.3333333333333333
http://digistrucmed.org/questionnaire#263_M005,4,3.356968735413552e-05,0.24328654745882206,0.9976718717464965,146944,0.3333333333333333
http://digistrucmed.org/questionnaire#224_M005,4,3.3554990977679755e-05,0.24328654745882206,0.9976718717464965,147032,0.3333333333333333
http://digistrucmed.org/questionnaire#203_M005,4,3.355499097767964e-05,0.24328654745882206,0.9976718717464965,147032,0.3333333333333333
http://digistrucmed.org/questionnaire#125_M005,4,3.3554990977678536e-05,0.24328654745882206,0.9976718717464965,147032,0.3333333333333333
http://digistrucmed.org/questionnaire#77_M005,4,3.355271297749277e-05,0.24328654745882206,0.9976718717464965,147032,0.3333333333333333
http://digistrucmed.org/questionnaire#262_M005,4,3.355267000019336e-05,0.24328654745882206,0.9976718717464965,147032,0.3333333333333333
http://digistrucmed.org/questionnaire#194_M005,4,3.3550833739635025e-05,0.24328654745882206,0.9976718717464965,146944,0.3333333333333333
http://digistrucmed.org/questionnaire#97_M005,4,3.354956887254264e-05,0.24328654745882206,0.9976718717464965,147008,0.3333333333333333
http://digistrucmed.org/questionnaire#95_M005,4,3.354956887254263e-05,0.24328654745882206,0.9976718717464965,147008,0.3333333333333333
http://digistrucmed.org/questionnaire#89_M005,4,3.354956887254257e-05,0.24328654745882206,0.9976718717464965,147008,0.3333333333333333
http://digistrucmed.org/questionnaire#253_M005,4,3.3549552621709014e-05,0.24328654745882206,0.9976718717464965,146940,0.3333333333333333
http://digistrucmed.org/questionnaire#323_M005,4,3.354545594543974e-05,0.24328654745882206,0.9976718717464965,147032,0.3333333333333333
http://digistrucmed.org/questionnaire#419_UM22,4,3.3545451633993026e-05,0.26787100416343235,0.9979542364165241,14690,0.3333333333333333
http://digistrucmed.org/questionnaire#389_M005,4,3.354213381904208e-05,0.24328654745882206,0.9976718717464965,146944,0.3333333333333333
http://digistrucmed.org/questionnaire#316_UM24,4,3.3534482514558285e-05,0.26787100416343235,0.9979542364165241,14648,0.3333333333333333
http://digistrucmed.org/questionnaire#94_M005,4,3.353346011925412e-05,0.24328654745882206,0.9976718717464965,147008,0.3333333333333333
http://digistrucmed.org/questionnaire#241_UM24,4,3.353007107757717e-05,0.26787100416343235,0.9979542364165241,14692,0.3333333333333333
http://digistrucmed.org/questionnaire#173_M005,4,3.351820231543901e-05,0.24328654745882206,0.9976718717464965,146944,0.3333333333333333
http://digistrucmed.org/questionnaire#171_M005,4,3.351820231543899e-05,0.24328654745882206,0.9976718717464965,146944,0.3333333333333333
http://digistrucmed.org/questionnaire#78_M005,4,3.351574396349845e-05,0.24328654745882206,0.9976718717464965,147032,0.3333333333333333
http://digistrucmed.org/questionnaire#74_M005,4,3.3515743963498405e-05,0.24328654745882206,0.9976718717464965,147032,0.3333333333333333
http://digistrucmed.org/questionnaire#73_M005,4,3.3515743963498384e-05,0.24328654745882206,0.9976718717464965,147032,0.3333333333333333
http://digistrucmed.org/questionnaire#56_M005,4,3.3515743963498215e-05,0.24328654745882206,0.9976718717464965,147032,0.3333333333333333
http://digistrucmed.org/questionnaire#122_M005,4,3.351574396349756e-05,0.24328654745882206,0.9976718717464965,147032,0.3333333333333333
http://digistrucmed.org/questionnaire#348_M005,4,3.3515743963497456e-05,0.24328654745882206,0.9976718717464965,147032,0.3333333333333333
http://digistrucmed.org/questionnaire#347_M005,4,3.3515743963497456e-05,0.24328654745882206,0.9976718717464965,147032,0.3333333333333333
http://digistrucmed.org/questionnaire#349_M005,4,3.3515743963497456e-05,0.24328654745882206,0.9976718717464965,147032,0.3333333333333333
http://digistrucmed.org/questionnaire#350_M005,4,3.351574396349745e-05,0.24328654745882206,0.9976718717464965,147032,0.3333333333333333
http://digistrucmed.org/questionnaire#186_M005,4,3.351100039334957e-05,0.24328654745882206,0.9976718717464965,146944,0.3333333333333333
http://digistrucmed.org/questionnaire#187_M005,4,3.351100039334957e-05,0.24328654745882206,0.9976718717464965,146944,0.3333333333333333
http://digistrucmed.org/questionnaire#93_M005,4,3.349258689058208e-05,0.24328654745882206,0.9976718717464965,146944,0.3333333333333333
http://digistrucmed.org/questionnaire#72_M005,4,3.347645748031296e-05,0.24328654745882206,0.9976718717464965,146944,0.3333333333333333
http://digistrucmed.org/questionnaire#154_M005,4,3.347645748031259e-05,0.24328654745882206,0.9976718717464965,146944,0.3333333333333333
http://digistrucmed.org/questionnaire#299_UM22,4,3.3472456653208256e-05,0.26787100416343235,0.9979542364165241,14688,0.3333333333333333
http://digistrucmed.org/questionnaire#226_UM15,4,3.3458848632480366e-05,0.2770802919708029,0.9980471091536631,16600,0.3333333333333333
http://digistrucmed.org/questionnaire#431_UM20,4,3.345429721957918e-05,0.2722317842799771,0.9979989967378204,15972,0.3333333333333333
http://digistrucmed.org/questionnaire#139_UM10,4,3.3446398360484923e-05,0.2770600686081308,0.998046911971631,16522,0.3333333333333333
http://digistrucmed.org/questionnaire#321_UM22,4,3.342896752254473e-05,0.26787100416343235,0.9979542364165241,14690,0.3333333333333333
http://digistrucmed.org/questionnaire#273_UM15,4,3.342652700547388e-05,0.2770802919708029,0.9980471091536631,16554,0.3333333333333333
http://digistrucmed.org/questionnaire#127_UM22,4,3.341850260713688e-05,0.26787100416343235,0.9979542364165241,14628,0.3333333333333333
http://digistrucmed.org/questionnaire#371_UM22,4,3.339992719675029e-05,0.2635013188949049,0.9979078986389707,14014,0.3333333333333333
http://digistrucmed.org/questionnaire#177_UM22,4,3.338978338960576e-05,0.26787100416343235,0.9979542364165241,14624,0.3333333333333333
http://digistrucmed.org/questionnaire#222_UM21,4,3.3378082232639614e-05,0.2722317842799771,0.9979989967378204,15956,0.3333333333333333
http://digistrucmed.org/questionnaire#369_UM24,4,3.3377718029033416e-05,0.26787100416343235,0.9979542364165241,14682,0.3333333333333333
http://digistrucmed.org/questionnaire#201_UM12,4,3.337736068647628e-05,0.2770802919708029,0.9980471091536631,16548,0.3333333333333333
http://digistrucmed.org/questionnaire#337_UM06,4,3.3375949462755066e-05,0.2724662647143267,0.9980013629222062,15334,0.3333333333333333
http://digistrucmed.org/questionnaire#337_UM03,4,3.337440185571251e-05,0.2724662647143267,0.9980013629222062,15332,0.3333333333333333
http://digistrucmed.org/questionnaire#191_UM22,4,3.3353967490296466e-05,0.2635013188949049,0.9979078986389707,14076,0.3333333333333333
http://digistrucmed.org/questionnaire#354_UM10,4,3.333309252011686e-05,0.2770600686081308,0.998046911971631,16566,0.3333333333333333
http://digistrucmed.org/questionnaire#81_UM02,4,3.328038322995359e-05,0.2770600686081308,0.998046911971631,16580,0.3333333333333333
http://digistrucmed.org/questionnaire#81_UM04,4,3.327998432382711e-05,0.2770600686081308,0.998046911971631,16580,0.3333333333333333
http://digistrucmed.org/questionnaire#226_UM22,4,3.3243066471494494e-05,0.26787100416343235,0.9979542364165241,14688,0.3333333333333333
http://digistrucmed.org/questionnaire#315_UM14,4,3.3240343874829735e-05,0.2771005182860063,0.9980473063356953,16570,0.3333333333333333
http://digistrucmed.org/questionnaire#235_UM22,4,3.3239943695413404e-05,0.2635013188949049,0.9979078986389707,14068,0.3333333333333333
http://digistrucmed.org/questionnaire#356_UM24,4,3.3215556959207134e-05,0.26787100416343235,0.9979542364165241,14584,0.3333333333333333
http://digistrucmed.org/questionnaire#177_UM17,4,3.321542995589396e-05,0.252024963484265,0.9977785472258854,11650,0.3333333333333333
http://digistrucmed.org/questionnaire#321_UM14,4,3.320886137049097e-05,0.2771005182860063,0.9980473063356953,16570,0.3333333333333333
http://digistrucmed.org/questionnaire#191_UM17,4,3.320668087675659e-05,0.252024963484265,0.9977785472258854,11650,0.3333333333333333
http://digistrucmed.org/questionnaire#201_UM20,4,3.3191224213563875e-05,0.2722317842799771,0.9979989967378204,15970,0.3333333333333333
http://digistrucmed.org/questionnaire#315_UM23,4,3.3185612068634486e-05,0.26787100416343235,0.9979542364165241,14700,0.3333333333333333
http://digistrucmed.org/questionnaire#227_UM22,4,3.317950542824794e-05,0.26787100416343235,0.9979542364165241,14686,0.3333333333333333
http://digistrucmed.org/questionnaire#155_UM25,4,3.317256067077402e-05,0.2635013188949049,0.9979078986389707,14118,0.3333333333333333
http://digistrucmed.org/questionnaire#309_UM25,4,3.316814483494713e-05,0.2635013188949049,0.9979078986389707,14080,0.3333333333333333
http://digistrucmed.org/questionnaire#297_UM24,4,3.3153927645409306e-05,0.26787100416343235,0.9979542364165241,14636,0.3333333333333333
http://digistrucmed.org/questionnaire#211_UM17,4,3.312174627347991e-05,0.252024963484265,0.9977785472258854,11608,0.3333333333333333
http://digistrucmed.org/questionnaire#211_UM23,4,3.312113108288801e-05,0.2635013188949049,0.9979078986389707,13994,0.3333333333333333
http://digistrucmed.org/questionnaire#201_UM23,4,3.311681561029622e-05,0.26787100416343235,0.9979542364165241,14698,0.3333333333333333
http://digistrucmed.org/questionnaire#201_UM21,4,3.311672740381822e-05,0.26787100416343235,0.9979542364165241,14698,0.3333333333333333
http://digistrucmed.org/questionnaire#127_UM14,4,3.310825966858322e-05,0.2771005182860063,0.9980473063356953,16524,0.3333333333333333
http://digistrucmed.org/questionnaire#316_UM21,4,3.310322082856686e-05,0.2722317842799771,0.9979989967378204,15892,0.3333333333333333
http://digistrucmed.org/questionnaire#170_UM06,4,3.309877508093987e-05,0.2770600686081308,0.998046911971631,16596,0.3333333333333333
http://digistrucmed.org/questionnaire#170_UM08,4,3.309798558192988e-05,0.2770600686081308,0.998046911971631,16596,0.3333333333333333
http://digistrucmed.org/questionnaire#387_UM22,4,3.3090100778469056e-05,0.2635013188949049,0.9979078986389707,14066,0.3333333333333333
http://digistrucmed.org/questionnaire#287_UM23,4,3.306195477992195e-05,0.26787100416343235,0.9979542364165241,14628,0.3333333333333333
http://digistrucmed.org/questionnaire#287_UM21,4,3.306176337485564e-05,0.26787100416343235,0.9979542364165241,14628,0.3333333333333333
http://digistrucmed.org/questionnaire#363_UM25,4,3.30328798458416e-05,0.2635013188949049,0.9979078986389707,14202,0.3333333333333333
http://digistrucmed.org/questionnaire#177_UM08,4,3.2993823215538625e-05,0.2770600686081308,0.998046911971631,16550,0.3333333333333333
http://digistrucmed.org/questionnaire#243_UM12,4,3.296745997630344e-05,0.2770802919708029,0.9980471091536631,16544,0.3333333333333333
http://digistrucmed.org/questionnaire#141_UM22,4,3.2960133912542455e-05,0.2635013188949049,0.9979078986389707,14062,0.3333333333333333
http://digistrucmed.org/questionnaire#273_UM22,4,3.2930593628353184e-05,0.2635013188949049,0.9979078986389707,14074,0.3333333333333333
http://digistrucmed.org/questionnaire#139_UM21,4,3.28808090505366e-05,0.2722317842799771,0.9979989967378204,15938,0.3333333333333333
http://digistrucmed.org/questionnaire#419_UM23,4,3.2861797182339986e-05,0.26787100416343235,0.9979542364165241,14696,0.3333333333333333
http://digistrucmed.org/questionnaire#419_UM21,4,3.2861693299374795e-05,0.26787100416343235,0.9979542364165241,14696,0.3333333333333333
http://digistrucmed.org/questionnaire#305_UM22,4,3.284650947801613e-05,0.2635013188949049,0.9979078986389707,14006,0.3333333333333333
http://digistrucmed.org/questionnaire#358_UM25,4,3.2814676866956914e-05,0.2635013188949049,0.9979078986389707,14126,0.3333333333333333
http://digistrucmed.org/questionnaire#299_UM23,4,3.278897849343065e-05,0.26787100416343235,0.9979542364165241,14694,0.3333333333333333
http://digistrucmed.org/questionnaire#321_UM23,4,3.274544975764962e-05,0.26787100416343235,0.9979542364165241,14696,0.3333333333333333
http://digistrucmed.org/questionnaire#243_UM20,4,3.273783208937042e-05,0.2722317842799771,0.9979989967378204,15970,0.3333333333333333
http://digistrucmed.org/questionnaire#127_UM21,4,3.273482478718872e-05,0.26787100416343235,0.9979542364165241,14634,0.3333333333333333
http://digistrucmed.org/questionnaire#177_UM23,4,3.270638605881244e-05,0.26787100416343235,0.9979542364165241,14630,0.3333333333333333
http://digistrucmed.org/questionnaire#177_UM21,4,3.2706254094277115e-05,0.26787100416343235,0.9979542364165241,14630,0.3333333333333333
http://digistrucmed.org/questionnaire#354_UM21,4,3.269005442850688e-05,0.2722317842799771,0.9979989967378204,15998,0.3333333333333333
http://digistrucmed.org/questionnaire#252_UM25,4,3.26864907392531e-05,0.2635013188949049,0.9979078986389707,14064,0.3333333333333333
http://digistrucmed.org/questionnaire#421_UM03,4,3.2675243376296345e-05,0.26897186990717775,0.9979656729743884,14412,0.3333333333333333
http://digistrucmed.org/questionnaire#371_UM14,4,3.264784430710512e-05,0.2771005182860063,0.9980473063356953,16476,0.3333333333333333
http://digistrucmed.org/questionnaire#275_UM25,4,3.264136125138997e-05,0.2635013188949049,0.9979078986389707,14076,0.3333333333333333
http://digistrucmed.org/questionnaire#100_UM21,4,3.263755406856319e-05,0.2722317842799771,0.9979989967378204,16008,0.3333333333333333
http://digistrucmed.org/questionnaire#273_UM24,4,3.258539812971455e-05,0.26787100416343235,0.9979542364165241,14644,0.3333333333333333
http://digistrucmed.org/questionnaire#315_UM24,4,3.257578038710514e-05,0.26787100416343235,0.9979542364165241,14706,0.3333333333333333
http://digistrucmed.org/questionnaire#226_UM23,4,3.255965498336617e-05,0.26787100416343235,0.9979542364165241,14694,0.3333333333333333
http://digistrucmed.org/questionnaire#226_UM21,4,3.255952471107434e-05,0.26787100416343235,0.9979542364165241,14694,0.3333333333333333
http://digistrucmed.org/questionnaire#319_UM14,4,3.255757152038138e-05,0.2771005182860063,0.9980473063356953,16522,0.3333333333333333
http://digistrucmed.org/questionnaire#278_UM08,4,3.255670630943856e-05,0.2724662647143267,0.9980013629222062,15266,0.3333333333333333
http://digistrucmed.org/questionnaire#100_UM03,4,3.2534370061214505e-05,0.2724662647143267,0.9980013629222062,15376,0.3333333333333333
http://digistrucmed.org/questionnaire#337_UM13,4,3.2527703792284903e-05,0.2771005182860063,0.9980473063356953,16538,0.3333333333333333
http://digistrucmed.org/questionnaire#222_UM20,4,3.252260075873659e-05,0.2722317842799771,0.9979989967378204,15968,0.3333333333333333
http://digistrucmed.org/questionnaire#141_UM01,4,3.251732121378401e-05,0.2720756880733945,0.9979974192815634,15364,0.3333333333333333
http://digistrucmed.org/questionnaire#201_UM24,4,3.2506916974847965e-05,0.26787100416343235,0.9979542364165241,14704,0.3333333333333333
http://digistrucmed.org/questionnaire#321_UM02,4,3.250159824584421e-05,0.2770600686081308,0.998046911971631,16578,0.3333333333333333
http://digistrucmed.org/questionnaire#321_UM04,4,3.2501190909026956e-05,0.2770600686081308,0.998046911971631,16578,0.3333333333333333
http://digistrucmed.org/questionnaire#227_UM23,4,3.249606706534835e-05,0.26787100416343235,0.9979542364165241,14692,0.3333333333333333
http://digistrucmed.org/questionnaire#227_UM21,4,3.2495921067094516e-05,0.26787100416343235,0.9979542364165241,14692,0.3333333333333333
http://digistrucmed.org/questionnaire#316_UM12,4,3.2479075770398336e-05,0.2770802919708029,0.9980471091536631,16498,0.3333333333333333
http://digistrucmed.org/questionnaire#344_UM21,4,3.247396629570703e-05,0.2722317842799771,0.9979989967378204,15880,0.3333333333333333
http://digistrucmed.org/questionnaire#211_UM04,4,3.2459207063431175e-05,0.2724662647143267,0.9980013629222062,15252,0.3333333333333333
http://digistrucmed.org/questionnaire#287_UM24,4,3.245240571750296e-05,0.26787100416343235,0.9979542364165241,14634,0.3333333333333333
http://digistrucmed.org/questionnaire#337_UM21,4,3.242251429753036e-05,0.2722317842799771,0.9979989967378204,15948,0.3333333333333333
http://digistrucmed.org/questionnaire#127_UM02,4,3.240100015568967e-05,0.2770600686081308,0.998046911971631,16532,0.3333333333333333
http://digistrucmed.org/questionnaire#127_UM04,4,3.2400582911365005e-05,0.2770600686081308,0.998046911971631,16532,0.3333333333333333
http://digistrucmed.org/questionnaire#100_UM13,4,3.236226957515903e-05,0.2771005182860063,0.9980473063356953,16582,0.3333333333333333
http://digistrucmed.org/questionnaire#177_UM15,4,3.2334027403335364e-05,0.2770802919708029,0.9980471091536631,16552,0.3333333333333333
http://digistrucmed.org/questionnaire#60_M007_01,4,3.2293883812291904e-05,0.2408018269474753,0.9976401254393216,1572384,0.16666666666666666
http://digistrucmed.org/questionnaire#84_M007_01,4,3.2268369184611664e-05,0.2408018269474753,0.9976401254393216,1573670,0.16666666666666666
http://digistrucmed.org/questionnaire#81_UM08,4,3.226440301930684e-05,0.2724662647143267,0.9980013629222062,15314,0.3333333333333333
http://digistrucmed.org/questionnaire#419_UM24,4,3.225199304205082e-05,0.26787100416343235,0.9979542364165241,14702,0.3333333333333333
http://digistrucmed.org/questionnaire#316_UM20,4,3.224779677874754e-05,0.2722317842799771,0.9979989967378204,15904,0.3333333333333333
http://digistrucmed.org/questionnaire#211_UM22,4,3.222314608420208e-05,0.2635013188949049,0.9979078986389707,14000,0.3333333333333333
http://digistrucmed.org/questionnaire#325_M007_01,4,3.219172366522336e-05,0.2408018269474753,0.9976401254393216,1575978,0.16666666666666666
http://digistrucmed.org/questionnaire#52_M007_01,4,3.2191480839507375e-05,0.2408018269474753,0.9976401254393216,1576040,0.16666666666666666
http://digistrucmed.org/questionnaire#123_M007_01,4,3.215896423748605e-05,0.2408018269474753,0.9976401254393216,1576288,0.16666666666666666
http://digistrucmed.org/questionnaire#334_M007_01,4,3.213880012022848e-05,0.2408018269474753,0.9976401254393216,1574342,0.16666666666666666
http://digistrucmed.org/questionnaire#321_UM24,4,3.2135776613820124e-05,0.26787100416343235,0.9979542364165241,14702,0.3333333333333333
http://digistrucmed.org/questionnaire#229_M007_01,4,3.2123052472793096e-05,0.2408018269474753,0.9976401254393216,1575580,0.16666666666666666
http://digistrucmed.org/questionnaire#201_UM14,4,3.211730209792101e-05,0.2771005182860063,0.9980473063356953,16566,0.3333333333333333
http://digistrucmed.org/questionnaire#177_UM24,4,3.209681145993803e-05,0.26787100416343235,0.9979542364165241,14636,0.3333333333333333
http://digistrucmed.org/questionnaire#103_M008_01,4,3.2095921553742514e-05,0.2408018269474753,0.9976401254393216,1574880,0.16666666666666666
http://digistrucmed.org/questionnaire#105_M008_01,4,3.2092706808577064e-05,0.2408018269474753,0.9976401254393216,1574364,0.16666666666666666
http://digistrucmed.org/questionnaire#107_M008_01,4,3.207060375389558e-05,0.2408018269474753,0.9976401254393216,1571550,0.16666666666666666
http://digistrucmed.org/questionnaire#246_M007_01,4,3.206774188986933e-05,0.2408018269474753,0.9976401254393216,1576660,0.16666666666666666
http://digistrucmed.org/questionnaire#324_M007_01,4,3.206738676542696e-05,0.2408018269474753,0.9976401254393216,1576350,0.16666666666666666
http://digistrucmed.org/questionnaire#81_UM01,4,3.204326842519352e-05,0.2720756880733945,0.9979974192815634,15366,0.3333333333333333
http://digistrucmed.org/questionnaire#259_M008_01,4,3.2039212291210926e-05,0.2408018269474753,0.9976401254393216,1568060,0.16666666666666666
http://digistrucmed.org/questionnaire#185_M008_01,4,3.2039212291209876e-05,0.2408018269474753,0.9976401254393216,1568060,0.16666666666666666
http://digistrucmed.org/questionnaire#118_M008_01,4,3.2039212291208785e-05,0.2408018269474753,0.9976401254393216,1568060,0.16666666666666666
http://digistrucmed.org/questionnaire#328_M008_01,4,3.203921229120864e-05,0.2408018269474753,0.9976401254393216,1568060,0.16666666666666666
http://digistrucmed.org/questionnaire#92_M007_01,4,3.203273676598808e-05,0.2408018269474753,0.9976401254393216,1576572,0.16666666666666666
http://digistrucmed.org/questionnaire#139_UM20,4,3.202607144533492e-05,0.2722317842799771,0.9979989967378204,15950,0.3333333333333333
http://digistrucmed.org/questionnaire#326_M007_01,4,3.201982881086028e-05,0.2408018269474753,0.9976401254393216,1576598,0.16666666666666666
http://digistrucmed.org/questionnaire#148_M007_01,4,3.2014817608284e-05,0.2408018269474753,0.9976401254393216,1576056,0.16666666666666666
http://digistrucmed.org/questionnaire#142_M007_01,4,3.2012686818953217e-05,0.2408018269474753,0.9976401254393216,1576944,0.16666666666666666
http://digistrucmed.org/questionnaire#145_M008_01,4,3.200634971177743e-05,0.2408018269474753,0.9976401254393216,1575500,0.16666666666666666
http://digistrucmed.org/questionnaire#409_M007_01,4,3.2002906818082216e-05,0.2408018269474753,0.9976401254393216,1576722,0.16666666666666666
http://digistrucmed.org/questionnaire#91_M007_01,4,3.199382156817497e-05,0.2408018269474753,0.9976401254393216,1577032,0.16666666666666666
http://digistrucmed.org/questionnaire#402_M007_01,4,3.198713300152515e-05,0.2408018269474753,0.9976401254393216,1576970,0.16666666666666666
http://digistrucmed.org/questionnaire#147_M008_01,4,3.197046013215215e-05,0.2408018269474753,0.9976401254393216,1576120,0.16666666666666666
http://digistrucmed.org/questionnaire#256_M007_01,4,3.1967297193250465e-05,0.2408018269474753,0.9976401254393216,1576516,0.16666666666666666
http://digistrucmed.org/questionnaire#157_M007_01,4,3.1967291751153293e-05,0.2408018269474753,0.9976401254393216,1576634,0.16666666666666666
http://digistrucmed.org/questionnaire#258_M007_01,4,3.1966764620382816e-05,0.2408018269474753,0.9976401254393216,1577714,0.16666666666666666
http://digistrucmed.org/questionnaire#183_M007_01,4,3.1966598664522576e-05,0.2408018269474753,0.9976401254393216,1578370,0.16666666666666666
http://digistrucmed.org/questionnaire#423_M007_01,4,3.196315386219606e-05,0.2408018269474753,0.9976401254393216,1576578,0.16666666666666666
http://digistrucmed.org/questionnaire#180_M007_01,4,3.196159062351869e-05,0.2408018269474753,0.9976401254393216,1577022,0.16666666666666666
http://digistrucmed.org/questionnaire#412_M007_01,4,3.195610583444883e-05,0.2408018269474753,0.9976401254393216,1576882,0.16666666666666666
http://digistrucmed.org/questionnaire#226_UM24,4,3.195007308346033e-05,0.26787100416343235,0.9979542364165241,14700,0.3333333333333333
http://digistrucmed.org/questionnaire#90_M007_01,4,3.1949381281196206e-05,0.2408018269474753,0.9976401254393216,1578458,0.16666666666666666
http://digistrucmed.org/questionnaire#193_M007_01,4,3.194876723239685e-05,0.2408018269474753,0.9976401254393216,1577404,0.16666666666666666
http://digistrucmed.org/questionnaire#307_SU01_10,4,3.1948712097593985e-05,0.22148316704591867,0.997369000145126,98086,0.3333333333333333
http://digistrucmed.org/questionnaire#120_M008_01,4,3.194278359926241e-05,0.2408018269474753,0.9976401254393216,1576038,0.16666666666666666
http://digistrucmed.org/questionnaire#371_UM04,4,3.194006706989438e-05,0.2770600686081308,0.998046911971631,16484,0.3333333333333333
http://digistrucmed.org/questionnaire#133_M008_01,4,3.193975941730344e-05,0.2408018269474753,0.9976401254393216,1575666,0.16666666666666666
http://digistrucmed.org/questionnaire#179_M007_01,4,3.193786647428941e-05,0.2408018269474753,0.9976401254393216,1577714,0.16666666666666666
http://digistrucmed.org/questionnaire#404_M007_01,4,3.1934430859665846e-05,0.2408018269474753,0.9976401254393216,1576598,0.16666666666666666
http://digistrucmed.org/questionnaire#257_M007_01,4,3.193354611793539e-05,0.2408018269474753,0.9976401254393216,1578086,0.16666666666666666
http://digistrucmed.org/questionnaire#170_UM24,4,3.1932213517811e-05,0.26787100416343235,0.9979542364165241,14700,0.3333333333333333
http://digistrucmed.org/questionnaire#216_M008_01,4,3.193112416568074e-05,0.2408018269474753,0.9976401254393216,1575810,0.16666666666666666
http://digistrucmed.org/questionnaire#424_M007_01,4,3.1929841026977165e-05,0.2408018269474753,0.9976401254393216,1576428,0.16666666666666666
http://digistrucmed.org/questionnaire#431_UM02,4,3.19272105492414e-05,0.2770600686081308,0.998046911971631,16576,0.3333333333333333
http://digistrucmed.org/questionnaire#87_M007_01,4,3.192555793435924e-05,0.2408018269474753,0.9976401254393216,1577998,0.16666666666666666
http://digistrucmed.org/questionnaire#182_M007_01,4,3.192484321621544e-05,0.2408018269474753,0.9976401254393216,1577626,0.16666666666666666
http://digistrucmed.org/questionnaire#429_M007_01,4,3.192263967515811e-05,0.2408018269474753,0.9976401254393216,1576428,0.16666666666666666
http://digistrucmed.org/questionnaire#178_M007_01,4,3.192123564622221e-05,0.2408018269474753,0.9976401254393216,1576970,0.16666666666666666
http://digistrucmed.org/questionnaire#113_M007_01,4,3.191628549208926e-05,0.2408018269474753,0.9976401254393216,1578370,0.16666666666666666
http://digistrucmed.org/questionnaire#66_M007_01,4,3.191137191169952e-05,0.2408018269474753,0.9976401254393216,1578370,0.16666666666666666
http://digistrucmed.org/questionnaire#359_M007_01,4,3.1909991618854306e-05,0.2408018269474753,0.9976401254393216,1576510,0.16666666666666666
http://digistrucmed.org/questionnaire#419_UM02,4,3.190723367483824e-05,0.2770600686081308,0.998046911971631,16576,0.3333333333333333
http://digistrucmed.org/questionnaire#419_UM04,4,3.190682024143877e-05,0.2770600686081308,0.998046911971631,16576,0.3333333333333333
http://digistrucmed.org/questionnaire#204_M007_01,4,3.190395263593569e-05,0.2408018269474753,0.9976401254393216,1577254,0.16666666666666666
http://digistrucmed.org/questionnaire#229_M008_01,4,3.1902721914192055e-05,0.2408018269474753,0.9976401254393216,1575436,0.16666666666666666
http://digistrucmed.org/questionnaire#70_M007_01,4,3.190049166055571e-05,0.2408018269474753,0.9976401254393216,1577404,0.16666666666666666
http://digistrucmed.org/questionnaire#129_M008_01,4,3.190033730684727e-05,0.2408018269474753,0.9976401254393216,1575356,0.16666666666666666
http://digistrucmed.org/questionnaire#88_M007_01,4,3.1899501299163585e-05,0.2408018269474753,0.9976401254393216,1577626,0.16666666666666666
http://digistrucmed.org/questionnaire#160_M008_01,4,3.189796022091973e-05,0.2408018269474753,0.9976401254393216,1576492,0.16666666666666666
http://digistrucmed.org/questionnaire#299_UM25,4,3.1894428788503324e-05,0.2635013188949049,0.9979078986389707,14148,0.3333333333333333
http://digistrucmed.org/questionnaire#344_UM13,4,3.1883939175745474e-05,0.2771005182860063,0.9980473063356953,16486,0.3333333333333333
http://digistrucmed.org/questionnaire#217_M007_01,4,3.188303788658675e-05,0.2408018269474753,0.9976401254393216,1577260,0.16666666666666666
http://digistrucmed.org/questionnaire#57_M007_01,4,3.188257436323163e-05,0.2408018269474753,0.9976401254393216,1576882,0.16666666666666666
http://digistrucmed.org/questionnaire#346_M007_01,4,3.187515335726487e-05,0.2408018269474753,0.9976401254393216,1576944,0.16666666666666666
http://digistrucmed.org/questionnaire#239_M008_01,4,3.187366587974268e-05,0.2408018269474753,0.9976401254393216,1576430,0.16666666666666666
http://digistrucmed.org/questionnaire#191_UM25,4,3.18729684982872e-05,0.2635013188949049,0.9979078986389707,14088,0.3333333333333333
http://digistrucmed.org/questionnaire#117_M007_01,4,3.1866758268322145e-05,0.2408018269474753,0.9976401254393216,1576572,0.16666666666666666
http://digistrucmed.org/questionnaire#144_M007_01,4,3.1866564192535894e-05,0.2408018269474753,0.9976401254393216,1578086,0.16666666666666666
http://digistrucmed.org/questionnaire#59_M007_01,4,3.1863860120323465e-05,0.2408018269474753,0.9976401254393216,1577626,0.16666666666666666
http://digistrucmed.org/questionnaire#151_M008_01,4,3.186333091000366e-05,0.2408018269474753,0.9976401254393216,1575144,0.16666666666666666
http://digistrucmed.org/questionnaire#132_M008_01,4,3.1861310080412294e-05,0.2408018269474753,0.9976401254393216,1576120,0.16666666666666666
http://digistrucmed.org/questionnaire#231_M008_01,4,3.185974454464325e-05,0.2408018269474753,0.9976401254393216,1575604,0.16666666666666666
http://digistrucmed.org/questionnaire#387_UM08,4,3.1854740614836796e-05,0.2724662647143267,0.9980013629222062,15264,0.3333333333333333
http://digistrucmed.org/questionnaire#82_M007_01,4,3.185381574346259e-05,0.2408018269474753,0.9976401254393216,1578370,0.16666666666666666
http://digistrucmed.org/questionnaire#414_M007_01,4,3.185137613684487e-05,0.2408018269474753,0.9976401254393216,1577254,0.16666666666666666
http://digistrucmed.org/questionnaire#249_M007_01,4,3.1850317080538246e-05,0.2408018269474753,0.9976401254393216,1578458,0.16666666666666666
http://digistrucmed.org/questionnaire#248_M007_01,4,3.185031708053823e-05,0.2408018269474753,0.9976401254393216,1578458,0.16666666666666666
http://digistrucmed.org/questionnaire#79_M007_01,4,3.185031708053763e-05,0.2408018269474753,0.9976401254393216,1578458,0.16666666666666666
http://digistrucmed.org/questionnaire#319_UM02,4,3.185025785042664e-05,0.2770600686081308,0.998046911971631,16530,0.3333333333333333
http://digistrucmed.org/questionnaire#319_UM04,4,3.184985836583789e-05,0.2770600686081308,0.998046911971631,16530,0.3333333333333333
http://digistrucmed.org/questionnaire#215_M007_01,4,3.184655867408152e-05,0.2408018269474753,0.9976401254393216,1578370,0.16666666666666666
http://digistrucmed.org/questionnaire#426_M007_01,4,3.1844367145234417e-05,0.2408018269474753,0.9976401254393216,1576340,0.16666666666666666
http://digistrucmed.org/questionnaire#427_M007_01,4,3.1844367145234417e-05,0.2408018269474753,0.9976401254393216,1576340,0.16666666666666666
http://digistrucmed.org/questionnaire#425_M007_01,4,3.184436714523439e-05,0.2408018269474753,0.9976401254393216,1576340,0.16666666666666666
http://digistrucmed.org/questionnaire#164_M008_01,4,3.183935591088004e-05,0.2408018269474753,0.9976401254393216,1576492,0.16666666666666666
http://digistrucmed.org/questionnaire#134_M008_01,4,3.1838400544258266e-05,0.2408018269474753,0.9976401254393216,1577546,0.16666666666666666
http://digistrucmed.org/questionnaire#152_M007_01,4,3.183713534682931e-05,0.2408018269474753,0.9976401254393216,1577626,0.16666666666666666
http://digistrucmed.org/questionnaire#354_UM20,4,3.183539392616073e-05,0.2722317842799771,0.9979989967378204,16010,0.3333333333333333
http://digistrucmed.org/questionnaire#124_M007_01,4,3.1834536886960515e-05,0.2408018269474753,0.9976401254393216,1578086,0.16666666666666666
http://digistrucmed.org/questionnaire#161_M008_01,4,3.1834508586024085e-05,0.2408018269474753,0.9976401254393216,1577546,0.16666666666666666
http://digistrucmed.org/questionnaire#273_UM08,4,3.183069763568793e-05,0.2724662647143267,0.9980013629222062,15266,0.3333333333333333
http://digistrucmed.org/questionnaire#163_M007_01,4,3.183046379648777e-05,0.2408018269474753,0.9976401254393216,1576428,0.16666666666666666
http://digistrucmed.org/questionnaire#162_M008_01,4,3.182917203849133e-05,0.2408018269474753,0.9976401254393216,1577546,0.16666666666666666
http://digistrucmed.org/questionnaire#391_M007_01,4,3.1827701457053045e-05,0.2408018269474753,0.9976401254393216,1577998,0.16666666666666666
http://digistrucmed.org/questionnaire#393_M007_01,4,3.182770145705303e-05,0.2408018269474753,0.9976401254393216,1577998,0.16666666666666666
http://digistrucmed.org/questionnaire#395_M007_01,4,3.182770145705302e-05,0.2408018269474753,0.9976401254393216,1577998,0.16666666666666666
http://digistrucmed.org/questionnaire#396_M007_01,4,3.1827701457052984e-05,0.2408018269474753,0.9976401254393216,1577998,0.16666666666666666
http://digistrucmed.org/questionnaire#397_M007_01,4,3.182770145705296e-05,0.2408018269474753,0.9976401254393216,1577998,0.16666666666666666
http://digistrucmed.org/questionnaire#230_M007_01,4,3.1826276570207616e-05,0.2408018269474753,0.9976401254393216,1577626,0.16666666666666666
http://digistrucmed.org/questionnaire#143_M007_01,4,3.1820647871407533e-05,0.2408018269474753,0.9976401254393216,1577776,0.16666666666666666
http://digistrucmed.org/questionnaire#67_M008_01,4,3.182010187171732e-05,0.2408018269474753,0.9976401254393216,1577918,0.16666666666666666
http://digistrucmed.org/questionnaire#184_M007_01,4,3.1815996174647607e-05,0.2408018269474753,0.9976401254393216,1578370,0.16666666666666666
http://digistrucmed.org/questionnaire#130_M008_01,4,3.181416970144575e-05,0.2408018269474753,0.9976401254393216,1576492,0.16666666666666666
http://digistrucmed.org/questionnaire#238_M008_01,4,3.1812975830613796e-05,0.2408018269474753,0.9976401254393216,1576120,0.16666666666666666
http://digistrucmed.org/questionnaire#92_M008_01,4,3.181283057312044e-05,0.2408018269474753,0.9976401254393216,1576428,0.16666666666666666
http://digistrucmed.org/questionnaire#202_M007_01,4,3.180974767784548e-05,0.2408018269474753,0.9976401254393216,1578086,0.16666666666666666
http://digistrucmed.org/questionnaire#214_M008_01,4,3.180835800634759e-05,0.2408018269474753,0.9976401254393216,1576554,0.16666666666666666
http://digistrucmed.org/questionnaire#264_M007_01,4,3.179731631944089e-05,0.2408018269474753,0.9976401254393216,1577022,0.16666666666666666
http://digistrucmed.org/questionnaire#148_M008_01,4,3.1795333039498834e-05,0.2408018269474753,0.9976401254393216,1575912,0.16666666666666666
http://digistrucmed.org/questionnaire#174_M007_01,4,3.179451816944466e-05,0.2408018269474753,0.9976401254393216,1578458,0.16666666666666666
http://digistrucmed.org/questionnaire#175_M007_01,4,3.17934770715369e-05,0.2408018269474753,0.9976401254393216,1578458,0.16666666666666666
http://digistrucmed.org/questionnaire#352_M007_01,4,3.1793477071536584e-05,0.2408018269474753,0.9976401254393216,1578458,0.16666666666666666
http://digistrucmed.org/questionnaire#351_M007_01,4,3.1793477071536584e-05,0.2408018269474753,0.9976401254393216,1578458,0.16666666666666666
http://digistrucmed.org/questionnaire#263_M007_01,4,3.179290514623504e-05,0.2408018269474753,0.9976401254393216,1576428,0.16666666666666666
http://digistrucmed.org/questionnaire#142_M008_01,4,3.179258832568023e-05,0.2408018269474753,0.9976401254393216,1576800,0.16666666666666666
http://digistrucmed.org/questionnaire#244_M008_01,4,3.178877340189196e-05,0.2408018269474753,0.9976401254393216,1577174,0.16666666666666666
http://digistrucmed.org/questionnaire#83_M008_01,4,3.1786717021589106e-05,0.2408018269474753,0.9976401254393216,1577236,0.16666666666666666
http://digistrucmed.org/questionnaire#401_M008_01,4,3.178651912385854e-05,0.2408018269474753,0.9976401254393216,1576120,0.16666666666666666
http://digistrucmed.org/questionnaire#358_UM10,4,3.178415739085406e-05,0.2724662647143267,0.9980013629222062,15398,0.3333333333333333
http://digistrucmed.org/questionnaire#100_UM20,4,3.178227804577511e-05,0.2722317842799771,0.9979989967378204,16020,0.3333333333333333
http://digistrucmed.org/questionnaire#431_UM08,4,3.178045936553564e-05,0.2724662647143267,0.9980013629222062,15312,0.3333333333333333
http://digistrucmed.org/questionnaire#224_M007_01,4,3.1777760414671996e-05,0.2408018269474753,0.9976401254393216,1578086,0.16666666666666666
http://digistrucmed.org/questionnaire#203_M007_01,4,3.177776041467194e-05,0.2408018269474753,0.9976401254393216,1578086,0.16666666666666666
http://digistrucmed.org/questionnaire#125_M007_01,4,3.177776041467143e-05,0.2408018269474753,0.9976401254393216,1578086,0.16666666666666666
http://digistrucmed.org/questionnaire#194_M007_01,4,3.177495322526022e-05,0.2408018269474753,0.9976401254393216,1577254,0.16666666666666666
http://digistrucmed.org/questionnaire#262_M007_01,4,3.177490516143652e-05,0.2408018269474753,0.9976401254393216,1578458,0.16666666666666666
http://digistrucmed.org/questionnaire#77_M007_01,4,3.177487263099717e-05,0.2408018269474753,0.9976401254393216,1578458,0.16666666666666666
http://digistrucmed.org/questionnaire#213_M007_01,4,3.1772078361283926e-05,0.2408018269474753,0.9976401254393216,1578370,0.16666666666666666
http://digistrucmed.org/questionnaire#253_M007_01,4,3.177102070108263e-05,0.2408018269474753,0.9976401254393216,1576650,0.16666666666666666
http://digistrucmed.org/questionnaire#323_M007_01,4,3.1768180420023246e-05,0.2408018269474753,0.9976401254393216,1578086,0.16666666666666666
http://digistrucmed.org/questionnaire#371_UM19,4,3.176788614585383e-05,0.2724662647143267,0.9980013629222062,15284,0.3333333333333333
http://digistrucmed.org/questionnaire#76_M008_01,4,3.176596326521675e-05,0.2408018269474753,0.9976401254393216,1578290,0.16666666666666666
http://digistrucmed.org/questionnaire#389_M007_01,4,3.176499621561328e-05,0.2408018269474753,0.9976401254393216,1577998,0.16666666666666666
http://digistrucmed.org/questionnaire#235_UM25,4,3.175963955485681e-05,0.2635013188949049,0.9979078986389707,14080,0.3333333333333333
http://digistrucmed.org/questionnaire#153_M007_01,4,3.175635568432375e-05,0.2408018269474753,0.9976401254393216,1577998,0.16666666666666666
http://digistrucmed.org/questionnaire#399_UM24,4,3.1755370502170105e-05,0.26787100416343235,0.9979542364165241,14694,0.3333333333333333
http://digistrucmed.org/questionnaire#413_M008_01,4,3.175361029270717e-05,0.2408018269474753,0.9976401254393216,1576802,0.16666666666666666
http://digistrucmed.org/questionnaire#69_M008_01,4,3.1752324747704304e-05,0.2408018269474753,0.9976401254393216,1577918,0.16666666666666666
http://digistrucmed.org/questionnaire#53_M008_01,4,3.175043758361708e-05,0.2408018269474753,0.9976401254393216,1577918,0.16666666666666666
http://digistrucmed.org/questionnaire#157_M008_01,4,3.17487398409644e-05,0.2408018269474753,0.9976401254393216,1576490,0.16666666666666666
http://digistrucmed.org/questionnaire#183_M008_01,4,3.174691268473692e-05,0.2408018269474753,0.9976401254393216,1578226,0.16666666666666666
http://digistrucmed.org/questionnaire#180_M008_01,4,3.1742460234759444e-05,0.2408018269474753,0.9976401254393216,1576878,0.16666666666666666
http://digistrucmed.org/questionnaire#173_M007_01,4,3.1742387956140956e-05,0.2408018269474753,0.9976401254393216,1577688,0.16666666666666666
http://digistrucmed.org/questionnaire#171_M007_01,4,3.174238795614093e-05,0.2408018269474753,0.9976401254393216,1577688,0.16666666666666666
http://digistrucmed.org/questionnaire#56_M007_01,4,3.1738043098702626e-05,0.2408018269474753,0.9976401254393216,1578458,0.16666666666666666
http://digistrucmed.org/questionnaire#73_M007_01,4,3.173804309870255e-05,0.2408018269474753,0.9976401254393216,1578458,0.16666666666666666
http://digistrucmed.org/questionnaire#78_M007_01,4,3.1738043098702545e-05,0.2408018269474753,0.9976401254393216,1578458,0.16666666666666666
http://digistrucmed.org/questionnaire#74_M007_01,4,3.173804309870254e-05,0.2408018269474753,0.9976401254393216,1578458,0.16666666666666666
http://digistrucmed.org/questionnaire#122_M007_01,4,3.173804309870241e-05,0.2408018269474753,0.9976401254393216,1578458,0.16666666666666666
http://digistrucmed.org/questionnaire#347_M007_01,4,3.173804309870228e-05,0.2408018269474753,0.9976401254393216,1578458,0.16666666666666666
http://digistrucmed.org/questionnaire#348_M007_01,4,3.1738043098702274e-05,0.2408018269474753,0.9976401254393216,1578458,0.16666666666666666
http://digistrucmed.org/questionnaire#349_M007_01,4,3.173804309870227e-05,0.2408018269474753,0.9976401254393216,1578458,0.16666666666666666
http://digistrucmed.org/questionnaire#350_M007_01,4,3.173804309870225e-05,0.2408018269474753,0.9976401254393216,1578458,0.16666666666666666
http://digistrucmed.org/questionnaire#412_M008_01,4,3.173604049321397e-05,0.2408018269474753,0.9976401254393216,1576738,0.16666666666666666
http://digistrucmed.org/questionnaire#186_M007_01,4,3.1735169140030676e-05,0.2408018269474753,0.9976401254393216,1577688,0.16666666666666666
http://digistrucmed.org/questionnaire#187_M007_01,4,3.1735169140030656e-05,0.2408018269474753,0.9976401254393216,1577688,0.16666666666666666
http://digistrucmed.org/questionnaire#416_M008_01,4,3.172915340179469e-05,0.2408018269474753,0.9976401254393216,1576120,0.16666666666666666
http://digistrucmed.org/questionnaire#166_M008_01,4,3.1715605493032724e-05,0.2408018269474753,0.9976401254393216,1577174,0.16666666666666666
http://digistrucmed.org/questionnaire#93_M007_01,4,3.171520332250033e-05,0.2408018269474753,0.9976401254393216,1578370,0.16666666666666666
http://digistrucmed.org/questionnaire#63_M008_01,4,3.171505321085394e-05,0.2408018269474753,0.9976401254393216,1578290,0.16666666666666666
http://digistrucmed.org/questionnaire#319_UM08,4,3.171024049571325e-05,0.2724662647143267,0.9980013629222062,15266,0.3333333333333333
http://digistrucmed.org/questionnaire#337_UM12,4,3.1710018660291255e-05,0.2770802919708029,0.9980471091536631,16538,0.3333333333333333
http://digistrucmed.org/questionnaire#243_UM14,4,3.170714405507878e-05,0.2771005182860063,0.9980473063356953,16562,0.3333333333333333
http://digistrucmed.org/questionnaire#87_M008_01,4,3.1706478262349345e-05,0.2408018269474753,0.9976401254393216,1577854,0.16666666666666666
http://digistrucmed.org/questionnaire#182_M008_01,4,3.170489842799911e-05,0.2408018269474753,0.9976401254393216,1577482,0.16666666666666666
http://digistrucmed.org/questionnaire#68_M008_01,4,3.170104316503107e-05,0.2408018269474753,0.9976401254393216,1577546,0.16666666666666666
http://digistrucmed.org/questionnaire#72_M007_01,4,3.169954263283448e-05,0.2408018269474753,0.9976401254393216,1577998,0.16666666666666666
http://digistrucmed.org/questionnaire#154_M007_01,4,3.169954263283439e-05,0.2408018269474753,0.9976401254393216,1577998,0.16666666666666666
http://digistrucmed.org/questionnaire#113_M008_01,4,3.169729023505359e-05,0.2408018269474753,0.9976401254393216,1578226,0.16666666666666666
http://digistrucmed.org/questionnaire#247_M008_01,4,3.169531466355732e-05,0.2408018269474753,0.9976401254393216,1577918,0.16666666666666666
http://digistrucmed.org/questionnaire#361_M008_01,4,3.169356998785785e-05,0.2408018269474753,0.9976401254393216,1576430,0.16666666666666666
http://digistrucmed.org/questionnaire#360_M008_01,4,3.169356998785785e-05,0.2408018269474753,0.9976401254393216,1576430,0.16666666666666666
http://digistrucmed.org/questionnaire#367_M008_01,4,3.1693569987857846e-05,0.2408018269474753,0.9976401254393216,1576430,0.16666666666666666
http://digistrucmed.org/questionnaire#66_M008_01,4,3.169187506758259e-05,0.2408018269474753,0.9976401254393216,1578226,0.16666666666666666
http://digistrucmed.org/questionnaire#198_M008_01,4,3.169128555723194e-05,0.2408018269474753,0.9976401254393216,1578290,0.16666666666666666
http://digistrucmed.org/questionnaire#139_UM13,4,3.1691255542140005e-05,0.2771005182860063,0.9980473063356953,16528,0.3333333333333333
http://digistrucmed.org/questionnaire#359_M008_01,4,3.169039637635041e-05,0.2408018269474753,0.9976401254393216,1576366,0.16666666666666666
http://digistrucmed.org/questionnaire#218_M008_01,4,3.168987034810718e-05,0.2408018269474753,0.9976401254393216,1577918,0.16666666666666666
http://digistrucmed.org/questionnaire#266_M008_01,4,3.168943882732007e-05,0.2408018269474753,0.9976401254393216,1576802,0.16666666666666666
http://digistrucmed.org/questionnaire#204_M008_01,4,3.1683855732492063e-05,0.2408018269474753,0.9976401254393216,1577110,0.16666666666666666
http://digistrucmed.org/questionnaire#223_M008_01,4,3.168369074597633e-05,0.2408018269474753,0.9976401254393216,1577174,0.16666666666666666
http://digistrucmed.org/questionnaire#167_M008_01,4,3.1680237787619186e-05,0.2408018269474753,0.9976401254393216,1577174,0.16666666666666666
http://digistrucmed.org/questionnaire#88_M008_01,4,3.1680194015989135e-05,0.2408018269474753,0.9976401254393216,1577482,0.16666666666666666
http://digistrucmed.org/questionnaire#81_UM15,4,3.167728701641636e-05,0.2770802919708029,0.9980471091536631,16596,0.3333333333333333
http://digistrucmed.org/questionnaire#86_M008_01,4,3.167007714417375e-05,0.2408018269474753,0.9976401254393216,1577918,0.16666666666666666
http://digistrucmed.org/questionnaire#57_M008_01,4,3.166317578645723e-05,0.2408018269474753,0.9976401254393216,1576738,0.16666666666666666
http://digistrucmed.org/questionnaire#346_M008_01,4,3.165596885889367e-05,0.2408018269474753,0.9976401254393216,1576800,0.16666666666666666
http://digistrucmed.org/questionnaire#417_M008_01,4,3.165206835158361e-05,0.2408018269474753,0.9976401254393216,1576802,0.16666666666666666
http://digistrucmed.org/questionnaire#117_M008_01,4,3.164745131883495e-05,0.2408018269474753,0.9976401254393216,1576428,0.16666666666666666
http://digistrucmed.org/questionnaire#59_M008_01,4,3.16446581487638e-05,0.2408018269474753,0.9976401254393216,1577482,0.16666666666666666
http://digistrucmed.org/questionnaire#208_M008_01,4,3.164207100989354e-05,0.2408018269474753,0.9976401254393216,1577546,0.16666666666666666
http://digistrucmed.org/questionnaire#82_M008_01,4,3.1634967153446064e-05,0.2408018269474753,0.9976401254393216,1578226,0.16666666666666666
http://digistrucmed.org/questionnaire#414_M008_01,4,3.163327518969966e-05,0.2408018269474753,0.9976401254393216,1577110,0.16666666666666666
http://digistrucmed.org/questionnaire#172_M008_01,4,3.1631648402338246e-05,0.2408018269474753,0.9976401254393216,1577918,0.16666666666666666
http://digistrucmed.org/questionnaire#215_M008_01,4,3.162810258480193e-05,0.2408018269474753,0.9976401254393216,1578226,0.16666666666666666
http://digistrucmed.org/questionnaire#426_M008_01,4,3.1627237513245454e-05,0.2408018269474753,0.9976401254393216,1576196,0.16666666666666666
http://digistrucmed.org/questionnaire#425_M008_01,4,3.162723751324545e-05,0.2408018269474753,0.9976401254393216,1576196,0.16666666666666666
http://digistrucmed.org/questionnaire#427_M008_01,4,3.162723751324544e-05,0.2408018269474753,0.9976401254393216,1576196,0.16666666666666666
http://digistrucmed.org/questionnaire#344_UM20,4,3.161907511281238e-05,0.2722317842799771,0.9979989967378204,15892,0.3333333333333333
http://digistrucmed.org/questionnaire#152_M008_01,4,3.161795309296388e-05,0.2408018269474753,0.9976401254393216,1577482,0.16666666666666666
http://digistrucmed.org/questionnaire#163_M008_01,4,3.161152361223704e-05,0.2408018269474753,0.9976401254393216,1576284,0.16666666666666666
http://digistrucmed.org/questionnaire#96_M008_01,4,3.161080211140374e-05,0.2408018269474753,0.9976401254393216,1578290,0.16666666666666666
http://digistrucmed.org/questionnaire#387_UM25,4,3.1609916579974275e-05,0.2635013188949049,0.9979078986389707,14078,0.3333333333333333
http://digistrucmed.org/questionnaire#273_UM01,4,3.1609546243765215e-05,0.2720756880733945,0.9979974192815634,15318,0.3333333333333333
http://digistrucmed.org/questionnaire#391_M008_01,4,3.160873822396365e-05,0.2408018269474753,0.9976401254393216,1577854,0.16666666666666666
http://digistrucmed.org/questionnaire#393_M008_01,4,3.160873822396364e-05,0.2408018269474753,0.9976401254393216,1577854,0.16666666666666666
http://digistrucmed.org/questionnaire#395_M008_01,4,3.1608738223963634e-05,0.2408018269474753,0.9976401254393216,1577854,0.16666666666666666
http://digistrucmed.org/questionnaire#396_M008_01,4,3.160873822396361e-05,0.2408018269474753,0.9976401254393216,1577854,0.16666666666666666
http://digistrucmed.org/questionnaire#397_M008_01,4,3.1608738223963594e-05,0.2408018269474753,0.9976401254393216,1577854,0.16666666666666666
http://digistrucmed.org/questionnaire#230_M008_01,4,3.1607115964189136e-05,0.2408018269474753,0.9976401254393216,1577482,0.16666666666666666
http://digistrucmed.org/questionnaire#232_M008_01,4,3.160582568808284e-05,0.2408018269474753,0.9976401254393216,1577546,0.16666666666666666
http://digistrucmed.org/questionnaire#184_M008_01,4,3.1597815428655347e-05,0.2408018269474753,0.9976401254393216,1578226,0.16666666666666666
http://digistrucmed.org/questionnaire#319_UM01,4,3.159701735553037e-05,0.2720756880733945,0.9979974192815634,15364,0.3333333333333333
http://digistrucmed.org/questionnaire#315_UM06,4,3.1590866315578174e-05,0.2770600686081308,0.998046911971631,16592,0.3333333333333333
http://digistrucmed.org/questionnaire#106_M008_01,4,3.159077073816086e-05,0.2408018269474753,0.9976401254393216,1578290,0.16666666666666666
http://digistrucmed.org/questionnaire#315_UM08,4,3.159009490733766e-05,0.2770600686081308,0.998046911971631,16592,0.3333333333333333
http://digistrucmed.org/questionnaire#264_M008_01,4,3.158006153820946e-05,0.2408018269474753,0.9976401254393216,1576878,0.16666666666666666
http://digistrucmed.org/questionnaire#354_UM13,4,3.1578173443043736e-05,0.2771005182860063,0.9980473063356953,16572,0.3333333333333333
http://digistrucmed.org/questionnaire#263_M008_01,4,3.1574529904655535e-05,0.2408018269474753,0.9976401254393216,1576284,0.16666666666666666
http://digistrucmed.org/questionnaire#337_UM20,4,3.1567369326599276e-05,0.2722317842799771,0.9979989967378204,15960,0.3333333333333333
http://digistrucmed.org/questionnaire#321_UM06,4,3.155936163940446e-05,0.2770600686081308,0.998046911971631,16592,0.3333333333333333
http://digistrucmed.org/questionnaire#194_M008_01,4,3.155624249966381e-05,0.2408018269474753,0.9976401254393216,1577110,0.16666666666666666
http://digistrucmed.org/questionnaire#213_M008_01,4,3.1554854320610535e-05,0.2408018269474753,0.9976401254393216,1578226,0.16666666666666666
http://digistrucmed.org/questionnaire#89_M008_01,4,3.155426514070142e-05,0.2408018269474753,0.9976401254393216,1578290,0.16666666666666666
http://digistrucmed.org/questionnaire#95_M008_01,4,3.15542651407014e-05,0.2408018269474753,0.9976401254393216,1578290,0.16666666666666666
http://digistrucmed.org/questionnaire#97_M008_01,4,3.155426514070139e-05,0.2408018269474753,0.9976401254393216,1578290,0.16666666666666666
http://digistrucmed.org/questionnaire#253_M008_01,4,3.155368445152753e-05,0.2408018269474753,0.9976401254393216,1576506,0.16666666666666666
http://digistrucmed.org/questionnaire#389_M008_01,4,3.154660073517051e-05,0.2408018269474753,0.9976401254393216,1577854,0.16666666666666666
http://digistrucmed.org/questionnaire#100_UM12,4,3.154447498200399e-05,0.2770802919708029,0.9980471091536631,16582,0.3333333333333333
http://digistrucmed.org/questionnaire#153_M008_01,4,3.153894801110606e-05,0.2408018269474753,0.9976401254393216,1577854,0.16666666666666666
http://digistrucmed.org/questionnaire#94_M008_01,4,3.1538445225498764e-05,0.2408018269474753,0.9976401254393216,1577918,0.16666666666666666
http://digistrucmed.org/questionnaire#173_M008_01,4,3.152552284469389e-05,0.2408018269474753,0.9976401254393216,1577544,0.16666666666666666
http://digistrucmed.org/questionnaire#171_M008_01,4,3.1525522844693885e-05,0.2408018269474753,0.9976401254393216,1577544,0.16666666666666666
http://digistrucmed.org/questionnaire#186_M008_01,4,3.151833606652393e-05,0.2408018269474753,0.9976401254393216,1577544,0.16666666666666666
http://digistrucmed.org/questionnaire#187_M008_01,4,3.151833606652391e-05,0.2408018269474753,0.9976401254393216,1577544,0.16666666666666666
http://digistrucmed.org/questionnaire#358_UM16,4,3.150665006605573e-05,0.25987540220442257,0.9978682650505102,12330,0.3333333333333333
http://digistrucmed.org/questionnaire#93_M008_01,4,3.149858882948266e-05,0.2408018269474753,0.9976401254393216,1578226,0.16666666666666666
http://digistrucmed.org/questionnaire#72_M008_01,4,3.1482745540181065e-05,0.2408018269474753,0.9976401254393216,1577854,0.16666666666666666
http://digistrucmed.org/questionnaire#154_M008_01,4,3.1482745540180726e-05,0.2408018269474753,0.9976401254393216,1577854,0.16666666666666666
http://digistrucmed.org/questionnaire#141_UM25,4,3.148033078598358e-05,0.2635013188949049,0.9979078986389707,14074,0.3333333333333333
http://digistrucmed.org/questionnaire#127_UM06,4,3.145872408489633e-05,0.2770600686081308,0.998046911971631,16546,0.3333333333333333
http://digistrucmed.org/questionnaire#127_UM08,4,3.145794221217646e-05,0.2770600686081308,0.998046911971631,16546,0.3333333333333333
http://digistrucmed.org/questionnaire#273_UM25,4,3.144979922793233e-05,0.2635013188949049,0.9979078986389707,14086,0.3333333333333333
http://digistrucmed.org/questionnaire#201_UM08,4,3.14354327320624e-05,0.2724662647143267,0.9980013629222062,15310,0.3333333333333333
http://digistrucmed.org/questionnaire#201_UM04,4,3.140974241045165e-05,0.2770600686081308,0.998046911971631,16574,0.3333333333333333
http://digistrucmed.org/questionnaire#191_UM11,4,3.139539775754905e-05,0.26897186990717775,0.9979656729743884,14712,0.3333333333333333
http://digistrucmed.org/questionnaire#252_UM17,4,3.136672214797347e-05,0.252024963484265,0.9977785472258854,11648,0.3333333333333333
http://digistrucmed.org/questionnaire#305_UM25,4,3.136591472156391e-05,0.2635013188949049,0.9979078986389707,14018,0.3333333333333333
http://digistrucmed.org/questionnaire#356_UM25,4,3.1352418094340386e-05,0.2635013188949049,0.9979078986389707,14022,0.3333333333333333
http://digistrucmed.org/questionnaire#275_UM17,4,3.1323976948253975e-05,0.252024963484265,0.9977785472258854,11648,0.3333333333333333
http://digistrucmed.org/questionnaire#235_UM01,4,3.132323250602888e-05,0.2720756880733945,0.9979974192815634,15314,0.3333333333333333
http://digistrucmed.org/questionnaire#191_UM01,4,3.1264279884327145e-05,0.2720756880733945,0.9979974192815634,15316,0.3333333333333333
http://digistrucmed.org/questionnaire#287_UM11,4,3.123689501804193e-05,0.26897186990717775,0.9979656729743884,14710,0.3333333333333333
http://digistrucmed.org/questionnaire#305_UM17,4,3.122181595563384e-05,0.252024963484265,0.9977785472258854,11606,0.3333333333333333
http://digistrucmed.org/questionnaire#316_UM14,4,3.1219285971793873e-05,0.2771005182860063,0.9980473063356953,16516,0.3333333333333333
http://digistrucmed.org/questionnaire#201_UM01,4,3.121426886758274e-05,0.2720756880733945,0.9979974192815634,15362,0.3333333333333333
http://digistrucmed.org/questionnaire#243_UM03,4,3.119841254860666e-05,0.2724662647143267,0.9980013629222062,15328,0.3333333333333333
http://digistrucmed.org/questionnaire#321_UM08,4,3.117916340712847e-05,0.2724662647143267,0.9980013629222062,15308,0.3333333333333333
http://digistrucmed.org/questionnaire#141_UM06,4,3.117565599347441e-05,0.2724662647143267,0.9980013629222062,15280,0.3333333333333333
http://digistrucmed.org/questionnaire#299_UM11,4,3.116307504494219e-05,0.26897186990717775,0.9979656729743884,14756,0.3333333333333333
http://digistrucmed.org/questionnaire#299_UM19,4,3.116259507412519e-05,0.26897186990717775,0.9979656729743884,14758,0.3333333333333333
http://digistrucmed.org/questionnaire#299_UM08,4,3.113602746712863e-05,0.2724662647143267,0.9980013629222062,15306,0.3333333333333333
http://digistrucmed.org/questionnaire#278_UM06,4,3.110089788956576e-05,0.2724662647143267,0.9980013629222062,15278,0.3333333333333333
http://digistrucmed.org/questionnaire#344_UM12,4,3.1066513656250696e-05,0.2770802919708029,0.9980471091536631,16486,0.3333333333333333
http://digistrucmed.org/questionnaire#275_UM06,4,3.106325549923053e-05,0.2724662647143267,0.9980013629222062,15278,0.3333333333333333
http://digistrucmed.org/questionnaire#278_UM11,4,3.106048042774344e-05,0.26897186990717775,0.9979656729743884,14706,0.3333333333333333
http://digistrucmed.org/questionnaire#278_UM19,4,3.105986691693951e-05,0.26897186990717775,0.9979656729743884,14708,0.3333333333333333
http://digistrucmed.org/questionnaire#316_UM03,4,3.1052598465517364e-05,0.2724662647143267,0.9980013629222062,15280,0.3333333333333333
http://digistrucmed.org/questionnaire#243_UM02,4,3.1035973239855856e-05,0.2770600686081308,0.998046911971631,16574,0.3333333333333333
http://digistrucmed.org/questionnaire#243_UM04,4,3.103558154594801e-05,0.2770600686081308,0.998046911971631,16574,0.3333333333333333
http://digistrucmed.org/questionnaire#222_UM02,4,3.1034145685467265e-05,0.2770600686081308,0.998046911971631,16572,0.3333333333333333
http://digistrucmed.org/questionnaire#309_UM15,4,3.1018768888607284e-05,0.27248582298471036,0.9980015601042382,15284,0.3333333333333333
http://digistrucmed.org/questionnaire#371_UM06,4,3.099795620062667e-05,0.2770600686081308,0.998046911971631,16498,0.3333333333333333
http://digistrucmed.org/questionnaire#371_UM08,4,3.0997153851923675e-05,0.2770600686081308,0.998046911971631,16498,0.3333333333333333
http://digistrucmed.org/questionnaire#431_UM06,4,3.098513291104351e-05,0.2770600686081308,0.998046911971631,16590,0.3333333333333333
http://digistrucmed.org/questionnaire#419_UM08,4,3.096430027109622e-05,0.2770600686081308,0.998046911971631,16590,0.3333333333333333
http://digistrucmed.org/questionnaire#321_UM01,4,3.095800546571655e-05,0.2720756880733945,0.9979974192815634,15360,0.3333333333333333
http://digistrucmed.org/questionnaire#419_UM01,4,3.0939770045181906e-05,0.2720756880733945,0.9979974192815634,15360,0.3333333333333333
http://digistrucmed.org/questionnaire#315_UM15,4,3.093049567695829e-05,0.2770802919708029,0.9980471091536631,16594,0.3333333333333333
http://digistrucmed.org/questionnaire#309_UM19,4,3.092965875627839e-05,0.26897186990717775,0.9979656729743884,14706,0.3333333333333333
http://digistrucmed.org/questionnaire#299_UM01,4,3.091489459113538e-05,0.2720756880733945,0.9979974192815634,15358,0.3333333333333333
http://digistrucmed.org/questionnaire#139_UM12,4,3.087399730062179e-05,0.2770802919708029,0.9980471091536631,16528,0.3333333333333333
http://digistrucmed.org/questionnaire#241_UM08,4,3.086545295386152e-05,0.2724662647143267,0.9980013629222062,15298,0.3333333333333333
http://digistrucmed.org/questionnaire#127_UM01,4,3.085900265920637e-05,0.2720756880733945,0.9979974192815634,15314,0.3333333333333333
http://digistrucmed.org/questionnaire#227_UM08,4,3.085415891831921e-05,0.2724662647143267,0.9980013629222062,15304,0.3333333333333333
http://digistrucmed.org/questionnaire#356_UM03,4,3.082994226691164e-05,0.2724662647143267,0.9980013629222062,15232,0.3333333333333333
http://digistrucmed.org/questionnaire#81_UM06,4,3.0809396503568174e-05,0.2724662647143267,0.9980013629222062,15326,0.3333333333333333
http://digistrucmed.org/questionnaire#127_UM15,4,3.079831274712616e-05,0.2770802919708029,0.9980471091536631,16548,0.3333333333333333
http://digistrucmed.org/questionnaire#297_UM19,4,3.079422609708216e-05,0.26897186990717775,0.9979656729743884,14708,0.3333333333333333
http://digistrucmed.org/questionnaire#363_UM11,4,3.0791135887551845e-05,0.26897186990717775,0.9979656729743884,14794,0.3333333333333333
http://digistrucmed.org/questionnaire#363_UM19,4,3.0790633515317484e-05,0.26897186990717775,0.9979656729743884,14796,0.3333333333333333
http://digistrucmed.org/questionnaire#354_UM12,4,3.076099870698159e-05,0.2770802919708029,0.9980471091536631,16572,0.3333333333333333
http://digistrucmed.org/questionnaire#211_UM25,4,3.074325069037657e-05,0.2635013188949049,0.9979078986389707,14012,0.3333333333333333
http://digistrucmed.org/questionnaire#241_UM17,4,3.069233959003679e-05,0.252024963484265,0.9977785472258854,11688,0.3333333333333333
http://digistrucmed.org/questionnaire#337_UM14,4,3.067674532108881e-05,0.27250538406317304,0.9980017572862704,15366,0.3333333333333333
http://digistrucmed.org/questionnaire#222_UM04,4,3.060143446964005e-05,0.2724662647143267,0.9980013629222062,15340,0.3333333333333333
http://digistrucmed.org/questionnaire#141_UM02,4,3.0565469897113234e-05,0.2724662647143267,0.9980013629222062,15284,0.3333333333333333
http://digistrucmed.org/questionnaire#371_UM10,4,3.05643402222843e-05,0.2724662647143267,0.9980013629222062,15306,0.3333333333333333
http://digistrucmed.org/questionnaire#177_UM01,4,3.056421864363017e-05,0.2720756880733945,0.9979974192815634,15354,0.3333333333333333
http://digistrucmed.org/questionnaire#211_UM12,4,3.053047271745013e-05,0.27248582298471036,0.9980015601042382,15274,0.3333333333333333
http://digistrucmed.org/questionnaire#235_UM19,4,3.052334197608601e-05,0.26897186990717775,0.9979656729743884,14706,0.3333333333333333
http://digistrucmed.org/questionnaire#316_UM02,4,3.0512237434047845e-05,0.2770600686081308,0.998046911971631,16524,0.3333333333333333
http://digistrucmed.org/questionnaire#316_UM04,4,3.0511830939916947e-05,0.2770600686081308,0.998046911971631,16524,0.3333333333333333
http://digistrucmed.org/questionnaire#275_UM11,4,3.0510191673850512e-05,0.26897186990717775,0.9979656729743884,14700,0.3333333333333333
http://digistrucmed.org/questionnaire#275_UM19,4,3.0509715438298172e-05,0.26897186990717775,0.9979656729743884,14702,0.3333333333333333
http://digistrucmed.org/questionnaire#371_UM17,4,3.0493895107576677e-05,0.252024963484265,0.9977785472258854,11604,0.3333333333333333
http://digistrucmed.org/questionnaire#201_UM06,4,3.046808309031914e-05,0.2770600686081308,0.998046911971631,16588,0.3333333333333333
http://digistrucmed.org/questionnaire#399_UM08,4,3.0421643460905607e-05,0.2724662647143267,0.9980013629222062,15300,0.3333333333333333
http://digistrucmed.org/questionnaire#305_UM11,4,3.040954642504971e-05,0.26897186990717775,0.9979656729743884,14658,0.3333333333333333
http://digistrucmed.org/questionnaire#387_UM11,4,3.037543172944978e-05,0.26897186990717775,0.9979656729743884,14702,0.3333333333333333
http://digistrucmed.org/questionnaire#305_UM02,4,3.037293208216498e-05,0.2724662647143267,0.9980013629222062,15238,0.3333333333333333
http://digistrucmed.org/questionnaire#315_UM03,4,3.0356249422148044e-05,0.2724662647143267,0.9980013629222062,15322,0.3333333333333333
http://digistrucmed.org/questionnaire#371_UM15,4,3.0337346453385635e-05,0.2770802919708029,0.9980471091536631,16500,0.3333333333333333
http://digistrucmed.org/questionnaire#227_UM16,4,3.0332216413361126e-05,0.2651393448348118,0.9979254478398315,13606,0.3333333333333333
http://digistrucmed.org/questionnaire#431_UM15,4,3.0324875358070507e-05,0.2770802919708029,0.9980471091536631,16592,0.3333333333333333
http://digistrucmed.org/questionnaire#419_UM15,4,3.0304762605217795e-05,0.2770802919708029,0.9980471091536631,16592,0.3333333333333333
http://digistrucmed.org/questionnaire#358_UM11,4,3.0303954974610567e-05,0.26897186990717775,0.9979656729743884,14734,0.3333333333333333
http://digistrucmed.org/questionnaire#358_UM19,4,3.030348185287655e-05,0.26897186990717775,0.9979656729743884,14736,0.3333333333333333
http://digistrucmed.org/questionnaire#100_UM14,4,3.028497263909858e-05,0.2771005182860063,0.9980473063356953,16600,0.3333333333333333
http://digistrucmed.org/questionnaire#319_UM03,4,3.0253777650148774e-05,0.2724662647143267,0.9980013629222062,15276,0.3333333333333333
http://digistrucmed.org/questionnaire#356_UM02,4,3.0220819921322157e-05,0.2724662647143267,0.9980013629222062,15238,0.3333333333333333
http://digistrucmed.org/questionnaire#369_UM08,4,3.020280453564685e-05,0.2724662647143267,0.9980013629222062,15288,0.3333333333333333
http://digistrucmed.org/questionnaire#155_UM11,4,3.0188190337345426e-05,0.26897186990717775,0.9979656729743884,14726,0.3333333333333333
http://digistrucmed.org/questionnaire#155_UM19,4,3.0187715209742874e-05,0.26897186990717775,0.9979656729743884,14728,0.3333333333333333
http://digistrucmed.org/questionnaire#252_UM11,4,3.0185933647593428e-05,0.26897186990717775,0.9979656729743884,14688,0.3333333333333333
http://digistrucmed.org/questionnaire#252_UM19,4,3.0185461235610906e-05,0.26897186990717775,0.9979656729743884,14690,0.3333333333333333
http://digistrucmed.org/questionnaire#141_UM11,4,3.0148911895584383e-05,0.26897186990717775,0.9979656729743884,14698,0.3333333333333333
http://digistrucmed.org/questionnaire#141_UM19,4,3.0148424191609085e-05,0.26897186990717775,0.9979656729743884,14700,0.3333333333333333
http://digistrucmed.org/questionnaire#243_UM06,4,3.0093572401837237e-05,0.2770600686081308,0.998046911971631,16588,0.3333333333333333
http://digistrucmed.org/questionnaire#243_UM08,4,3.0092791699371984e-05,0.2770600686081308,0.998046911971631,16588,0.3333333333333333
http://digistrucmed.org/questionnaire#222_UM06,4,3.009216925832488e-05,0.2770600686081308,0.998046911971631,16586,0.3333333333333333
http://digistrucmed.org/questionnaire#222_UM08,4,3.009139309607616e-05,0.2770600686081308,0.998046911971631,16586,0.3333333333333333
http://digistrucmed.org/questionnaire#235_UM06,4,3.0089886699566303e-05,0.2724662647143267,0.9980013629222062,15274,0.3333333333333333
http://digistrucmed.org/questionnaire#363_UM06,4,3.007928619634139e-05,0.2724662647143267,0.9980013629222062,15362,0.3333333333333333
http://digistrucmed.org/questionnaire#278_UM15,4,3.0063937894080244e-05,0.27248582298471036,0.9980015601042382,15280,0.3333333333333333
http://digistrucmed.org/questionnaire#100_UM11,4,3.004435106286387e-05,0.2724662647143267,0.9980013629222062,15410,0.3333333333333333
http://digistrucmed.org/questionnaire#191_UM06,4,3.0030913954648706e-05,0.2724662647143267,0.9980013629222062,15276,0.3333333333333333
http://digistrucmed.org/questionnaire#275_UM15,4,3.0026938492551623e-05,0.27248582298471036,0.9980015601042382,15280,0.3333333333333333
http://digistrucmed.org/questionnaire#141_UM04,4,3.002261277404262e-05,0.2724662647143267,0.9980013629222062,15290,0.3333333333333333
http://digistrucmed.org/questionnaire#369_UM01,4,2.9981665793534257e-05,0.2720756880733945,0.9979974192815634,15340,0.3333333333333333
http://digistrucmed.org/questionnaire#278_UM04,4,2.9947297347027348e-05,0.2724662647143267,0.9980013629222062,15288,0.3333333333333333
http://digistrucmed.org/questionnaire#305_UM15,4,2.994669030486244e-05,0.27248582298471036,0.9980015601042382,15236,0.3333333333333333
http://digistrucmed.org/questionnaire#278_UM17,4,2.9941359905124593e-05,0.252024963484265,0.9977785472258854,11642,0.3333333333333333
http://digistrucmed.org/questionnaire#211_UM11,4,2.9941013776956294e-05,0.26897186990717775,0.9979656729743884,14652,0.3333333333333333
http://digistrucmed.org/questionnaire#211_UM19,4,2.994054535413803e-05,0.26897186990717775,0.9979656729743884,14654,0.3333333333333333
http://digistrucmed.org/questionnaire#275_UM04,4,2.9910256410296702e-05,0.2724662647143267,0.9980013629222062,15288,0.3333333333333333
http://digistrucmed.org/questionnaire#305_UM04,4,2.982999402431877e-05,0.2724662647143267,0.9980013629222062,15244,0.3333333333333333
http://digistrucmed.org/questionnaire#211_UM09,4,2.9814634178749966e-05,0.2724662647143267,0.9980013629222062,15298,0.3333333333333333
http://digistrucmed.org/questionnaire#201_UM15,4,2.9807809624546914e-05,0.2770802919708029,0.9980471091536631,16590,0.3333333333333333
http://digistrucmed.org/questionnaire#344_UM14,4,2.9807617758735663e-05,0.2771005182860063,0.9980473063356953,16504,0.3333333333333333
http://digistrucmed.org/questionnaire#337_UM02,4,2.974383840958669e-05,0.2770600686081308,0.998046911971631,16564,0.3333333333333333
http://digistrucmed.org/questionnaire#337_UM04,4,2.9743439280753184e-05,0.2770600686081308,0.998046911971631,16564,0.3333333333333333
http://digistrucmed.org/questionnaire#321_UM03,4,2.9723484744914635e-05,0.2724662647143267,0.9980013629222062,15318,0.3333333333333333
http://digistrucmed.org/questionnaire#419_UM06,4,2.9706381371995067e-05,0.2724662647143267,0.9980013629222062,15320,0.3333333333333333
http://digistrucmed.org/questionnaire#419_UM03,4,2.9704871716954712e-05,0.2724662647143267,0.9980013629222062,15318,0.3333333333333333
http://digistrucmed.org/questionnaire#297_UM06,4,2.969752278184596e-05,0.2724662647143267,0.9980013629222062,15270,0.3333333333333333
http://digistrucmed.org/questionnaire#299_UM03,4,2.9680548967258276e-05,0.2724662647143267,0.9980013629222062,15316,0.3333333333333333
http://digistrucmed.org/questionnaire#127_UM03,4,2.9624443746714202e-05,0.2724662647143267,0.9980013629222062,15272,0.3333333333333333
http://digistrucmed.org/questionnaire#139_UM14,4,2.9615367339973208e-05,0.2771005182860063,0.9980473063356953,16546,0.3333333333333333
http://digistrucmed.org/questionnaire#344_UM01,4,2.960181830699109e-05,0.26859124035944243,0.9979617293337456,14854,0.3333333333333333
http://digistrucmed.org/questionnaire#337_UM09,4,2.9578039678127975e-05,0.2724662647143267,0.9980013629222062,15390,0.3333333333333333
http://digistrucmed.org/questionnaire#100_UM02,4,2.957803430557007e-05,0.2770600686081308,0.998046911971631,16608,0.3333333333333333
http://digistrucmed.org/questionnaire#100_UM04,4,2.957763129637731e-05,0.2770600686081308,0.998046911971631,16608,0.3333333333333333
http://digistrucmed.org/questionnaire#316_UM06,4,2.9570333884615942e-05,0.2770600686081308,0.998046911971631,16538,0.3333333333333333
http://digistrucmed.org/questionnaire#316_UM08,4,2.9569553433789052e-05,0.2770600686081308,0.998046911971631,16538,0.3333333333333333
http://digistrucmed.org/questionnaire#309_UM11,4,2.9562795561400218e-05,0.2724662647143267,0.9980013629222062,15314,0.3333333333333333
http://digistrucmed.org/questionnaire#211_UM10,4,2.954822337089587e-05,0.2724662647143267,0.9980013629222062,15304,0.3333333333333333
http://digistrucmed.org/questionnaire#170_UM03,4,2.953624835786806e-05,0.2724662647143267,0.9980013629222062,15316,0.3333333333333333
http://digistrucmed.org/questionnaire#354_UM14,4,2.9502499690895984e-05,0.2771005182860063,0.9980473063356953,16590,0.3333333333333333
http://digistrucmed.org/questionnaire#363_UM02,4,2.9469413423558044e-05,0.2724662647143267,0.9980013629222062,15366,0.3333333333333333
http://digistrucmed.org/questionnaire#222_UM15,4,2.943199260890689e-05,0.2770802919708029,0.9980471091536631,16588,0.3333333333333333
http://digistrucmed.org/questionnaire#191_UM02,4,2.9421014143324497e-05,0.2724662647143267,0.9980013629222062,15280,0.3333333333333333
http://digistrucmed.org/questionnaire#241_UM06,4,2.9411465669600838e-05,0.2724662647143267,0.9980013629222062,15310,0.3333333333333333
http://digistrucmed.org/questionnaire#227_UM06,4,2.9400079575708815e-05,0.2724662647143267,0.9980013629222062,15316,0.3333333333333333
http://digistrucmed.org/questionnaire#201_UM02,4,2.9370628798973243e-05,0.2724662647143267,0.9980013629222062,15326,0.3333333333333333
http://digistrucmed.org/questionnaire#387_UM15,4,2.9364099586266475e-05,0.27248582298471036,0.9980015601042382,15278,0.3333333333333333
http://digistrucmed.org/questionnaire#309_UM14,4,2.9354694386215036e-05,0.27250538406317304,0.9980017572862704,15314,0.3333333333333333
http://digistrucmed.org/questionnaire#177_UM06,4,2.922372546482691e-05,0.2724662647143267,0.9980013629222062,15270,0.3333333333333333
http://digistrucmed.org/questionnaire#273_UM04,4,2.922334737586696e-05,0.2724662647143267,0.9980013629222062,15288,0.3333333333333333
http://digistrucmed.org/questionnaire#177_UM03,4,2.9222316706042226e-05,0.2724662647143267,0.9980013629222062,15268,0.3333333333333333
http://digistrucmed.org/questionnaire#319_UM15,4,2.9218968236882754e-05,0.27248582298471036,0.9980015601042382,15280,0.3333333333333333
http://digistrucmed.org/questionnaire#315_UM04,4,2.920498918199058e-05,0.2724662647143267,0.9980013629222062,15334,0.3333333333333333
http://digistrucmed.org/questionnaire#431_UM04,4,2.9173164333874745e-05,0.2724662647143267,0.9980013629222062,15334,0.3333333333333333
http://digistrucmed.org/questionnaire#344_UM02,4,2.910094035287845e-05,0.2770600686081308,0.998046911971631,16512,0.3333333333333333
http://digistrucmed.org/questionnaire#344_UM04,4,2.9100530053394815e-05,0.2770600686081308,0.998046911971631,16512,0.3333333333333333
http://digistrucmed.org/questionnaire#226_UM16,4,2.9073063009530933e-05,0.2651393448348118,0.9979254478398315,13604,0.3333333333333333
http://digistrucmed.org/questionnaire#299_UM02,4,2.907214953855775e-05,0.2724662647143267,0.9980013629222062,15322,0.3333333333333333
http://digistrucmed.org/questionnaire#222_UM14,4,2.9056165460791157e-05,0.27250538406317304,0.9980017572862704,15362,0.3333333333333333
http://digistrucmed.org/questionnaire#235_UM15,4,2.9054057681152657e-05,0.27248582298471036,0.9980015601042382,15276,0.3333333333333333
http://digistrucmed.org/questionnaire#363_UM15,4,2.9043585862299127e-05,0.27248582298471036,0.9980015601042382,15364,0.3333333333333333
http://digistrucmed.org/questionnaire#273_UM16,4,2.9007964749776996e-05,0.2651393448348118,0.9979254478398315,13562,0.3333333333333333
http://digistrucmed.org/questionnaire#191_UM16,4,2.8998361378452566e-05,0.2651393448348118,0.9979254478398315,13562,0.3333333333333333
http://digistrucmed.org/questionnaire#191_UM15,4,2.899507991571554e-05,0.27248582298471036,0.9980015601042382,15278,0.3333333333333333
http://digistrucmed.org/questionnaire#309_UM12,4,2.897144278544401e-05,0.27248582298471036,0.9980015601042382,15314,0.3333333333333333
http://digistrucmed.org/questionnaire#399_UM06,4,2.896803040031587e-05,0.2724662647143267,0.9980013629222062,15312,0.3333333333333333
http://digistrucmed.org/questionnaire#399_UM03,4,2.8966567798718264e-05,0.2724662647143267,0.9980013629222062,15310,0.3333333333333333
http://digistrucmed.org/questionnaire#226_UM02,4,2.895725876445254e-05,0.2724662647143267,0.9980013629222062,15322,0.3333333333333333
http://digistrucmed.org/questionnaire#235_UM04,4,2.8937296161931616e-05,0.2724662647143267,0.9980013629222062,15284,0.3333333333333333
http://digistrucmed.org/questionnaire#316_UM15,4,2.8910217645611067e-05,0.2770802919708029,0.9980471091536631,16540,0.3333333333333333
http://digistrucmed.org/questionnaire#139_UM02,4,2.8908787755311027e-05,0.2770600686081308,0.998046911971631,16554,0.3333333333333333
http://digistrucmed.org/questionnaire#139_UM04,4,2.890838169679266e-05,0.2770600686081308,0.998046911971631,16554,0.3333333333333333
http://digistrucmed.org/questionnaire#222_UM19,4,2.889418897239552e-05,0.2724662647143267,0.9980013629222062,15370,0.3333333333333333
http://digistrucmed.org/questionnaire#191_UM04,4,2.8878328333961666e-05,0.2724662647143267,0.9980013629222062,15286,0.3333333333333333
http://digistrucmed.org/questionnaire#241_UM02,4,2.8801777232869255e-05,0.2724662647143267,0.9980013629222062,15314,0.3333333333333333
http://digistrucmed.org/questionnaire#337_UM08,4,2.8801471855989032e-05,0.2770600686081308,0.998046911971631,16578,0.3333333333333333
http://digistrucmed.org/questionnaire#354_UM02,4,2.879596887004623e-05,0.2770600686081308,0.998046911971631,16598,0.3333333333333333
http://digistrucmed.org/questionnaire#354_UM04,4,2.8795564335789777e-05,0.2770600686081308,0.998046911971631,16598,0.3333333333333333
http://digistrucmed.org/questionnaire#227_UM02,4,2.879032992358035e-05,0.2724662647143267,0.9980013629222062,15320,0.3333333333333333
http://digistrucmed.org/questionnaire#287_UM02,4,2.876006467217914e-05,0.2724662647143267,0.9980013629222062,15272,0.3333333333333333
http://digistrucmed.org/questionnaire#369_UM06,4,2.8750130673088836e-05,0.2724662647143267,0.9980013629222062,15300,0.3333333333333333
http://digistrucmed.org/questionnaire#369_UM03,4,2.874878751009929e-05,0.2724662647143267,0.9980013629222062,15298,0.3333333333333333
http://digistrucmed.org/questionnaire#100_UM09,4,2.8738106884998263e-05,0.2724662647143267,0.9980013629222062,15434,0.3333333333333333
http://digistrucmed.org/questionnaire#321_UM15,4,2.8689323494855045e-05,0.27248582298471036,0.9980015601042382,15322,0.3333333333333333
http://digistrucmed.org/questionnaire#222_UM12,4,2.867337605344365e-05,0.27248582298471036,0.9980015601042382,15362,0.3333333333333333
http://digistrucmed.org/questionnaire#297_UM15,4,2.8661911990010846e-05,0.27248582298471036,0.9980015601042382,15272,0.3333333333333333
http://digistrucmed.org/questionnaire#100_UM06,4,2.863631205526202e-05,0.2770600686081308,0.998046911971631,16622,0.3333333333333333
http://digistrucmed.org/questionnaire#100_UM08,4,2.8635526713619314e-05,0.2770600686081308,0.998046911971631,16622,0.3333333333333333
http://digistrucmed.org/questionnaire#177_UM02,4,2.8614031200620515e-05,0.2724662647143267,0.9980013629222062,15274,0.3333333333333333
http://digistrucmed.org/questionnaire#297_UM04,4,2.8545195361007223e-05,0.2724662647143267,0.9980013629222062,15280,0.3333333333333333
http://digistrucmed.org/questionnaire#299_UM04,4,2.8529590325521804e-05,0.2724662647143267,0.9980013629222062,15328,0.3333333333333333
http://digistrucmed.org/questionnaire#170_UM15,4,2.8502075142942242e-05,0.27248582298471036,0.9980015601042382,15320,0.3333333333333333
http://digistrucmed.org/questionnaire#141_UM13,4,2.8478271395701462e-05,0.27250538406317304,0.9980017572862704,15312,0.3333333333333333
http://digistrucmed.org/questionnaire#141_UM14,4,2.8477463664488404e-05,0.27250538406317304,0.9980017572862704,15312,0.3333333333333333
http://digistrucmed.org/questionnaire#100_UM10,4,2.8471773640917187e-05,0.2724662647143267,0.9980013629222062,15440,0.3333333333333333
http://digistrucmed.org/questionnaire#100_UM07,4,2.8471739317228998e-05,0.2724662647143267,0.9980013629222062,15438,0.3333333333333333
http://digistrucmed.org/questionnaire#243_UM13,4,2.8465523019411596e-05,0.27250538406317304,0.9980017572862704,15358,0.3333333333333333
http://digistrucmed.org/questionnaire#309,26,2.8430800374827958e-05,0.2299351868677691,0.9974932248253756,2182,0.0
http://digistrucmed.org/questionnaire#278_UM13,4,2.8402120690595725e-05,0.27250538406317304,0.9980017572862704,15310,0.3333333333333333
http://digistrucmed.org/questionnaire#278_UM14,4,2.84012617496515e-05,0.27250538406317304,0.9980017572862704,15310,0.3333333333333333
http://digistrucmed.org/questionnaire#170_UM04,4,2.8385335885497506e-05,0.2724662647143267,0.9980013629222062,15328,0.3333333333333333
http://digistrucmed.org/questionnaire#241_UM15,4,2.8375975542933407e-05,0.27248582298471036,0.9980015601042382,15312,0.3333333333333333
http://digistrucmed.org/questionnaire#275_UM13,4,2.836591200368515e-05,0.27250538406317304,0.9980017572862704,15310,0.3333333333333333
http://digistrucmed.org/questionnaire#275_UM14,4,2.8365098244702453e-05,0.27250538406317304,0.9980017572862704,15310,0.3333333333333333
http://digistrucmed.org/questionnaire#316_UM13,4,2.835680606048852e-05,0.27250538406317304,0.9980017572862704,15314,0.3333333333333333
http://digistrucmed.org/questionnaire#356_UM11,4,2.8339424720565356e-05,0.2724662647143267,0.9980013629222062,15266,0.3333333333333333
http://digistrucmed.org/questionnaire#243_UM19,4,2.8338643257202152e-05,0.2724662647143267,0.9980013629222062,15370,0.3333333333333333
http://digistrucmed.org/questionnaire#287_UM15,4,2.8334355468694383e-05,0.27248582298471036,0.9980015601042382,15270,0.3333333333333333
http://digistrucmed.org/questionnaire#81_UM11,4,2.831884560347081e-05,0.2724662647143267,0.9980013629222062,15358,0.3333333333333333
http://digistrucmed.org/questionnaire#305_UM13,4,2.828543405429893e-05,0.27250538406317304,0.9980017572862704,15266,0.3333333333333333
http://digistrucmed.org/questionnaire#305_UM14,4,2.828461400932073e-05,0.27250538406317304,0.9980017572862704,15266,0.3333333333333333
http://digistrucmed.org/questionnaire#241_UM04,4,2.8259239098796844e-05,0.2724662647143267,0.9980013629222062,15320,0.3333333333333333
http://digistrucmed.org/questionnaire#309_UM09,4,2.8255066857028533e-05,0.2724662647143267,0.9980013629222062,15338,0.3333333333333333
http://digistrucmed.org/questionnaire#287_UM04,4,2.8217597907448193e-05,0.2724662647143267,0.9980013629222062,15278,0.3333333333333333
http://digistrucmed.org/questionnaire#316_UM19,4,2.8194021000976967e-05,0.2724662647143267,0.9980013629222062,15322,0.3333333333333333
http://digistrucmed.org/questionnaire#344_UM06,4,2.8159628499691194e-05,0.2770600686081308,0.998046911971631,16526,0.3333333333333333
http://digistrucmed.org/questionnaire#344_UM08,4,2.815884515499353e-05,0.2770600686081308,0.998046911971631,16526,0.3333333333333333
http://digistrucmed.org/questionnaire#337_UM15,4,2.8142375269966275e-05,0.2770802919708029,0.9980471091536631,16580,0.3333333333333333
http://digistrucmed.org/questionnaire#369_UM02,4,2.8140950235829616e-05,0.2724662647143267,0.9980013629222062,15304,0.3333333333333333
http://digistrucmed.org/questionnaire#356_UM14,4,2.8131699656047466e-05,0.27250538406317304,0.9980017572862704,15266,0.3333333333333333
http://digistrucmed.org/questionnaire#81_UM14,4,2.8111363169328847e-05,0.27250538406317304,0.9980017572862704,15358,0.3333333333333333
http://digistrucmed.org/questionnaire#141_UM12,4,2.809470155738747e-05,0.27248582298471036,0.9980015601042382,15312,0.3333333333333333
http://digistrucmed.org/questionnaire#170_UM01,4,2.8094214410806996e-05,0.26859124035944243,0.9979617293337456,14854,0.3333333333333333
http://digistrucmed.org/questionnaire#278_UM12,4,2.801831624628503e-05,0.27248582298471036,0.9980015601042382,15310,0.3333333333333333
http://digistrucmed.org/questionnaire#309_UM07,4,2.7988409517712208e-05,0.2724662647143267,0.9980013629222062,15342,0.3333333333333333
http://digistrucmed.org/questionnaire#309_UM10,4,2.7988377391546406e-05,0.2724662647143267,0.9980013629222062,15344,0.3333333333333333
http://digistrucmed.org/questionnaire#382_UM01,4,2.7988044559519696e-05,0.26859124035944243,0.9979617293337456,14494,0.3333333333333333
http://digistrucmed.org/questionnaire#275_UM12,4,2.7982331204497128e-05,0.27248582298471036,0.9980015601042382,15310,0.3333333333333333
http://digistrucmed.org/questionnaire#100_UM15,4,2.797630309224351e-05,0.2770802919708029,0.9980471091536631,16624,0.3333333333333333
http://digistrucmed.org/questionnaire#356_UM19,4,2.7969824384031203e-05,0.2724662647143267,0.9980013629222062,15274,0.3333333333333333
http://digistrucmed.org/questionnaire#139_UM06,4,2.796765965776914e-05,0.2770600686081308,0.998046911971631,16568,0.3333333333333333
http://digistrucmed.org/questionnaire#139_UM08,4,2.7966872416898658e-05,0.2770600686081308,0.998046911971631,16568,0.3333333333333333
http://digistrucmed.org/questionnaire#81_UM19,4,2.7949426690838976e-05,0.2724662647143267,0.9980013629222062,15366,0.3333333333333333
http://digistrucmed.org/questionnaire#399_UM15,4,2.7932823982057088e-05,0.27248582298471036,0.9980015601042382,15314,0.3333333333333333
http://digistrucmed.org/questionnaire#305_UM12,4,2.790181194012633e-05,0.27248582298471036,0.9980015601042382,15266,0.3333333333333333
http://digistrucmed.org/questionnaire#273_UM11,4,2.7886093598662218e-05,0.2724662647143267,0.9980013629222062,15310,0.3333333333333333
http://digistrucmed.org/questionnaire#315_UM11,4,2.786769586081346e-05,0.2724662647143267,0.9980013629222062,15356,0.3333333333333333
http://digistrucmed.org/questionnaire#354_UM06,4,2.7854935515632027e-05,0.2770600686081308,0.998046911971631,16612,0.3333333333333333
http://digistrucmed.org/questionnaire#354_UM08,4,2.785414870705968e-05,0.2770600686081308,0.998046911971631,16612,0.3333333333333333
http://digistrucmed.org/questionnaire#431_UM11,4,2.783583507938131e-05,0.2724662647143267,0.9980013629222062,15356,0.3333333333333333
http://digistrucmed.org/questionnaire#241_UM01,4,2.7830338516856524e-05,0.26859124035944243,0.9979617293337456,14852,0.3333333333333333
http://digistrucmed.org/questionnaire#319_UM11,4,2.7764530355791934e-05,0.2724662647143267,0.9980013629222062,15310,0.3333333333333333
http://digistrucmed.org/questionnaire#369_UM15,4,2.7715642235836688e-05,0.27248582298471036,0.9980015601042382,15302,0.3333333333333333
http://digistrucmed.org/questionnaire#243_UM16,4,2.770403612310806e-05,0.25987540220442257,0.9978682650505102,12324,0.3333333333333333
http://digistrucmed.org/questionnaire#387_UM14,4,2.7702706456562645e-05,0.27250538406317304,0.9980017572862704,15308,0.3333333333333333
http://digistrucmed.org/questionnaire#273_UM13,4,2.7679459875718893e-05,0.27250538406317304,0.9980017572862704,15310,0.3333333333333333
http://digistrucmed.org/questionnaire#315_UM13,4,2.766109286115058e-05,0.27250538406317304,0.9980017572862704,15356,0.3333333333333333
http://digistrucmed.org/questionnaire#431_UM13,4,2.7629232177741215e-05,0.27250538406317304,0.9980017572862704,15356,0.3333333333333333
http://digistrucmed.org/questionnaire#431_UM14,4,2.7628463632682963e-05,0.27250538406317304,0.9980017572862704,15356,0.3333333333333333
http://digistrucmed.org/questionnaire#235_UM11,4,2.760024987631977e-05,0.2724662647143267,0.9980013629222062,15306,0.3333333333333333
http://digistrucmed.org/questionnaire#369_UM04,4,2.7598904625068114e-05,0.2724662647143267,0.9980013629222062,15310,0.3333333333333333
http://digistrucmed.org/questionnaire#319_UM13,4,2.75578804649003e-05,0.27250538406317304,0.9980017572862704,15310,0.3333333333333333
http://digistrucmed.org/questionnaire#387_UM19,4,2.7540834281798428e-05,0.2724662647143267,0.9980013629222062,15316,0.3333333333333333
http://digistrucmed.org/questionnaire#273_UM19,4,2.7516758678674113e-05,0.2724662647143267,0.9980013629222062,15318,0.3333333333333333
http://digistrucmed.org/questionnaire#344_UM15,4,2.7499971437538354e-05,0.2770802919708029,0.9980471091536631,16528,0.3333333333333333
http://digistrucmed.org/questionnaire#315_UM19,4,2.749835930719529e-05,0.2724662647143267,0.9980013629222062,15364,0.3333333333333333
http://digistrucmed.org/questionnaire#201_UM11,4,2.7490322515393558e-05,0.2724662647143267,0.9980013629222062,15354,0.3333333333333333
http://digistrucmed.org/questionnaire#431_UM19,4,2.7466500257022866e-05,0.2724662647143267,0.9980013629222062,15364,0.3333333333333333
http://digistrucmed.org/questionnaire#243_UM09,4,2.740186609150541e-05,0.2724662647143267,0.9980013629222062,15386,0.3333333333333333
http://digistrucmed.org/questionnaire#319_UM19,4,2.7395133298053315e-05,0.2724662647143267,0.9980013629222062,15318,0.3333333333333333
http://digistrucmed.org/questionnaire#235_UM13,4,2.7393614714060087e-05,0.27250538406317304,0.9980017572862704,15306,0.3333333333333333
http://digistrucmed.org/questionnaire#235_UM14,4,2.739282331511842e-05,0.27250538406317304,0.9980017572862704,15306,0.3333333333333333
http://digistrucmed.org/questionnaire#363_UM13,4,2.738329465413239e-05,0.27250538406317304,0.9980017572862704,15394,0.3333333333333333
http://digistrucmed.org/questionnaire#363_UM14,4,2.7382479214163133e-05,0.27250538406317304,0.9980017572862704,15394,0.3333333333333333
http://digistrucmed.org/questionnaire#141_UM09,4,2.737909089427278e-05,0.2724662647143267,0.9980013629222062,15336,0.3333333333333333
http://digistrucmed.org/questionnaire#358,26,2.735162810078334e-05,0.22964307320024197,0.9974890840027005,1918,0.0
http://digistrucmed.org/questionnaire#227_UM01,4,2.7345425421881564e-05,0.26859124035944243,0.9979617293337456,14852,0.3333333333333333
http://digistrucmed.org/questionnaire#191_UM13,4,2.7334581142465438e-05,0.27250538406317304,0.9980017572862704,15308,0.3333333333333333
http://digistrucmed.org/questionnaire#191_UM14,4,2.7333804351074496e-05,0.27250538406317304,0.9980017572862704,15308,0.3333333333333333
http://digistrucmed.org/questionnaire#387_UM12,4,2.732001401165619e-05,0.27248582298471036,0.9980015601042382,15308,0.3333333333333333
http://digistrucmed.org/questionnaire#139_UM15,4,2.730813291202788e-05,0.2770802919708029,0.9980471091536631,16570,0.3333333333333333
http://digistrucmed.org/questionnaire#278_UM09,4,2.7302424799050886e-05,0.2724662647143267,0.9980013629222062,15334,0.3333333333333333
http://digistrucmed.org/questionnaire#226_UM01,4,2.730085949462671e-05,0.26859124035944243,0.9979617293337456,14852,0.3333333333333333
http://digistrucmed.org/questionnaire#315_UM12,4,2.7277628977616155e-05,0.27248582298471036,0.9980015601042382,15356,0.3333333333333333
http://digistrucmed.org/questionnaire#315_UM01,4,2.7249265838910997e-05,0.26859124035944243,0.9979617293337456,14852,0.3333333333333333
http://digistrucmed.org/questionnaire#431_UM12,4,2.7245775720968804e-05,0.27248582298471036,0.9980015601042382,15356,0.3333333333333333
http://digistrucmed.org/questionnaire#81_UM16,4,2.7245454763568404e-05,0.25987540220442257,0.9978682650505102,12320,0.3333333333333333
http://digistrucmed.org/questionnaire#321_UM11,4,2.7235551746428906e-05,0.2724662647143267,0.9980013629222062,15352,0.3333333333333333
http://digistrucmed.org/questionnaire#419_UM11,4,2.721642975758152e-05,0.2724662647143267,0.9980013629222062,15352,0.3333333333333333
http://digistrucmed.org/questionnaire#297_UM11,4,2.7208366267451746e-05,0.2724662647143267,0.9980013629222062,15302,0.3333333333333333
http://digistrucmed.org/questionnaire#354_UM15,4,2.7195482477595206e-05,0.2770802919708029,0.9980471091536631,16614,0.3333333333333333
http://digistrucmed.org/questionnaire#319_UM12,4,2.7174294975868934e-05,0.27248582298471036,0.9980015601042382,15310,0.3333333333333333
http://digistrucmed.org/questionnaire#191_UM19,4,2.7171890041353472e-05,0.2724662647143267,0.9980013629222062,15316,0.3333333333333333
http://digistrucmed.org/questionnaire#305_UM16,4,2.7138086745000285e-05,0.25987540220442257,0.9978682650505102,12236,0.3333333333333333
http://digistrucmed.org/questionnaire#127_UM11,4,2.7136407152320054e-05,0.2724662647143267,0.9980013629222062,15306,0.3333333333333333
http://digistrucmed.org/questionnaire#243_UM07,4,2.713548766979649e-05,0.2724662647143267,0.9980013629222062,15390,0.3333333333333333
http://digistrucmed.org/questionnaire#139_UM17,4,2.7129159271388905e-05,0.2548848452293024,0.9978118709893175,11824,0.3333333333333333
http://digistrucmed.org/questionnaire#201_UM19,4,2.7120928328595437e-05,0.2724662647143267,0.9980013629222062,15362,0.3333333333333333
http://digistrucmed.org/questionnaire#141_UM10,4,2.7112798310827312e-05,0.2724662647143267,0.9980013629222062,15342,0.3333333333333333
http://digistrucmed.org/questionnaire#226_UM11,4,2.7078002405672392e-05,0.2724662647143267,0.9980013629222062,15350,0.3333333333333333
http://digistrucmed.org/questionnaire#170_UM11,4,2.7048402058678515e-05,0.2724662647143267,0.9980013629222062,15350,0.3333333333333333
http://digistrucmed.org/questionnaire#278_UM07,4,2.7036024620766194e-05,0.2724662647143267,0.9980013629222062,15338,0.3333333333333333
http://digistrucmed.org/questionnaire#278_UM10,4,2.7035960059923218e-05,0.2724662647143267,0.9980013629222062,15340,0.3333333333333333
http://digistrucmed.org/questionnaire#419_UM17,4,2.701621530566199e-05,0.2548848452293024,0.9978118709893175,11824,0.3333333333333333
http://digistrucmed.org/questionnaire#235_UM12,4,2.7010177315501255e-05,0.27248582298471036,0.9980015601042382,15306,0.3333333333333333
http://digistrucmed.org/questionnaire#419_UM14,4,2.7009061318206777e-05,0.27250538406317304,0.9980017572862704,15352,0.3333333333333333
http://digistrucmed.org/questionnaire#297_UM13,4,2.7001811874892325e-05,0.27250538406317304,0.9980017572862704,15302,0.3333333333333333
http://digistrucmed.org/questionnaire#297_UM14,4,2.700102543236645e-05,0.27250538406317304,0.9980017572862704,15302,0.3333333333333333
http://digistrucmed.org/questionnaire#275_UM07,4,2.7000451335420594e-05,0.2724662647143267,0.9980013629222062,15338,0.3333333333333333
http://digistrucmed.org/questionnaire#275_UM10,4,2.7000396047533245e-05,0.2724662647143267,0.9980013629222062,15340,0.3333333333333333
http://digistrucmed.org/questionnaire#363_UM12,4,2.6999871177173325e-05,0.27248582298471036,0.9980015601042382,15394,0.3333333333333333
http://digistrucmed.org/questionnaire#316_UM07,4,2.6991391800262318e-05,0.2724662647143267,0.9980013629222062,15342,0.3333333333333333
http://digistrucmed.org/questionnaire#299_UM13,4,2.6986248146844678e-05,0.27250538406317304,0.9980017572862704,15350,0.3333333333333333
http://digistrucmed.org/questionnaire#299_UM14,4,2.6985454819980475e-05,0.27250538406317304,0.9980017572862704,15350,0.3333333333333333
http://digistrucmed.org/questionnaire#316_UM17,4,2.6924265035390565e-05,0.2548848452293024,0.9978118709893175,11782,0.3333333333333333
http://digistrucmed.org/questionnaire#241_UM11,4,2.692250134361409e-05,0.2724662647143267,0.9980013629222062,15342,0.3333333333333333
http://digistrucmed.org/questionnaire#305_UM07,4,2.6919828689135458e-05,0.2724662647143267,0.9980013629222062,15294,0.3333333333333333
http://digistrucmed.org/questionnaire#227_UM11,4,2.6910971968774012e-05,0.2724662647143267,0.9980013629222062,15348,0.3333333333333333
http://digistrucmed.org/questionnaire#127_UM17,4,2.6906113422272154e-05,0.2548848452293024,0.9978118709893175,11782,0.3333333333333333
http://digistrucmed.org/questionnaire#226_UM13,4,2.687153971318472e-05,0.27250538406317304,0.9980017572862704,15350,0.3333333333333333
http://digistrucmed.org/questionnaire#321_UM19,4,2.6866292601719103e-05,0.2724662647143267,0.9980013629222062,15360,0.3333333333333333
http://digistrucmed.org/questionnaire#170_UM13,4,2.684187343433411e-05,0.27250538406317304,0.9980017572862704,15350,0.3333333333333333
http://digistrucmed.org/questionnaire#170_UM14,4,2.6841096365786772e-05,0.27250538406317304,0.9980017572862704,15350,0.3333333333333333
http://digistrucmed.org/questionnaire#431_UM03,4,2.683319878155784e-05,0.26897186990717775,0.9979656729743884,14824,0.3333333333333333
http://digistrucmed.org/questionnaire#382_UM03,4,2.678068834099647e-05,0.26897186990717775,0.9979656729743884,14464,0.3333333333333333
http://digistrucmed.org/questionnaire#127_UM19,4,2.6767148583593152e-05,0.2724662647143267,0.9980013629222062,15314,0.3333333333333333
http://digistrucmed.org/questionnaire#356_UM10,4,2.6766449465897146e-05,0.2724662647143267,0.9980013629222062,15296,0.3333333333333333
http://digistrucmed.org/questionnaire#371_UM01,4,2.6749325579702058e-05,0.26859124035944243,0.9979617293337456,14802,0.3333333333333333
http://digistrucmed.org/questionnaire#81_UM07,4,2.674675466643188e-05,0.2724662647143267,0.9980013629222062,15386,0.3333333333333333
http://digistrucmed.org/questionnaire#177_UM11,4,2.673478485950675e-05,0.2724662647143267,0.9980013629222062,15302,0.3333333333333333
http://digistrucmed.org/questionnaire#241_UM13,4,2.6715963391039667e-05,0.27250538406317304,0.9980017572862704,15342,0.3333333333333333
http://digistrucmed.org/questionnaire#241_UM14,4,2.671517948127026e-05,0.27250538406317304,0.9980017572862704,15342,0.3333333333333333
http://digistrucmed.org/questionnaire#226_UM19,4,2.670881086026387e-05,0.2724662647143267,0.9980013629222062,15358,0.3333333333333333
http://digistrucmed.org/questionnaire#227_UM13,4,2.670448299738209e-05,0.27250538406317304,0.9980017572862704,15348,0.3333333333333333
http://digistrucmed.org/questionnaire#170_UM19,4,2.6679159040450297e-05,0.2724662647143267,0.9980013629222062,15358,0.3333333333333333
http://digistrucmed.org/questionnaire#287_UM13,4,2.667455218290474e-05,0.27250538406317304,0.9980017572862704,15300,0.3333333333333333
http://digistrucmed.org/questionnaire#287_UM14,4,2.667377766073214e-05,0.27250538406317304,0.9980017572862704,15300,0.3333333333333333
http://digistrucmed.org/questionnaire#321_UM12,4,2.664566060144447e-05,0.27248582298471036,0.9980015601042382,15352,0.3333333333333333
http://digistrucmed.org/questionnaire#419_UM12,4,2.6626372574964135e-05,0.27248582298471036,0.9980015601042382,15352,0.3333333333333333
http://digistrucmed.org/questionnaire#387_UM09,4,2.6604556132866336e-05,0.2724662647143267,0.9980013629222062,15332,0.3333333333333333
http://digistrucmed.org/questionnaire#315_UM16,4,2.6603695741756324e-05,0.2651393448348118,0.9979254478398315,13598,0.3333333333333333
http://digistrucmed.org/questionnaire#299_UM12,4,2.660287425335816e-05,0.27248582298471036,0.9980015601042382,15350,0.3333333333333333
http://digistrucmed.org/questionnaire#321_UM16,4,2.6592633474309218e-05,0.2651393448348118,0.9979254478398315,13598,0.3333333333333333
http://digistrucmed.org/questionnaire#273_UM09,4,2.6580532894594455e-05,0.2724662647143267,0.9980013629222062,15334,0.3333333333333333
http://digistrucmed.org/questionnaire#315_UM09,4,2.65621626140361e-05,0.2724662647143267,0.9980013629222062,15380,0.3333333333333333
http://digistrucmed.org/questionnaire#241_UM19,4,2.6553304085246927e-05,0.2724662647143267,0.9980013629222062,15350,0.3333333333333333
http://digistrucmed.org/questionnaire#127_UM12,4,2.6546492537828254e-05,0.27248582298471036,0.9980015601042382,15306,0.3333333333333333
http://digistrucmed.org/questionnaire#431_UM09,4,2.6530300016151857e-05,0.2724662647143267,0.9980013629222062,15380,0.3333333333333333
http://digistrucmed.org/questionnaire#287_UM01,4,2.6518742160088955e-05,0.26859124035944243,0.9979617293337456,14802,0.3333333333333333
http://digistrucmed.org/questionnaire#287_UM19,4,2.6511885564822513e-05,0.2724662647143267,0.9980013629222062,15308,0.3333333333333333
http://digistrucmed.org/questionnaire#387_UM16,4,2.6508414936164954e-05,0.25987540220442257,0.9978682650505102,12274,0.3333333333333333
http://digistrucmed.org/questionnaire#127_UM16,4,2.649116822299963e-05,0.2651393448348118,0.9979254478398315,13556,0.3333333333333333
http://digistrucmed.org/questionnaire#399_UM11,4,2.6479570873389175e-05,0.2724662647143267,0.9980013629222062,15344,0.3333333333333333
http://digistrucmed.org/questionnaire#155,26,2.6476488534653495e-05,0.22964307320024197,0.9974890840027005,1826,0.0
http://digistrucmed.org/questionnaire#170_UM12,4,2.6458502710013336e-05,0.27248582298471036,0.9980015601042382,15350,0.3333333333333333
http://digistrucmed.org/questionnaire#278_UM01,4,2.644797508002466e-05,0.26859124035944243,0.9979617293337456,14842,0.3333333333333333
http://digistrucmed.org/questionnaire#252,26,2.6423128474017575e-05,0.2299351868677691,0.9974932248253756,1962,0.0
http://digistrucmed.org/questionnaire#177_UM19,4,2.6365589525504428e-05,0.2724662647143267,0.9980013629222062,15310,0.3333333333333333
http://digistrucmed.org/questionnaire#387_UM07,4,2.633835582170263e-05,0.2724662647143267,0.9980013629222062,15336,0.3333333333333333
http://digistrucmed.org/questionnaire#387_UM10,4,2.633832850769308e-05,0.2724662647143267,0.9980013629222062,15338,0.3333333333333333
http://digistrucmed.org/questionnaire#241_UM12,4,2.6332599281207068e-05,0.27248582298471036,0.9980015601042382,15342,0.3333333333333333
http://digistrucmed.org/questionnaire#227_UM12,4,2.6321117470503273e-05,0.27248582298471036,0.9980015601042382,15348,0.3333333333333333
http://digistrucmed.org/questionnaire#309_UM01,4,2.6316344944822692e-05,0.26859124035944243,0.9979617293337456,14844,0.3333333333333333
http://digistrucmed.org/questionnaire#273_UM07,4,2.6314334604497483e-05,0.2724662647143267,0.9980013629222062,15338,0.3333333333333333
http://digistrucmed.org/questionnaire#273_UM10,4,2.631432143886794e-05,0.2724662647143267,0.9980013629222062,15340,0.3333333333333333
http://digistrucmed.org/questionnaire#315_UM10,4,2.6295967524557394e-05,0.2724662647143267,0.9980013629222062,15386,0.3333333333333333
http://digistrucmed.org/questionnaire#235_UM09,4,2.629477686135593e-05,0.2724662647143267,0.9980013629222062,15330,0.3333333333333333
http://digistrucmed.org/questionnaire#287_UM12,4,2.629124901507117e-05,0.27248582298471036,0.9980015601042382,15300,0.3333333333333333
http://digistrucmed.org/questionnaire#363_UM09,4,2.6284507322148024e-05,0.2724662647143267,0.9980013629222062,15418,0.3333333333333333
http://digistrucmed.org/questionnaire#399_UM13,4,2.627317702036474e-05,0.27250538406317304,0.9980017572862704,15344,0.3333333333333333
http://digistrucmed.org/questionnaire#399_UM14,4,2.6272400747132e-05,0.27250538406317304,0.9980017572862704,15344,0.3333333333333333
http://digistrucmed.org/questionnaire#431_UM10,4,2.6264111411031298e-05,0.2724662647143267,0.9980013629222062,15386,0.3333333333333333
http://digistrucmed.org/questionnaire#431_UM07,4,2.6264102674461345e-05,0.2724662647143267,0.9980013629222062,15384,0.3333333333333333
http://digistrucmed.org/questionnaire#369_UM11,4,2.626324035329315e-05,0.2724662647143267,0.9980013629222062,15332,0.3333333333333333
http://digistrucmed.org/questionnaire#191_UM09,4,2.623573684094819e-05,0.2724662647143267,0.9980013629222062,15332,0.3333333333333333
http://digistrucmed.org/questionnaire#319_UM10,4,2.619240010006849e-05,0.2724662647143267,0.9980013629222062,15340,0.3333333333333333
http://digistrucmed.org/questionnaire#319_UM07,4,2.6192382547781588e-05,0.2724662647143267,0.9980013629222062,15338,0.3333333333333333
http://digistrucmed.org/questionnaire#297_UM01,4,2.6185223054275866e-05,0.26859124035944243,0.9979617293337456,14842,0.3333333333333333
http://digistrucmed.org/questionnaire#227_UM03,4,2.613832308684912e-05,0.26897186990717775,0.9979656729743884,14822,0.3333333333333333
http://digistrucmed.org/questionnaire#399_UM19,4,2.6110455606680806e-05,0.2724662647143267,0.9980013629222062,15352,0.3333333333333333
http://digistrucmed.org/questionnaire#226_UM03,4,2.6093997452650378e-05,0.26897186990717775,0.9979656729743884,14822,0.3333333333333333
http://digistrucmed.org/questionnaire#363_UM01,4,2.6074516575078474e-05,0.26859124035944243,0.9979617293337456,14886,0.3333333333333333
http://digistrucmed.org/questionnaire#369_UM13,4,2.6057028692515325e-05,0.27250538406317304,0.9980017572862704,15332,0.3333333333333333
http://digistrucmed.org/questionnaire#369_UM14,4,2.6056248873048647e-05,0.27250538406317304,0.9980017572862704,15332,0.3333333333333333
http://digistrucmed.org/questionnaire#222_UM03,4,2.6041088307754e-05,0.26897186990717775,0.9979656729743884,14822,0.3333333333333333
http://digistrucmed.org/questionnaire#278,26,2.6034793674603624e-05,0.2299351868677691,0.9974932248253756,2082,0.0
http://digistrucmed.org/questionnaire#235_UM07,4,2.602860970192883e-05,0.2724662647143267,0.9980013629222062,15334,0.3333333333333333
http://digistrucmed.org/questionnaire#235_UM10,4,2.602858089907192e-05,0.2724662647143267,0.9980013629222062,15336,0.3333333333333333
http://digistrucmed.org/questionnaire#431_UM16,4,2.6021379477367414e-05,0.2651393448348118,0.9979254478398315,13596,0.3333333333333333
http://digistrucmed.org/questionnaire#419_UM16,4,2.6019124257882517e-05,0.2651393448348118,0.9979254478398315,13596,0.3333333333333333
http://digistrucmed.org/questionnaire#299_UM16,4,2.6013978795205913e-05,0.25987540220442257,0.9978682650505102,12312,0.3333333333333333
http://digistrucmed.org/questionnaire#363_UM16,4,2.599428298237031e-05,0.25987540220442257,0.9978682650505102,12352,0.3333333333333333
http://digistrucmed.org/questionnaire#170_UM16,4,2.598962831101801e-05,0.25987540220442257,0.9978682650505102,12312,0.3333333333333333
http://digistrucmed.org/questionnaire#191_UM07,4,2.5969565972329724e-05,0.2724662647143267,0.9980013629222062,15336,0.3333333333333333
http://digistrucmed.org/questionnaire#191_UM10,4,2.5969555416081188e-05,0.2724662647143267,0.9980013629222062,15338,0.3333333333333333
http://digistrucmed.org/questionnaire#319_UM16,4,2.5936595781784195e-05,0.2651393448348118,0.9979254478398315,13554,0.3333333333333333
http://digistrucmed.org/questionnaire#201_UM07,4,2.591837675863246e-05,0.2724662647143267,0.9980013629222062,15382,0.3333333333333333
http://digistrucmed.org/questionnaire#356,26,2.5916548507588488e-05,0.230228044638525,0.9974973656480506,2112,0.0
http://digistrucmed.org/questionnaire#371_UM16,4,2.5909560077146318e-05,0.2651393448348118,0.9979254478398315,13512,0.3333333333333333
http://digistrucmed.org/questionnaire#297_UM09,4,2.5903127344049316e-05,0.2724662647143267,0.9980013629222062,15326,0.3333333333333333
http://digistrucmed.org/questionnaire#275_UM01,4,2.5901441720731066e-05,0.26859124035944243,0.9979617293337456,14836,0.3333333333333333
http://digistrucmed.org/questionnaire#399_UM12,4,2.5889913896820107e-05,0.27248582298471036,0.9980015601042382,15344,0.3333333333333333
http://digistrucmed.org/questionnaire#299_UM09,4,2.588759361932841e-05,0.2724662647143267,0.9980013629222062,15374,0.3333333333333333
http://digistrucmed.org/questionnaire#312,26,2.5836043622604923e-05,0.22910254088961313,0.9974813939034471,2208,0.0
http://digistrucmed.org/questionnaire#50,26,2.5836043622604923e-05,0.22910254088961313,0.9974813939034471,2208,0.0
http://digistrucmed.org/questionnaire#55,26,2.5836043622604923e-05,0.22910254088961313,0.9974813939034471,2208,0.0
http://digistrucmed.org/questionnaire#339,26,2.5836043622604923e-05,0.22910254088961313,0.9974813939034471,2208,0.0
http://digistrucmed.org/questionnaire#365,26,2.5836043622604923e-05,0.22910254088961313,0.9974813939034471,2208,0.0
http://digistrucmed.org/questionnaire#200,26,2.5836043622604923e-05,0.22910254088961313,0.9974813939034471,2208,0.0
http://digistrucmed.org/questionnaire#189,26,2.583604362260492e-05,0.22910254088961313,0.9974813939034471,2208,0.0
http://digistrucmed.org/questionnaire#408,26,2.5836043622604906e-05,0.22910254088961313,0.9974813939034471,2208,0.0
http://digistrucmed.org/questionnaire#195,26,2.5836043622604906e-05,0.22910254088961313,0.9974813939034471,2208,0.0
http://digistrucmed.org/questionnaire#127_UM09,4,2.583113211465544e-05,0.2724662647143267,0.9980013629222062,15330,0.3333333333333333
http://digistrucmed.org/questionnaire#305_UM01,4,2.5799576833336554e-05,0.26859124035944243,0.9979617293337456,14794,0.3333333333333333
http://digistrucmed.org/questionnaire#226_UM09,4,2.577296120169345e-05,0.2724662647143267,0.9980013629222062,15374,0.3333333333333333
http://digistrucmed.org/questionnaire#297_UM16,4,2.5751240886939523e-05,0.25987540220442257,0.9978682650505102,12268,0.3333333333333333
http://digistrucmed.org/questionnaire#170_UM09,4,2.5743188871194767e-05,0.2724662647143267,0.9980013629222062,15374,0.3333333333333333
http://digistrucmed.org/questionnaire#369_UM12,4,2.5673941676551565e-05,0.27248582298471036,0.9980015601042382,15332,0.3333333333333333
http://digistrucmed.org/questionnaire#177_UM16,4,2.5672587510808992e-05,0.25987540220442257,0.9978682650505102,12268,0.3333333333333333
http://digistrucmed.org/questionnaire#321_UM07,4,2.566417826838961e-05,0.2724662647143267,0.9980013629222062,15380,0.3333333333333333
http://digistrucmed.org/questionnaire#387_UM01,4,2.5659072463018407e-05,0.26859124035944243,0.9979617293337456,14794,0.3333333333333333
http://digistrucmed.org/questionnaire#419_UM07,4,2.5644691665194317e-05,0.2724662647143267,0.9980013629222062,15380,0.3333333333333333
http://digistrucmed.org/questionnaire#297_UM07,4,2.5637006741430482e-05,0.2724662647143267,0.9980013629222062,15330,0.3333333333333333
http://digistrucmed.org/questionnaire#297_UM10,4,2.5636970479436606e-05,0.2724662647143267,0.9980013629222062,15332,0.3333333333333333
http://digistrucmed.org/questionnaire#299_UM10,4,2.5621470035886495e-05,0.2724662647143267,0.9980013629222062,15380,0.3333333333333333
http://digistrucmed.org/questionnaire#241_UM09,4,2.56173229099803e-05,0.2724662647143267,0.9980013629222062,15366,0.3333333333333333
http://digistrucmed.org/questionnaire#227_UM09,4,2.5605832409480632e-05,0.2724662647143267,0.9980013629222062,15372,0.3333333333333333
http://digistrucmed.org/questionnaire#358_UM01,4,2.5588226147185145e-05,0.26859124035944243,0.9979617293337456,14826,0.3333333333333333
http://digistrucmed.org/questionnaire#155_UM01,4,2.5584725070748428e-05,0.26859124035944243,0.9979617293337456,14862,0.3333333333333333
http://digistrucmed.org/questionnaire#252_UM01,4,2.5579828948944128e-05,0.26859124035944243,0.9979617293337456,14824,0.3333333333333333
http://digistrucmed.org/questionnaire#287_UM09,4,2.557605545231781e-05,0.2724662647143267,0.9980013629222062,15324,0.3333333333333333
http://digistrucmed.org/questionnaire#127_UM10,4,2.5564986760694267e-05,0.2724662647143267,0.9980013629222062,15336,0.3333333333333333
http://digistrucmed.org/questionnaire#127_UM07,4,2.556497325473045e-05,0.2724662647143267,0.9980013629222062,15334,0.3333333333333333
http://digistrucmed.org/questionnaire#201_UM16,4,2.553280755230748e-05,0.2651393448348118,0.9979254478398315,13594,0.3333333333333333
http://digistrucmed.org/questionnaire#287_UM16,4,2.552950992376885e-05,0.25987540220442257,0.9978682650505102,12266,0.3333333333333333
http://digistrucmed.org/questionnaire#226_UM10,4,2.5506860271653016e-05,0.2724662647143267,0.9980013629222062,15380,0.3333333333333333
http://digistrucmed.org/questionnaire#226_UM07,4,2.5506856440716963e-05,0.2724662647143267,0.9980013629222062,15378,0.3333333333333333
http://digistrucmed.org/questionnaire#191_UM03,4,2.5469854682029685e-05,0.26897186990717775,0.9979656729743884,14774,0.3333333333333333
http://digistrucmed.org/questionnaire#371_UM03,4,2.54343662717596e-05,0.26897186990717775,0.9979656729743884,14728,0.3333333333333333
http://digistrucmed.org/questionnaire#177_UM09,4,2.542973936894142e-05,0.2724662647143267,0.9980013629222062,15326,0.3333333333333333
http://digistrucmed.org/questionnaire#399_UM16,4,2.5403482728647898e-05,0.25987540220442257,0.9978682650505102,12306,0.3333333333333333
http://digistrucmed.org/questionnaire#241_UM07,4,2.5351194891515722e-05,0.2724662647143267,0.9980013629222062,15370,0.3333333333333333
http://digistrucmed.org/questionnaire#241_UM10,4,2.5351176808636097e-05,0.2724662647143267,0.9980013629222062,15372,0.3333333333333333
http://digistrucmed.org/questionnaire#227_UM10,4,2.5339712968456225e-05,0.2724662647143267,0.9980013629222062,15378,0.3333333333333333
http://digistrucmed.org/questionnaire#227_UM07,4,2.5339709260514787e-05,0.2724662647143267,0.9980013629222062,15376,0.3333333333333333
http://digistrucmed.org/questionnaire#211_UM01,4,2.533314725281153e-05,0.26859124035944243,0.9979617293337456,14788,0.3333333333333333
http://digistrucmed.org/questionnaire#287_UM03,4,2.5312117353138323e-05,0.26897186990717775,0.9979656729743884,14772,0.3333333333333333
http://digistrucmed.org/questionnaire#287_UM07,4,2.5309981434532708e-05,0.2724662647143267,0.9980013629222062,15328,0.3333333333333333
http://digistrucmed.org/questionnaire#287_UM10,4,2.5309966570871675e-05,0.2724662647143267,0.9980013629222062,15330,0.3333333333333333
http://digistrucmed.org/questionnaire#382,26,2.5276580227837866e-05,0.22958751663239385,0.997488295274572,2186,0.0
http://digistrucmed.org/questionnaire#243,26,2.522569216782146e-05,0.22965696654365056,0.9974892811847327,2074,0.0
http://digistrucmed.org/questionnaire#399_UM09,4,2.5174774899110417e-05,0.2724662647143267,0.9980013629222062,15368,0.3333333333333333
http://digistrucmed.org/questionnaire#177_UM10,4,2.5163629125744562e-05,0.2724662647143267,0.9980013629222062,15332,0.3333333333333333
http://digistrucmed.org/questionnaire#421,26,2.5151013269031012e-05,0.229629181537717,0.9974888868206684,2202,0.0
http://digistrucmed.org/questionnaire#81_UM03,4,2.5143886931000394e-05,0.26897186990717775,0.9979656729743884,14818,0.3333333333333333
http://digistrucmed.org/questionnaire#278_UM03,4,2.513307566352454e-05,0.26897186990717775,0.9979656729743884,14768,0.3333333333333333
http://digistrucmed.org/questionnaire#222_UM16,4,2.5123964689063166e-05,0.2651393448348118,0.9979254478398315,13592,0.3333333333333333
http://digistrucmed.org/questionnaire#273_UM03,4,2.5081525491125456e-05,0.26897186990717775,0.9979656729743884,14772,0.3333333333333333
http://digistrucmed.org/questionnaire#309_UM03,4,2.5000451653818696e-05,0.26897186990717775,0.9979656729743884,14766,0.3333333333333333
http://digistrucmed.org/questionnaire#369_UM09,4,2.495913809890475e-05,0.2724662647143267,0.9980013629222062,15356,0.3333333333333333
http://digistrucmed.org/questionnaire#399_UM10,4,2.490873447614415e-05,0.2724662647143267,0.9980013629222062,15374,0.3333333333333333
http://digistrucmed.org/questionnaire#399_UM07,4,2.4908715781136466e-05,0.2724662647143267,0.9980013629222062,15372,0.3333333333333333
http://digistrucmed.org/questionnaire#371,26,2.488029730841463e-05,0.230228044638525,0.9974973656480506,2100,0.0
http://digistrucmed.org/questionnaire#297_UM03,4,2.4871260194546792e-05,0.26897186990717775,0.9979656729743884,14768,0.3333333333333333
http://digistrucmed.org/questionnaire#363_UM03,4,2.4868313988325547e-05,0.26897186990717775,0.9979656729743884,14856,0.3333333333333333
http://digistrucmed.org/questionnaire#369_UM16,4,2.4715388227477292e-05,0.25987540220442257,0.9978682650505102,12294,0.3333333333333333
http://digistrucmed.org/questionnaire#100,26,2.4709572064989174e-05,0.22935170080357684,0.9974849431800257,1872,0.0
http://digistrucmed.org/questionnaire#369_UM07,4,2.469322246523418e-05,0.2724662647143267,0.9980013629222062,15360,0.3333333333333333
http://digistrucmed.org/questionnaire#369_UM10,4,2.469322129137525e-05,0.2724662647143267,0.9980013629222062,15362,0.3333333333333333
http://digistrucmed.org/questionnaire#354,26,2.4690839834488827e-05,0.22935170080357684,0.9974849431800257,1702,0.0
http://digistrucmed.org/questionnaire#316_UM16,4,2.46328996658266e-05,0.2651393448348118,0.9979254478398315,13548,0.3333333333333333
http://digistrucmed.org/questionnaire#305,26,2.4632846592311564e-05,0.230228044638525,0.9974973656480506,2096,0.0
http://digistrucmed.org/questionnaire#235_UM03,4,2.4600923857379637e-05,0.26897186990717775,0.9979656729743884,14766,0.3333333333333333
http://digistrucmed.org/questionnaire#275_UM03,4,2.4587642592443686e-05,0.26897186990717775,0.9979656729743884,14762,0.3333333333333333
http://digistrucmed.org/questionnaire#305_UM03,4,2.4485454045852342e-05,0.26897186990717775,0.9979656729743884,14720,0.3333333333333333
http://digistrucmed.org/questionnaire#275,26,2.4457588143025245e-05,0.2299351868677691,0.9974932248253756,2046,0.0
http://digistrucmed.org/questionnaire#387_UM03,4,2.4452937463339157e-05,0.26897186990717775,0.9979656729743884,14764,0.3333333333333333
http://digistrucmed.org/questionnaire#363,26,2.438649407967139e-05,0.22935170080357684,0.9974849431800257,1936,0.0
http://digistrucmed.org/questionnaire#358_UM03,4,2.4382079075604068e-05,0.26897186990717775,0.9979656729743884,14796,0.3333333333333333
http://digistrucmed.org/questionnaire#241,26,2.437101269187138e-05,0.22964307320024197,0.9974890840027005,1918,0.0
http://digistrucmed.org/questionnaire#319,26,2.4334165303232346e-05,0.2299351868677691,0.9974932248253756,2086,0.0
http://digistrucmed.org/questionnaire#155_UM03,4,2.4272417614853764e-05,0.26897186990717775,0.9979656729743884,14788,0.3333333333333333
http://digistrucmed.org/questionnaire#252_UM03,4,2.4266765278122452e-05,0.26897186990717775,0.9979656729743884,14750,0.3333333333333333
http://digistrucmed.org/questionnaire#139,26,2.426465232207519e-05,0.22964307320024197,0.9974890840027005,1786,0.0
http://digistrucmed.org/questionnaire#141_UM03,4,2.422798039496817e-05,0.26897186990717775,0.9979656729743884,14760,0.3333333333333333
http://digistrucmed.org/questionnaire#211,26,2.4162977008319726e-05,0.230228044638525,0.9974973656480506,2076,0.0
http://digistrucmed.org/questionnaire#201,26,2.4161540260883568e-05,0.22964307320024197,0.9974890840027005,1966,0.0
http://digistrucmed.org/questionnaire#344,26,2.4019724396177444e-05,0.2299351868677691,0.9974932248253756,1866,0.0
http://digistrucmed.org/questionnaire#211_UM03,4,2.4019622781766948e-05,0.26897186990717775,0.9979656729743884,14714,0.3333333333333333
http://digistrucmed.org/questionnaire#141,26,2.3948821309209206e-05,0.2299351868677691,0.9974932248253756,2042,0.0
http://digistrucmed.org/questionnaire#337_UM17,4,2.3941372045823477e-05,0.2548848452293024,0.9978118709893175,11822,0.3333333333333333
http://digistrucmed.org/questionnaire#419,26,2.3923944387251703e-05,0.22964307320024197,0.9974890840027005,1966,0.0
http://digistrucmed.org/questionnaire#81,26,2.3906327209006934e-05,0.22964307320024197,0.9974890840027005,2034,0.0
http://digistrucmed.org/questionnaire#321_UM17,4,2.3901607234340563e-05,0.2548848452293024,0.9978118709893175,11822,0.3333333333333333
http://digistrucmed.org/questionnaire#344_UM17,4,2.388122418426922e-05,0.2548848452293024,0.9978118709893175,11780,0.3333333333333333
http://digistrucmed.org/questionnaire#337_UM16,4,2.3848872795301936e-05,0.2651393448348118,0.9979254478398315,13584,0.3333333333333333
http://digistrucmed.org/questionnaire#337,26,2.3764829719139394e-05,0.22964307320024197,0.9974890840027005,1914,0.0
http://digistrucmed.org/questionnaire#227,26,2.375602496533045e-05,0.22964307320024197,0.9974890840027005,1984,0.0
http://digistrucmed.org/questionnaire#100_UM16,4,2.370019639318191e-05,0.2651393448348118,0.9979254478398315,13624,0.3333333333333333
http://digistrucmed.org/questionnaire#387,26,2.3695571892311e-05,0.2299351868677691,0.9974932248253756,2006,0.0
http://digistrucmed.org/questionnaire#297,26,2.36657870061887e-05,0.2299351868677691,0.9974932248253756,2010,0.0
http://digistrucmed.org/questionnaire#170,26,2.356154104843928e-05,0.22964307320024197,0.9974890840027005,1990,0.0
http://digistrucmed.org/questionnaire#235,26,2.3516062781973105e-05,0.2299351868677691,0.9974932248253756,2002,0.0
http://digistrucmed.org/questionnaire#222,26,2.349724603559223e-05,0.22964307320024197,0.9974890840027005,1998,0.0
http://digistrucmed.org/questionnaire#316,26,2.3486065720564135e-05,0.2299351868677691,0.9974932248253756,1970,0.0
http://digistrucmed.org/questionnaire#177,26,2.3407006367607177e-05,0.2299351868677691,0.9974932248253756,2010,0.0
http://digistrucmed.org/questionnaire#369,26,2.3395925517488798e-05,0.22964307320024197,0.9974890840027005,1746,0.0
http://digistrucmed.org/questionnaire#399,26,2.3323162319575597e-05,0.22964307320024197,0.9974890840027005,1926,0.0
http://digistrucmed.org/questionnaire#127,26,2.3286224781675322e-05,0.2299351868677691,0.9974932248253756,1986,0.0
http://digistrucmed.org/questionnaire#299,26,2.3248277852645024e-05,0.22964307320024197,0.9974890840027005,2002,0.0
http://digistrucmed.org/questionnaire#273,26,2.3243289677507317e-05,0.2299351868677691,0.9974932248253756,2046,0.0
http://digistrucmed.org/questionnaire#191,26,2.3238629127898943e-05,0.2299351868677691,0.9974932248253756,2036,0.0
http://digistrucmed.org/questionnaire#321,26,2.3196978310712964e-05,0.22964307320024197,0.9974890840027005,1984,0.0
http://digistrucmed.org/questionnaire#287,26,2.3174203090026897e-05,0.2299351868677691,0.9974932248253756,1966,0.0
http://digistrucmed.org/questionnaire#315,26,2.316094147772847e-05,0.22964307320024197,0.9974890840027005,2016,0.0
http://digistrucmed.org/questionnaire#344_UM16,4,2.310319608588759e-05,0.2651393448348118,0.9979254478398315,13536,0.3333333333333333
http://digistrucmed.org/questionnaire#431,26,2.309361686692742e-05,0.22964307320024197,0.9974890840027005,2002,0.0
http://digistrucmed.org/questionnaire#226,26,2.2885842025036392e-05,0.22964307320024197,0.9974890840027005,1998,0.0
http://digistrucmed.org/questionnaire#139_UM16,4,2.2858361743618615e-05,0.2651393448348118,0.9979254478398315,13574,0.3333333333333333
http://digistrucmed.org/questionnaire#354_UM16,4,2.2797100833971427e-05,0.2651393448348118,0.9979254478398315,13614,0.3333333333333333
http://digistrucmed.org/questionnaire#431_UM17,4,2.2520313023883033e-05,0.2548848452293024,0.9978118709893175,11820,0.3333333333333333
http://digistrucmed.org/questionnaire#222_UM17,4,2.172370261608005e-05,0.2548848452293024,0.9978118709893175,11818,0.3333333333333333
http://digistrucmed.org/questionnaire#315_UM17,4,2.17059699495855e-05,0.2548848452293024,0.9978118709893175,11818,0.3333333333333333
http://digistrucmed.org/questionnaire#226_UM17,4,2.1698420473790617e-05,0.2548848452293024,0.9978118709893175,11818,0.3333333333333333
http://digistrucmed.org/questionnaire#81_UM17,4,2.0765282487421393e-05,0.2548848452293024,0.9978118709893175,11814,0.3333333333333333
http://digistrucmed.org/questionnaire#299_UM17,4,2.075655784808958e-05,0.2548848452293024,0.9978118709893175,11814,0.3333333333333333
http://digistrucmed.org/questionnaire#287_UM17,4,2.065846334003524e-05,0.2548848452293024,0.9978118709893175,11772,0.3333333333333333
http://digistrucmed.org/questionnaire#273_UM17,4,2.0652996235740185e-05,0.2548848452293024,0.9978118709893175,11772,0.3333333333333333
http://digistrucmed.org/questionnaire#356_UM17,4,2.027235136189688e-05,0.2548848452293024,0.9978118709893175,11728,0.3333333333333333
http://digistrucmed.org/questionnaire#297_UM17,4,2.0111092352275354e-05,0.2548848452293024,0.9978118709893175,11768,0.3333333333333333
http://digistrucmed.org/questionnaire#235_UM17,4,1.991072776929642e-05,0.2548848452293024,0.9978118709893175,11766,0.3333333333333333
http://digistrucmed.org/questionnaire#387_UM17,4,1.974680215704942e-05,0.2548848452293024,0.9978118709893175,11764,0.3333333333333333
http://digistrucmed.org/questionnaire#141_UM17,4,1.9483733190267047e-05,0.2548848452293024,0.9978118709893175,11760,0.3333333333333333
http://digistrucmed.org/questionnaire#358_UM17,4,1.921875601462621e-05,0.2548848452293024,0.9978118709893175,11792,0.3333333333333333
http://digistrucmed.org/questionnaire#155_UM17,4,1.9000016664952154e-05,0.2548848452293024,0.9978118709893175,11784,0.3333333333333333
http://digistrucmed.org/questionnaire#410,10,7.998126294657158e-06,0.22286150413902422,0.9973899014405331,18762,0.0
http://digistrucmed.org/questionnaire#105,10,7.913085805096723e-06,0.22601964870497174,0.997436830764183,28610,0.0
http://digistrucmed.org/questionnaire#103,10,7.691741501063655e-06,0.2249348186774117,0.9974208590195793,31062,0.0
http://digistrucmed.org/questionnaire#146,10,7.250861614179622e-06,0.22881253767329718,0.9974772530807721,32524,0.0
http://digistrucmed.org/questionnaire#145,10,6.602225230386773e-06,0.22881253767329718,0.9974772530807721,33982,0.0
http://digistrucmed.org/questionnaire#229,10,6.4896202502278655e-06,0.22881253767329718,0.9974772530807721,33982,0.0
http://digistrucmed.org/questionnaire#52,10,6.485212575689537e-06,0.23365751569617135,0.997545083699829,35718,0.0
http://digistrucmed.org/questionnaire#129,10,6.452194271819571e-06,0.2348283328178163,0.9975610554444324,33262,0.0
http://digistrucmed.org/questionnaire#255,10,6.413474827850708e-06,0.23365751569617135,0.997545083699829,35718,0.0
http://digistrucmed.org/questionnaire#334,10,6.345723224494159e-06,0.23229912490055687,0.9975263514067754,27626,0.0
http://digistrucmed.org/questionnaire#60,10,6.165458880666168e-06,0.22553621294040757,0.9974297322110257,18366,0.0
http://digistrucmed.org/questionnaire#216,10,5.925175011709307e-06,0.22881253767329718,0.9974772530807721,35436,0.0
http://digistrucmed.org/questionnaire#325,10,5.909059027195052e-06,0.22881253767329718,0.9974772530807721,35436,0.0
http://digistrucmed.org/questionnaire#107,10,5.8894014298456335e-06,0.2223003045209651,0.9973814226131509,15182,0.0
http://digistrucmed.org/questionnaire#133,10,5.862907894485807e-06,0.2348283328178163,0.9975610554444324,34716,0.0
http://digistrucmed.org/questionnaire#120,10,5.793735475504073e-06,0.2348283328178163,0.9975610554444324,36450,0.0
http://digistrucmed.org/questionnaire#324,10,5.767946225956329e-06,0.23365751569617135,0.997545083699829,37174,0.0
http://digistrucmed.org/questionnaire#251,12,5.606016710897639e-06,0.1920663833232139,0.9968513973107526,340,0.0
http://digistrucmed.org/questionnaire#157,10,5.5843724633954255e-06,0.23365751569617135,0.997545083699829,38908,0.0
http://digistrucmed.org/questionnaire#214,10,5.560618537569342e-06,0.23365751569617135,0.997545083699829,38908,0.0
http://digistrucmed.org/questionnaire#409,10,5.5571869060415254e-06,0.23365751569617135,0.997545083699829,38908,0.0
http://digistrucmed.org/questionnaire#423,10,5.512335861962533e-06,0.2308581159155872,0.9975062388394971,38180,0.0
http://digistrucmed.org/questionnaire#84,10,5.487261236918799e-06,0.2263700876617568,0.9974419574970186,24454,0.0
http://digistrucmed.org/questionnaire#151,10,5.441353826915916e-06,0.22943487458446662,0.9974861262722184,32262,0.0
http://digistrucmed.org/questionnaire#123,10,5.3759782533099536e-06,0.22881253767329718,0.9974772530807721,36886,0.0
http://digistrucmed.org/questionnaire#147,10,5.358906222530587e-06,0.22881253767329718,0.9974772530807721,36886,0.0
http://digistrucmed.org/questionnaire#401,10,5.357597282337539e-06,0.22881253767329718,0.9974772530807721,36886,0.0
http://digistrucmed.org/questionnaire#231,10,5.342800072295299e-06,0.22688422688422688,0.99744945041424,34426,0.0
http://digistrucmed.org/questionnaire#132,10,5.268621293003377e-06,0.22881253767329718,0.9974772530807721,36886,0.0
http://digistrucmed.org/questionnaire#238,10,5.228620813231392e-06,0.22881253767329718,0.9974772530807721,36886,0.0
http://digistrucmed.org/questionnaire#148,10,5.22548352320221e-06,0.23167531278608483,0.9975176753973612,36166,0.0
http://digistrucmed.org/questionnaire#135,10,5.21335698933068e-06,0.22881253767329718,0.9974772530807721,36886,0.0
http://digistrucmed.org/questionnaire#416,10,5.189929248620317e-06,0.22881253767329718,0.9974772530807721,36886,0.0
http://digistrucmed.org/questionnaire#160,10,5.1823518887562044e-06,0.23365751569617135,0.997545083699829,38626,0.0
http://digistrucmed.org/questionnaire#164,10,5.149030309050494e-06,0.23365751569617135,0.997545083699829,38626,0.0
http://digistrucmed.org/questionnaire#92,10,5.1419477505916504e-06,0.23365751569617135,0.997545083699829,38626,0.0
http://digistrucmed.org/questionnaire#246,10,5.135164339125862e-06,0.23365751569617135,0.997545083699829,38626,0.0
http://digistrucmed.org/questionnaire#130,10,5.110592032711074e-06,0.23365751569617135,0.997545083699829,38626,0.0
http://digistrucmed.org/questionnaire#117,10,5.070018637063344e-06,0.23365751569617135,0.997545083699829,38626,0.0
http://digistrucmed.org/questionnaire#424,10,5.030456856062754e-06,0.23033980582524272,0.9974989431043076,37464,0.0
http://digistrucmed.org/questionnaire#256,10,5.029394027058992e-06,0.23167531278608483,0.9975176753973612,37902,0.0
http://digistrucmed.org/questionnaire#91,10,4.995146581577265e-06,0.23365751569617135,0.997545083699829,40362,0.0
http://digistrucmed.org/questionnaire#142,10,4.991024910806735e-06,0.23365751569617135,0.997545083699829,40362,0.0
http://digistrucmed.org/questionnaire#163,10,4.9905718111002095e-06,0.23167531278608483,0.9975176753973612,37902,0.0
http://digistrucmed.org/questionnaire#263,10,4.981990312172343e-06,0.23167531278608483,0.9975176753973612,37902,0.0
http://digistrucmed.org/questionnaire#429,10,4.963442172520191e-06,0.23033980582524272,0.9974989431043076,37464,0.0
http://digistrucmed.org/questionnaire#425,10,4.950177970066918e-06,0.23033980582524272,0.9974989431043076,37464,0.0
http://digistrucmed.org/questionnaire#426,10,4.950177970066918e-06,0.23033980582524272,0.9974989431043076,37464,0.0
http://digistrucmed.org/questionnaire#427,10,4.950177970066918e-06,0.23033980582524272,0.9974989431043076,37464,0.0
http://digistrucmed.org/questionnaire#346,10,4.933117374185646e-06,0.23365751569617135,0.997545083699829,40362,0.0
http://digistrucmed.org/questionnaire#83,10,4.856426680908773e-06,0.23365751569617135,0.997545083699829,42094,0.0
http://digistrucmed.org/questionnaire#70,10,4.825952996491681e-06,0.23365751569617135,0.997545083699829,42094,0.0
http://digistrucmed.org/questionnaire#193,10,4.813050844072517e-06,0.23365751569617135,0.997545083699829,42094,0.0
http://digistrucmed.org/questionnaire#307,12,4.789338552992164e-06,0.19962137147665127,0.996998889470795,346,0.0
http://digistrucmed.org/questionnaire#217,10,4.742932269000508e-06,0.2277691107644306,0.9974622672463292,41362,0.0
http://digistrucmed.org/questionnaire#380,12,4.710685053283763e-06,0.18499025341130604,0.996702327694453,302,0.0
http://digistrucmed.org/questionnaire#239,10,4.685670441536273e-06,0.22576424408231238,0.9974330843055723,38332,0.0
http://digistrucmed.org/questionnaire#143,10,4.667983141644562e-06,0.2297264584846284,0.9974902670948934,43822,0.0
http://digistrucmed.org/questionnaire#173,10,4.655316277090583e-06,0.2297264584846284,0.9974902670948934,43822,0.0
http://digistrucmed.org/questionnaire#171,10,4.655316277090583e-06,0.2297264584846284,0.9974902670948934,43822,0.0
http://digistrucmed.org/questionnaire#326,10,4.643673349412332e-06,0.22576424408231238,0.9974330843055723,38332,0.0
http://digistrucmed.org/questionnaire#187,10,4.627071301626626e-06,0.2297264584846284,0.9974902670948934,43822,0.0
http://digistrucmed.org/questionnaire#186,10,4.627071301626626e-06,0.2297264584846284,0.9974902670948934,43822,0.0
http://digistrucmed.org/questionnaire#357,12,4.626172647951474e-06,0.1912535268037082,0.9968348340200526,332,0.0
http://digistrucmed.org/questionnaire#219,10,4.624964368512914e-06,0.2305076512023318,0.9975013092886934,40074,0.0
http://digistrucmed.org/questionnaire#131,12,4.620668318590102e-06,0.19876426850979162,0.9969827205441593,340,0.0
http://digistrucmed.org/questionnaire#199,12,4.5988357483294945e-06,0.17798199549887472,0.996543004612482,360,0.0
http://digistrucmed.org/questionnaire#192,12,4.5988357483294945e-06,0.17798199549887472,0.996543004612482,360,0.0
http://digistrucmed.org/questionnaire#376,12,4.5988357483294945e-06,0.17798199549887472,0.996543004612482,360,0.0
http://digistrucmed.org/questionnaire#336,12,4.5988357483294945e-06,0.17798199549887472,0.996543004612482,360,0.0
http://digistrucmed.org/questionnaire#384,12,4.5988357483294945e-06,0.17798199549887472,0.996543004612482,360,0.0
http://digistrucmed.org/questionnaire#48,12,4.5988357483294945e-06,0.17798199549887472,0.996543004612482,360,0.0
http://digistrucmed.org/questionnaire#375,12,4.5988357483294945e-06,0.17798199549887472,0.996543004612482,360,0.0
http://digistrucmed.org/questionnaire#381,12,4.5988357483294945e-06,0.17798199549887472,0.996543004612482,360,0.0
http://digistrucmed.org/questionnaire#359,10,4.597322963241321e-06,0.22576424408231238,0.9974330843055723,38332,0.0
http://digistrucmed.org/questionnaire#58,10,4.578924745360892e-06,0.2305076512023318,0.9975013092886934,40074,0.0
http://digistrucmed.org/questionnaire#404,10,4.571814216152047e-06,0.22576424408231238,0.9974330843055723,38332,0.0
http://digistrucmed.org/questionnaire#361,10,4.568041410606007e-06,0.22576424408231238,0.9974330843055723,38332,0.0
http://digistrucmed.org/questionnaire#360,10,4.568041410606007e-06,0.22576424408231238,0.9974330843055723,38332,0.0
http://digistrucmed.org/questionnaire#367,10,4.568041410606005e-06,0.22576424408231238,0.9974330843055723,38332,0.0
http://digistrucmed.org/questionnaire#159,12,4.516474523254518e-06,0.1920663833232139,0.9968513973107526,340,0.0
http://digistrucmed.org/questionnaire#140,12,4.5066163824034635e-06,0.19876426850979162,0.9969827205441593,340,0.0
http://digistrucmed.org/questionnaire#402,10,4.495402561769762e-06,0.2305076512023318,0.9975013092886934,40074,0.0
http://digistrucmed.org/questionnaire#412,10,4.49095044159807e-06,0.2305076512023318,0.9975013092886934,40074,0.0
http://digistrucmed.org/questionnaire#413,10,4.487235588707179e-06,0.2305076512023318,0.9975013092886934,40074,0.0
http://digistrucmed.org/questionnaire#178,10,4.473106390548055e-06,0.2305076512023318,0.9975013092886934,40074,0.0
http://digistrucmed.org/questionnaire#57,10,4.472936204655534e-06,0.2305076512023318,0.9975013092886934,40074,0.0
http://digistrucmed.org/questionnaire#119,10,4.456877306602944e-06,0.2305076512023318,0.9975013092886934,40074,0.0
http://digistrucmed.org/questionnaire#266,10,4.44861171703317e-06,0.2305076512023318,0.9975013092886934,40074,0.0
http://digistrucmed.org/questionnaire#417,10,4.440062421822036e-06,0.2305076512023318,0.9975013092886934,40074,0.0
http://digistrucmed.org/questionnaire#434,10,4.417813329253135e-06,0.2305076512023318,0.9975013092886934,41812,0.0
http://digistrucmed.org/questionnaire#244,10,4.396014237723269e-06,0.2305076512023318,0.9975013092886934,41812,0.0
http://digistrucmed.org/questionnaire#298,12,4.3683385163014e-06,0.18499025341130604,0.996702327694453,288,0.0
http://digistrucmed.org/questionnaire#223,10,4.353668651756962e-06,0.2305076512023318,0.9975013092886934,41812,0.0
http://digistrucmed.org/questionnaire#414,10,4.352371179810251e-06,0.2305076512023318,0.9975013092886934,41812,0.0
http://digistrucmed.org/questionnaire#406,12,4.337660317191053e-06,0.18419137270124702,0.9966847784935925,270,0.0
http://digistrucmed.org/questionnaire#166,10,4.335681678513465e-06,0.2305076512023318,0.9975013092886934,41812,0.0
http://digistrucmed.org/questionnaire#167,10,4.325099239544174e-06,0.2305076512023318,0.9975013092886934,41812,0.0
http://digistrucmed.org/questionnaire#335,12,4.321547131211544e-06,0.19962137147665127,0.996998889470795,338,0.0
http://digistrucmed.org/questionnaire#204,10,4.320705472453682e-06,0.2305076512023318,0.9975013092886934,41812,0.0
http://digistrucmed.org/questionnaire#253,10,4.313884972183693e-06,0.23112518265952264,0.9975099852981076,38918,0.0
http://digistrucmed.org/questionnaire#134,10,4.306071360163277e-06,0.2305076512023318,0.9975013092886934,43546,0.0
http://digistrucmed.org/questionnaire#194,10,4.296708248361335e-06,0.2305076512023318,0.9975013092886934,41812,0.0
http://digistrucmed.org/questionnaire#180,10,4.286683504131955e-06,0.2271965525496768,0.9974539856009792,40646,0.0
http://digistrucmed.org/questionnaire#161,10,4.245868866527568e-06,0.2305076512023318,0.9975013092886934,43546,0.0
http://digistrucmed.org/questionnaire#162,10,4.242395703370657e-06,0.2305076512023318,0.9975013092886934,43546,0.0
http://digistrucmed.org/questionnaire#179,10,4.228013712511881e-06,0.2305076512023318,0.9975013092886934,43546,0.0
http://digistrucmed.org/questionnaire#88,10,4.211802559181587e-06,0.2305076512023318,0.9975013092886934,43546,0.0
http://digistrucmed.org/questionnaire#68,10,4.203546123705917e-06,0.2305076512023318,0.9975013092886934,43546,0.0
http://digistrucmed.org/questionnaire#258,10,4.200246286924352e-06,0.2305076512023318,0.9975013092886934,43546,0.0
http://digistrucmed.org/questionnaire#182,10,4.199180749618252e-06,0.2305076512023318,0.9975013092886934,43546,0.0
http://digistrucmed.org/questionnaire#59,10,4.195376216832231e-06,0.2305076512023318,0.9975013092886934,43546,0.0
http://digistrucmed.org/questionnaire#264,10,4.187560994772525e-06,0.2271965525496768,0.9974539856009792,40646,0.0
http://digistrucmed.org/questionnaire#208,10,4.185636503775715e-06,0.2305076512023318,0.9975013092886934,43546,0.0
http://digistrucmed.org/questionnaire#152,10,4.185551540108224e-06,0.2305076512023318,0.9975013092886934,43546,0.0
http://digistrucmed.org/questionnaire#232,10,4.179768993887783e-06,0.2305076512023318,0.9975013092886934,43546,0.0
http://digistrucmed.org/questionnaire#230,10,4.17344668955039e-06,0.2305076512023318,0.9975013092886934,43546,0.0
http://digistrucmed.org/questionnaire#362,12,4.122179946158771e-06,0.1912535268037082,0.9968348340200526,316,0.0
http://digistrucmed.org/questionnaire#67,10,4.108143841344636e-06,0.2305076512023318,0.9975013092886934,45276,0.0
http://digistrucmed.org/questionnaire#126,12,4.103878181272295e-06,0.190457076915358,0.9968184679113848,318,0.0
http://digistrucmed.org/questionnaire#87,10,4.084296925600201e-06,0.2305076512023318,0.9975013092886934,45276,0.0
http://digistrucmed.org/questionnaire#220,10,4.080342787552353e-06,0.2305076512023318,0.9975013092886934,45276,0.0
http://digistrucmed.org/questionnaire#53,10,4.080127467674625e-06,0.2305076512023318,0.9975013092886934,45276,0.0
http://digistrucmed.org/questionnaire#257,10,4.076995091294565e-06,0.2305076512023318,0.9975013092886934,45276,0.0
http://digistrucmed.org/questionnaire#247,10,4.076521992765601e-06,0.2305076512023318,0.9975013092886934,45276,0.0
http://digistrucmed.org/questionnaire#144,10,4.074224190959083e-06,0.2305076512023318,0.9975013092886934,45276,0.0
http://digistrucmed.org/questionnaire#69,10,4.073388868727469e-06,0.2305076512023318,0.9975013092886934,45276,0.0
http://digistrucmed.org/questionnaire#234,12,4.071883992232131e-06,0.19876426850979162,0.9969827205441593,328,0.0
http://digistrucmed.org/questionnaire#202,10,4.0677397558295006e-06,0.2305076512023318,0.9975013092886934,45276,0.0
http://digistrucmed.org/questionnaire#218,10,4.0583453838918805e-06,0.2305076512023318,0.9975013092886934,45276,0.0
http://digistrucmed.org/questionnaire#169,12,4.049952554786206e-06,0.19791449426485924,0.9969665516175237,316,0.0
http://digistrucmed.org/questionnaire#86,10,4.04949652879864e-06,0.2305076512023318,0.9975013092886934,45276,0.0
http://digistrucmed.org/questionnaire#397,10,4.04744410682244e-06,0.2305076512023318,0.9975013092886934,45276,0.0
http://digistrucmed.org/questionnaire#393,10,4.04744410682244e-06,0.2305076512023318,0.9975013092886934,45276,0.0
http://digistrucmed.org/questionnaire#391,10,4.04744410682244e-06,0.2305076512023318,0.9975013092886934,45276,0.0
http://digistrucmed.org/questionnaire#395,10,4.04744410682244e-06,0.2305076512023318,0.9975013092886934,45276,0.0
http://digistrucmed.org/questionnaire#396,10,4.047444106822439e-06,0.2305076512023318,0.9975013092886934,45276,0.0
http://digistrucmed.org/questionnaire#172,10,4.0432191770353815e-06,0.2305076512023318,0.9975013092886934,45276,0.0
http://digistrucmed.org/questionnaire#124,10,4.0382453021017074e-06,0.2305076512023318,0.9975013092886934,45276,0.0
http://digistrucmed.org/questionnaire#389,10,4.032436185936396e-06,0.2305076512023318,0.9975013092886934,45276,0.0
http://digistrucmed.org/questionnaire#125,10,4.031795684260779e-06,0.2305076512023318,0.9975013092886934,45276,0.0
http://digistrucmed.org/questionnaire#203,10,4.0317956842607744e-06,0.2305076512023318,0.9975013092886934,45276,0.0
http://digistrucmed.org/questionnaire#224,10,4.031795684260772e-06,0.2305076512023318,0.9975013092886934,45276,0.0
http://digistrucmed.org/questionnaire#94,10,4.028453818256838e-06,0.2305076512023318,0.9975013092886934,45276,0.0
http://digistrucmed.org/questionnaire#153,10,4.026959055076297e-06,0.2305076512023318,0.9975013092886934,45276,0.0
http://digistrucmed.org/questionnaire#418,12,4.026411587450532e-06,0.19876426850979162,0.9969827205441593,334,0.0
http://digistrucmed.org/questionnaire#323,10,4.025571239418353e-06,0.2305076512023318,0.9975013092886934,45276,0.0
http://digistrucmed.org/questionnaire#154,10,4.020515468509981e-06,0.2305076512023318,0.9975013092886934,45276,0.0
http://digistrucmed.org/questionnaire#72,10,4.02051546850998e-06,0.2305076512023318,0.9975013092886934,45276,0.0
http://digistrucmed.org/questionnaire#54,12,4.003926951737927e-06,0.19791449426485924,0.9969665516175237,332,0.0
http://digistrucmed.org/questionnaire#364,12,4.000599641441235e-06,0.1912535268037082,0.9968348340200526,304,0.0
http://digistrucmed.org/questionnaire#233,12,3.99212679581048e-06,0.190457076915358,0.9968184679113848,312,0.0
http://digistrucmed.org/questionnaire#368,12,3.973803524169374e-06,0.190457076915358,0.9968184679113848,288,0.0
http://digistrucmed.org/questionnaire#63,10,3.951161437890181e-06,0.2265727587441805,0.9974449152275008,47002,0.0
http://digistrucmed.org/questionnaire#370,12,3.950101835624466e-06,0.18974307707687696,0.9968036792589742,288,0.0
http://digistrucmed.org/questionnaire#183,10,3.947730724933298e-06,0.2265727587441805,0.9974449152275008,47002,0.0
http://digistrucmed.org/questionnaire#76,10,3.9472823236434315e-06,0.2265727587441805,0.9974449152275008,47002,0.0
http://digistrucmed.org/questionnaire#113,10,3.944988561010927e-06,0.2265727587441805,0.9974449152275008,47002,0.0
http://digistrucmed.org/questionnaire#90,10,3.93338186887529e-06,0.2265727587441805,0.9974449152275008,47002,0.0
http://digistrucmed.org/questionnaire#198,10,3.926839006590636e-06,0.2265727587441805,0.9974449152275008,47002,0.0
http://digistrucmed.org/questionnaire#66,10,3.925504079123145e-06,0.2265727587441805,0.9974449152275008,47002,0.0
http://digistrucmed.org/questionnaire#215,10,3.917248444256502e-06,0.2265727587441805,0.9974449152275008,47002,0.0
http://digistrucmed.org/questionnaire#98,10,3.911592613975341e-06,0.2265727587441805,0.9974449152275008,47002,0.0
http://digistrucmed.org/questionnaire#79,10,3.910253186853585e-06,0.2265727587441805,0.9974449152275008,47002,0.0
http://digistrucmed.org/questionnaire#248,10,3.910253186853581e-06,0.2265727587441805,0.9974449152275008,47002,0.0
http://digistrucmed.org/questionnaire#249,10,3.910253186853581e-06,0.2265727587441805,0.9974449152275008,47002,0.0
http://digistrucmed.org/questionnaire#82,10,3.909900032740898e-06,0.2265727587441805,0.9974449152275008,47002,0.0
http://digistrucmed.org/questionnaire#184,10,3.909325030952255e-06,0.2265727587441805,0.9974449152275008,47002,0.0
http://digistrucmed.org/questionnaire#106,10,3.908826931120815e-06,0.2265727587441805,0.9974449152275008,47002,0.0
http://digistrucmed.org/questionnaire#96,10,3.907010545052877e-06,0.2265727587441805,0.9974449152275008,47002,0.0
http://digistrucmed.org/questionnaire#351,10,3.903843628572003e-06,0.2265727587441805,0.9974449152275008,47002,0.0
http://digistrucmed.org/questionnaire#352,10,3.903843628572003e-06,0.2265727587441805,0.9974449152275008,47002,0.0
http://digistrucmed.org/questionnaire#175,10,3.903843628571999e-06,0.2265727587441805,0.9974449152275008,47002,0.0
http://digistrucmed.org/questionnaire#95,10,3.900602967827028e-06,0.2265727587441805,0.9974449152275008,47002,0.0
http://digistrucmed.org/questionnaire#97,10,3.900602967827028e-06,0.2265727587441805,0.9974449152275008,47002,0.0
http://digistrucmed.org/questionnaire#89,10,3.900602967827026e-06,0.2265727587441805,0.9974449152275008,47002,0.0
http://digistrucmed.org/questionnaire#213,10,3.899262317403883e-06,0.2265727587441805,0.9974449152275008,47002,0.0
http://digistrucmed.org/questionnaire#174,10,3.897220419951434e-06,0.2265727587441805,0.9974449152275008,47002,0.0
http://digistrucmed.org/questionnaire#93,10,3.8928587903968996e-06,0.2265727587441805,0.9974449152275008,47002,0.0
http://digistrucmed.org/questionnaire#77,10,3.8913765950262085e-06,0.2265727587441805,0.9974449152275008,47002,0.0
http://digistrucmed.org/questionnaire#262,10,3.889841498502665e-06,0.2265727587441805,0.9974449152275008,47002,0.0
http://digistrucmed.org/questionnaire#122,10,3.881614622522981e-06,0.2265727587441805,0.9974449152275008,47002,0.0
http://digistrucmed.org/questionnaire#349,10,3.881614622522981e-06,0.2265727587441805,0.9974449152275008,47002,0.0
http://digistrucmed.org/questionnaire#347,10,3.881614622522981e-06,0.2265727587441805,0.9974449152275008,47002,0.0
http://digistrucmed.org/questionnaire#350,10,3.881614622522981e-06,0.2265727587441805,0.9974449152275008,47002,0.0
http://digistrucmed.org/questionnaire#348,10,3.881614622522981e-06,0.2265727587441805,0.9974449152275008,47002,0.0
http://digistrucmed.org/questionnaire#56,10,3.881614622522977e-06,0.2265727587441805,0.9974449152275008,47002,0.0
http://digistrucmed.org/questionnaire#78,10,3.881614622522977e-06,0.2265727587441805,0.9974449152275008,47002,0.0
http://digistrucmed.org/questionnaire#73,10,3.881614622522977e-06,0.2265727587441805,0.9974449152275008,47002,0.0
http://digistrucmed.org/questionnaire#74,10,3.881614622522977e-06,0.2265727587441805,0.9974449152275008,47002,0.0
http://digistrucmed.org/questionnaire#388,12,3.8814271556624655e-06,0.19791449426485924,0.9969665516175237,316,0.0
http://digistrucmed.org/questionnaire#209,12,3.8621710333910475e-06,0.19791449426485924,0.9969665516175237,336,0.0
http://digistrucmed.org/questionnaire#274,12,3.854134400238201e-06,0.19791449426485924,0.9969665516175237,326,0.0
http://digistrucmed.org/questionnaire#221,12,3.836490917365884e-06,0.19791449426485924,0.9969665516175237,316,0.0
http://digistrucmed.org/questionnaire#322,12,3.836376871921139e-06,0.19502671598849158,0.9969105519203952,318,0.0
http://digistrucmed.org/questionnaire#237,12,3.834302539866945e-06,0.19791449426485924,0.9969665516175237,336,0.0
http://digistrucmed.org/questionnaire#115,12,3.808766133082446e-06,0.19791449426485924,0.9969665516175237,304,0.0
http://digistrucmed.org/questionnaire#240,12,3.790791724552663e-06,0.19791449426485924,0.9969665516175237,332,0.0
http://digistrucmed.org/questionnaire#205,12,3.784261960823732e-06,0.19791449426485924,0.9969665516175237,324,0.0
http://digistrucmed.org/questionnaire#30240007,12,3.7739259607388894e-06,0.20745436659744235,0.9971404661698732,528,0.0
http://digistrucmed.org/questionnaire#30190007,12,3.7739259607388894e-06,0.2101649872660835,0.9971870011294586,528,0.0
http://digistrucmed.org/questionnaire#30220007,12,3.7739259607388894e-06,0.20745436659744235,0.9971404661698732,528,0.0
http://digistrucmed.org/questionnaire#30170007,12,3.7739259607388894e-06,0.20082530949105917,0.9970213682224591,528,0.0
http://digistrucmed.org/questionnaire#30200007,12,3.7739259607388894e-06,0.20745436659744235,0.9971404661698732,528,0.0
http://digistrucmed.org/questionnaire#30130008,12,3.7739259607388894e-06,0.21018826135105206,0.9971873954935231,528,0.0
http://digistrucmed.org/questionnaire#30140008,12,3.7739259607388894e-06,0.21018826135105206,0.9971873954935231,528,0.0
http://digistrucmed.org/questionnaire#30120008,12,3.7739259607388894e-06,0.21017662366424894,0.9971871983114907,528,0.0
http://digistrucmed.org/questionnaire#30160007,12,3.7739259607388894e-06,0.20082530949105917,0.9970213682224591,528,0.0
http://digistrucmed.org/questionnaire#30180007,12,3.7739259607388894e-06,0.21619774461783806,0.9972863808736584,528,0.0
http://digistrucmed.org/questionnaire#30150008,12,3.7739259607388894e-06,0.21017662366424894,0.9971871983114907,528,0.0
http://digistrucmed.org/questionnaire#30210007,12,3.7739259607388894e-06,0.20745436659744235,0.9971404661698732,528,0.0
http://digistrucmed.org/questionnaire#30250007,12,3.7739259607388894e-06,0.20745436659744235,0.9971404661698732,528,0.0
http://digistrucmed.org/questionnaire#30230007,12,3.7739259607388894e-06,0.20745436659744235,0.9971404661698732,528,0.0
http://digistrucmed.org/questionnaire#320,12,3.7690631601079957e-06,0.19502671598849158,0.9969105519203952,302,0.0
http://digistrucmed.org/questionnaire#288,12,3.7637476523668365e-06,0.19791449426485924,0.9969665516175237,332,0.0
http://digistrucmed.org/questionnaire#398,12,3.745908197700285e-06,0.19502671598849158,0.9969105519203952,320,0.0
http://digistrucmed.org/questionnaire#343,12,3.719924049389995e-06,0.19502671598849158,0.9969105519203952,288,0.0
http://digistrucmed.org/questionnaire#317,12,3.7184364890351827e-06,0.19502671598849158,0.9969105519203952,302,0.0
http://digistrucmed.org/questionnaire#176,12,3.7184364890351827e-06,0.19502671598849158,0.9969105519203952,302,0.0
http://digistrucmed.org/questionnaire#80,12,3.7163786076561262e-06,0.19502671598849158,0.9969105519203952,318,0.0
http://digistrucmed.org/questionnaire#430,12,3.712012840008528e-06,0.19502671598849158,0.9969105519203952,288,0.0
http://digistrucmed.org/questionnaire#300,12,3.706715079893857e-06,0.19791449426485924,0.9969665516175237,328,0.0
http://digistrucmed.org/questionnaire#420,12,3.7055892912515653e-06,0.18894032153700663,0.996786918786242,270,0.0
http://digistrucmed.org/questionnaire#242,12,3.7055892912515645e-06,0.18894032153700663,0.996786918786242,270,0.0
http://digistrucmed.org/questionnaire#137,12,3.7055892912515645e-06,0.18894032153700663,0.996786918786242,270,0.0
http://digistrucmed.org/questionnaire#353,12,3.7055892912515645e-06,0.18894032153700663,0.996786918786242,270,0.0
http://digistrucmed.org/questionnaire#99,12,3.7055892912515645e-06,0.18894032153700663,0.996786918786242,270,0.0
http://digistrucmed.org/questionnaire#188,12,3.6785621678593496e-06,0.19177528544003233,0.9968454818497883,288,0.0
http://digistrucmed.org/questionnaire#225,12,3.6785621678593496e-06,0.19177528544003233,0.9968454818497883,288,0.0
http://digistrucmed.org/questionnaire#328,10,3.2424852848631184e-06,0.22017284380256366,0.9973488875778475,224,0.0
http://digistrucmed.org/questionnaire#259,10,3.242485284863117e-06,0.22017284380256366,0.9973488875778475,224,0.0
http://digistrucmed.org/questionnaire#185,10,3.242485284863117e-06,0.22017284380256366,0.9973488875778475,224,0.0
http://digistrucmed.org/questionnaire#118,10,3.2424852848631167e-06,0.22017284380256366,0.9973488875778475,224,0.0
http://digistrucmed.org/questionnaire#30090007,11,3.144911323284474e-06,0.21011845455551867,0.9971862124013301,440,0.0
http://digistrucmed.org/questionnaire#30100007,11,3.144911323284474e-06,0.21011845455551867,0.9971862124013301,440,0.0
http://digistrucmed.org/questionnaire#30110007,11,3.144911323284474e-06,0.21011845455551867,0.9971862124013301,440,0.0
http://digistrucmed.org/questionnaire#NoInfo,4,3.070480416446584e-06,0.19535793319952652,0.9969170589274559,194,0.0
http://digistrucmed.org/questionnaire#30060007,10,2.573091555810503e-06,0.21007194244604319,0.9971854236732015,360,0.0
http://digistrucmed.org/questionnaire#30070007,10,2.573091555810503e-06,0.21007194244604319,0.9971854236732015,360,0.0
http://digistrucmed.org/questionnaire#30080007,10,2.573091555810503e-06,0.21007194244604319,0.9971854236732015,360,0.0
http://digistrucmed.org/questionnaire#30040007,9,2.0584629097022008e-06,0.21002545092397917,0.9971846349450729,288,0.0
http://digistrucmed.org/questionnaire#30010006,9,2.0584629097022008e-06,0.20979330164695478,0.9971806913044301,288,0.0
http://digistrucmed.org/questionnaire#30020007,9,2.0584629097022008e-06,0.21002545092397917,0.9971846349450729,288,0.0
http://digistrucmed.org/questionnaire#30030007,9,2.0584629097022008e-06,0.21002545092397917,0.9971846349450729,288,0.0
http://digistrucmed.org/questionnaire#20010907,8,1.976053197018056e-06,0.1773914668909762,0.9965290046881999,224,0.0
http://digistrucmed.org/questionnaire#20010107,8,1.976053197018056e-06,0.1773914668909762,0.9965290046881999,224,0.0
http://digistrucmed.org/questionnaire#20011007,8,1.976053197018056e-06,0.1773914668909762,0.9965290046881999,224,0.0
http://digistrucmed.org/questionnaire#20010207,8,1.976053197018056e-06,0.1773914668909762,0.9965290046881999,224,0.0
http://digistrucmed.org/questionnaire#20010707,8,1.976053197018056e-06,0.1773914668909762,0.9965290046881999,224,0.0
http://digistrucmed.org/questionnaire#20010507,8,1.976053197018056e-06,0.1773914668909762,0.9965290046881999,224,0.0
http://digistrucmed.org/questionnaire#20010307,8,1.976053197018056e-06,0.1773914668909762,0.9965290046881999,224,0.0
http://digistrucmed.org/questionnaire#20010407,8,1.976053197018056e-06,0.1773914668909762,0.9965290046881999,224,0.0
http://digistrucmed.org/questionnaire#20010607,8,1.976053197018056e-06,0.1773914668909762,0.9965290046881999,224,0.0
http://digistrucmed.org/questionnaire#20010807,8,1.976053197018056e-06,0.1773914668909762,0.9965290046881999,224,0.0
http://digistrucmed.org/questionnaire#Preference,3,1.8241915688459557e-06,0.21527817161004933,0.9972715922212477,2594,0.0
http://digistrucmed.org/questionnaire#10100112,4,4.5467734568389726e-07,0.20903083700440528,0.9971676772903088,48,0.0
http://digistrucmed.org/questionnaire#10020112,4,4.5467734568389726e-07,0.20903083700440528,0.9971676772903088,48,0.0
http://digistrucmed.org/questionnaire#10050005,4,4.5467734568389726e-07,0.19581141029608998,0.9969259321189023,48,0.0
http://digistrucmed.org/questionnaire#10040112,4,4.5467734568389726e-07,0.20903083700440528,0.9971676772903088,48,0.0
http://digistrucmed.org/questionnaire#10060112,4,4.5467734568389726e-07,0.21852512808704164,0.9973232539136689,48,0.0
http://digistrucmed.org/questionnaire#10030112,4,4.5467734568389726e-07,0.20903083700440528,0.9971676772903088,48,0.0
http://digistrucmed.org/questionnaire#Format,3,2.0824916596209032e-07,0.17706875641384456,0.9965213145889465,6,0.0
http://digistrucmed.org/questionnaire#Recommendation,1,0.0,0.22235238987816305,0.9973822113412795,0,0.0
http://digistrucmed.org/questionnaire#Frequency,1,0.0,0.22235238987816305,0.9973822113412795,0,0.0
