VisitId,UserId,PlatformId,QuestionnarieId,QuestionId,AnswerId,StartTime,EndTime,Speed,RawResponseValue
48,48,1,SUS,SU01_01,20010107,2025-10-02T00:09:05,2025-10-02T00:09:50,2.56,NO_RECORDED_RESPONSE
48,48,1,SUS,SU01_02,20010207,2025-10-02T00:09:05,2025-10-02T00:09:50,2.56,NO_RECORDED_RESPONSE
48,48,1,SUS,SU01_03,20010307,2025-10-02T00:09:05,2025-10-02T00:09:50,2.56,NO_RECORDED_RESPONSE
48,48,1,SUS,SU01_04,20010407,2025-10-02T00:09:05,2025-10-02T00:09:50,2.56,NO_RECORDED_RESPONSE
48,48,1,SUS,SU01_05,20010507,2025-10-02T00:09:05,2025-10-02T00:09:50,2.56,NO_RECORDED_RESPONSE
48,48,1,SUS,SU01_06,20010607,2025-10-02T00:09:05,2025-10-02T00:09:50,2.56,NO_RECORDED_RESPONSE
48,48,1,SUS,SU01_07,20010707,2025-10-02T00:09:05,2025-10-02T00:09:50,2.56,NO_RECORDED_RESPONSE
48,48,1,SUS,SU01_08,20010807,2025-10-02T00:09:05,2025-10-02T00:09:50,2.56,NO_RECORDED_RESPONSE
48,48,1,SUS,SU01_09,20010907,2025-10-02T00:09:05,2025-10-02T00:09:50,2.56,NO_RECORDED_RESPONSE
48,48,1,SUS,SU01_10,20011007,2025-10-02T00:09:05,2025-10-02T00:09:50,2.56,NO_RECORDED_RESPONSE
50,50,1,uMARS,UM01,30010006,2025-10-02T00:11:25,2025-10-02T00:12:02,0.97,NO_RECORDED_RESPONSE
50,50,1,uMARS,UM02,30020007,2025-10-02T00:11:25,2025-10-02T00:12:02,0.97,NO_RECORDED_RESPONSE
50,50,1,uMARS,UM03,30030007,2025-10-02T00:11:25,2025-10-02T00:12:02,0.97,NO_RECORDED_RESPONSE
50,50,1,uMARS,UM04,30040007,2025-10-02T00:11:25,2025-10-02T00:12:02,0.97,NO_RECORDED_RESPONSE
50,50,1,uMARS,UM06,30060007,2025-10-02T00:11:25,2025-10-02T00:12:02,0.97,NO_RECORDED_RESPONSE
50,50,1,uMARS,UM07,30070007,2025-10-02T00:11:25,2025-10-02T00:12:02,0.97,NO_RECORDED_RESPONSE
50,50,1,uMARS,UM08,30080007,2025-10-02T00:11:25,2025-10-02T00:12:02,0.97,NO_RECORDED_RESPONSE
50,50,1,uMARS,UM09,30090007,2025-10-02T00:11:25,2025-10-02T00:12:02,0.97,NO_RECORDED_RESPONSE
50,50,1,uMARS,UM10,30100007,2025-10-02T00:11:25,2025-10-02T00:12:02,0.97,NO_RECORDED_RESPONSE
50,50,1,uMARS,UM11,30110007,2025-10-02T00:11:25,2025-10-02T00:12:02,0.97,NO_RECORDED_RESPONSE
50,50,1,uMARS,UM12,30120008,2025-10-02T00:11:25,2025-10-02T00:12:02,0.97,NO_RECORDED_RESPONSE
50,50,1,uMARS,UM13,30130008,2025-10-02T00:11:25,2025-10-02T00:12:02,0.97,NO_RECORDED_RESPONSE
50,50,1,uMARS,UM14,30140008,2025-10-02T00:11:25,2025-10-02T00:12:02,0.97,NO_RECORDED_RESPONSE
50,50,1,uMARS,UM15,30150008,2025-10-02T00:11:25,2025-10-02T00:12:02,0.97,NO_RECORDED_RESPONSE
50,50,1,uMARS,UM16,30160007,2025-10-02T00:11:25,2025-10-02T00:12:02,0.97,NO_RECORDED_RESPONSE
50,50,1,uMARS,UM17,30170007,2025-10-02T00:11:25,2025-10-02T00:12:02,0.97,NO_RECORDED_RESPONSE
50,50,1,uMARS,UM18,30180007,2025-10-02T00:11:25,2025-10-02T00:12:02,0.97,NO_RECORDED_RESPONSE
50,50,1,uMARS,UM19,30190007,2025-10-02T00:11:25,2025-10-02T00:12:02,0.97,NO_RECORDED_RESPONSE
50,50,1,uMARS,UM20,30200007,2025-10-02T00:11:25,2025-10-02T00:12:02,0.97,NO_RECORDED_RESPONSE
50,50,1,uMARS,UM21,30210007,2025-10-02T00:11:25,2025-10-02T00:12:02,0.97,NO_RECORDED_RESPONSE
50,50,1,uMARS,UM22,30220007,2025-10-02T00:11:25,2025-10-02T00:12:02,0.97,NO_RECORDED_RESPONSE
50,50,1,uMARS,UM23,30230007,2025-10-02T00:11:25,2025-10-02T00:12:02,0.97,NO_RECORDED_RESPONSE
50,50,1,uMARS,UM24,30240007,2025-10-02T00:11:25,2025-10-02T00:12:02,0.97,NO_RECORDED_RESPONSE
50,50,1,uMARS,UM25,30250007,2025-10-02T00:11:25,2025-10-02T00:12:02,0.97,NO_RECORDED_RESPONSE
52,52,1,ME1,M002_01,10020109,2025-10-02T00:30:05,2025-10-02T00:33:19,0.81,9
52,52,1,ME1,M003_01,10030105,2025-10-02T00:30:05,2025-10-02T00:33:19,0.81,5
52,52,1,ME1,M004_01,10040105,2025-10-02T00:30:05,2025-10-02T00:33:19,0.81,5
52,52,1,ME1,M005,10050002,2025-10-02T00:30:05,2025-10-02T00:33:19,0.81,2
52,52,1,ME1,M006_01,10060105,2025-10-02T00:30:05,2025-10-02T00:33:19,0.81,5
52,52,1,ME1,M007_01,10070101,2025-10-02T00:30:05,2025-10-02T00:33:19,0.81,video
52,52,1,ME1,M008_01,10080101,2025-10-02T00:30:05,2025-10-02T00:33:19,0.81,herzschwäche durch herzmuskelentzündung
52,52,1,ME1,M010_01,10100108,2025-10-02T00:30:05,2025-10-02T00:33:19,0.81,8
53,53,1,ME1,M002_01,10020110,2025-10-08T15:41:00,2025-10-08T15:41:38,3.0,10
53,53,1,ME1,M003_01,10030109,2025-10-08T15:41:00,2025-10-08T15:41:38,3.0,9
53,53,1,ME1,M004_01,10040108,2025-10-08T15:41:00,2025-10-08T15:41:38,3.0,8
53,53,1,ME1,M005,10050002,2025-10-08T15:41:00,2025-10-08T15:41:38,3.0,2
53,53,1,ME1,M006_01,10060109,2025-10-08T15:41:00,2025-10-08T15:41:38,3.0,9
53,53,1,ME1,M007_01,10070102,2025-10-08T15:41:00,2025-10-08T15:41:38,3.0,NO_RECORDED_RESPONSE
53,53,1,ME1,M008_01,10080102,2025-10-08T15:41:00,2025-10-08T15:41:38,3.0,NO_RECORDED_RESPONSE
53,53,1,ME1,M010_01,10100110,2025-10-08T15:41:00,2025-10-08T15:41:38,3.0,10
54,54,1,SUS,SU01_01,20010105,2025-10-08T15:43:45,2025-10-08T15:44:31,2.5,5
54,54,1,SUS,SU01_02,20010204,2025-10-08T15:43:45,2025-10-08T15:44:31,2.5,4
54,54,1,SUS,SU01_03,20010305,2025-10-08T15:43:45,2025-10-08T15:44:31,2.5,5
54,54,1,SUS,SU01_04,20010403,2025-10-08T15:43:45,2025-10-08T15:44:31,2.5,3
54,54,1,SUS,SU01_05,20010504,2025-10-08T15:43:45,2025-10-08T15:44:31,2.5,4
54,54,1,SUS,SU01_06,20010604,2025-10-08T15:43:45,2025-10-08T15:44:31,2.5,4
54,54,1,SUS,SU01_07,20010705,2025-10-08T15:43:45,2025-10-08T15:44:31,2.5,5
54,54,1,SUS,SU01_08,20010804,2025-10-08T15:43:45,2025-10-08T15:44:31,2.5,4
54,54,1,SUS,SU01_09,20010904,2025-10-08T15:43:45,2025-10-08T15:44:31,2.5,4
54,54,1,SUS,SU01_10,20011003,2025-10-08T15:43:45,2025-10-08T15:44:31,2.5,3
55,55,1,uMARS,UM01,30010006,2025-10-08T15:44:36,2025-10-08T15:44:43,3.0,NO_RECORDED_RESPONSE
55,55,1,uMARS,UM02,30020007,2025-10-08T15:44:36,2025-10-08T15:44:43,3.0,NO_RECORDED_RESPONSE
55,55,1,uMARS,UM03,30030007,2025-10-08T15:44:36,2025-10-08T15:44:43,3.0,NO_RECORDED_RESPONSE
55,55,1,uMARS,UM04,30040007,2025-10-08T15:44:36,2025-10-08T15:44:43,3.0,NO_RECORDED_RESPONSE
55,55,1,uMARS,UM06,30060007,2025-10-08T15:44:36,2025-10-08T15:44:43,3.0,NO_RECORDED_RESPONSE
55,55,1,uMARS,UM07,30070007,2025-10-08T15:44:36,2025-10-08T15:44:43,3.0,NO_RECORDED_RESPONSE
55,55,1,uMARS,UM08,30080007,2025-10-08T15:44:36,2025-10-08T15:44:43,3.0,NO_RECORDED_RESPONSE
55,55,1,uMARS,UM09,30090007,2025-10-08T15:44:36,2025-10-08T15:44:43,3.0,NO_RECORDED_RESPONSE
55,55,1,uMARS,UM10,30100007,2025-10-08T15:44:36,2025-10-08T15:44:43,3.0,NO_RECORDED_RESPONSE
55,55,1,uMARS,UM11,30110007,2025-10-08T15:44:36,2025-10-08T15:44:43,3.0,NO_RECORDED_RESPONSE
55,55,1,uMARS,UM12,30120008,2025-10-08T15:44:36,2025-10-08T15:44:43,3.0,NO_RECORDED_RESPONSE
55,55,1,uMARS,UM13,30130008,2025-10-08T15:44:36,2025-10-08T15:44:43,3.0,NO_RECORDED_RESPONSE
55,55,1,uMARS,UM14,30140008,2025-10-08T15:44:36,2025-10-08T15:44:43,3.0,NO_RECORDED_RESPONSE
55,55,1,uMARS,UM15,30150008,2025-10-08T15:44:36,2025-10-08T15:44:43,3.0,NO_RECORDED_RESPONSE
55,55,1,uMARS,UM16,30160007,2025-10-08T15:44:36,2025-10-08T15:44:43,3.0,NO_RECORDED_RESPONSE
55,55,1,uMARS,UM17,30170007,2025-10-08T15:44:36,2025-10-08T15:44:43,3.0,NO_RECORDED_RESPONSE
55,55,1,uMARS,UM18,30180007,2025-10-08T15:44:36,2025-10-08T15:44:43,3.0,NO_RECORDED_RESPONSE
55,55,1,uMARS,UM19,30190007,2025-10-08T15:44:36,2025-10-08T15:44:43,3.0,NO_RECORDED_RESPONSE
55,55,1,uMARS,UM20,30200007,2025-10-08T15:44:36,2025-10-08T15:44:43,3.0,NO_RECORDED_RESPONSE
55,55,1,uMARS,UM21,30210007,2025-10-08T15:44:36,2025-10-08T15:44:43,3.0,NO_RECORDED_RESPONSE
55,55,1,uMARS,UM22,30220007,2025-10-08T15:44:36,2025-10-08T15:44:43,3.0,NO_RECORDED_RESPONSE
55,55,1,uMARS,UM23,30230007,2025-10-08T15:44:36,2025-10-08T15:44:43,3.0,NO_RECORDED_RESPONSE
55,55,1,uMARS,UM24,30240007,2025-10-08T15:44:36,2025-10-08T15:44:43,3.0,NO_RECORDED_RESPONSE
55,55,1,uMARS,UM25,30250007,2025-10-08T15:44:36,2025-10-08T15:44:43,3.0,NO_RECORDED_RESPONSE
56,56,1,ME1,M002_01,10020110,2025-10-17T22:20:12,2025-10-17T22:31:51,0.2,10
56,56,1,ME1,M003_01,10030110,2025-10-17T22:20:12,2025-10-17T22:31:51,0.2,10
56,56,1,ME1,M004_01,10040110,2025-10-17T22:20:12,2025-10-17T22:31:51,0.2,10
56,56,1,ME1,M005,10050001,2025-10-17T22:20:12,2025-10-17T22:31:51,0.2,1
56,56,1,ME1,M006_01,10060110,2025-10-17T22:20:12,2025-10-17T22:31:51,0.2,10
56,56,1,ME1,M007_01,10070101,2025-10-17T22:20:12,2025-10-17T22:31:51,0.2,"Gefallen hat mir die gut verständliche Erläuterungsweise des Textes, den ich bevorzugen würde. Aber auch Video und Quiz können sicherlich für anders geartete Personen hohen Lerneffekt haben."
56,56,1,ME1,M008_01,10080101,2025-10-17T22:20:12,2025-10-17T22:31:51,0.2,"Für Patienten wäre es hilfreich, die Namen der Medikamente und nicht nur die Wirkstoffe zu finden. Bin mir nicht sicher, ob das als unlautere Werbung gelten würde."
56,56,1,ME1,M010_01,10100109,2025-10-17T22:20:12,2025-10-17T22:31:51,0.2,9
57,57,1,ME1,M002_01,10020108,2025-10-20T11:16:54,2025-10-20T11:19:02,1.23,8
57,57,1,ME1,M003_01,10030109,2025-10-20T11:16:54,2025-10-20T11:19:02,1.23,9
57,57,1,ME1,M004_01,10040108,2025-10-20T11:16:54,2025-10-20T11:19:02,1.23,8
57,57,1,ME1,M005,10050001,2025-10-20T11:16:54,2025-10-20T11:19:02,1.23,1
57,57,1,ME1,M006_01,10060108,2025-10-20T11:16:54,2025-10-20T11:19:02,1.23,8
57,57,1,ME1,M007_01,10070101,2025-10-20T11:16:54,2025-10-20T11:19:02,1.23,Grundsätzliches zu erfahren
57,57,1,ME1,M008_01,10080102,2025-10-20T11:16:54,2025-10-20T11:19:02,1.23,NO_RECORDED_RESPONSE
57,57,1,ME1,M010_01,10100107,2025-10-20T11:16:54,2025-10-20T11:19:02,1.23,7
58,58,1,ME1,M002_01,10020108,2025-10-20T11:59:30,2025-10-20T12:01:41,1.05,8
58,58,1,ME1,M003_01,10030107,2025-10-20T11:59:30,2025-10-20T12:01:41,1.05,7
58,58,1,ME1,M004_01,10040107,2025-10-20T11:59:30,2025-10-20T12:01:41,1.05,7
58,58,1,ME1,M005,10050002,2025-10-20T11:59:30,2025-10-20T12:01:41,1.05,2
58,58,1,ME1,M006_01,10060107,2025-10-20T11:59:30,2025-10-20T12:01:41,1.05,7
58,58,1,ME1,M007_01,10070102,2025-10-20T11:59:30,2025-10-20T12:01:41,1.05,NO_RECORDED_RESPONSE
58,58,1,ME1,M008_01,10080101,2025-10-20T11:59:30,2025-10-20T12:01:41,1.05,Die Arzneinamen
58,58,1,ME1,M010_01,10100109,2025-10-20T11:59:30,2025-10-20T12:01:41,1.05,9
59,59,1,ME1,M002_01,10020109,2025-10-20T15:56:06,2025-10-20T15:58:14,1.23,9
59,59,1,ME1,M003_01,10030108,2025-10-20T15:56:06,2025-10-20T15:58:14,1.23,8
59,59,1,ME1,M004_01,10040108,2025-10-20T15:56:06,2025-10-20T15:58:14,1.23,8
59,59,1,ME1,M005,10050001,2025-10-20T15:56:06,2025-10-20T15:58:14,1.23,1
59,59,1,ME1,M006_01,10060109,2025-10-20T15:56:06,2025-10-20T15:58:14,1.23,9
59,59,1,ME1,M007_01,10070101,2025-10-20T15:56:06,2025-10-20T15:58:14,1.23,Die detalierte beschreibung der einzelnen Geräte
59,59,1,ME1,M008_01,10080102,2025-10-20T15:56:06,2025-10-20T15:58:14,1.23,NO_RECORDED_RESPONSE
59,59,1,ME1,M010_01,10100109,2025-10-20T15:56:06,2025-10-20T15:58:14,1.23,9
60,60,1,ME1,M002_01,10020102,2025-10-22T13:10:52,2025-10-22T13:16:34,0.46,2
60,60,1,ME1,M003_01,10030102,2025-10-22T13:10:52,2025-10-22T13:16:34,0.46,2
60,60,1,ME1,M004_01,10040102,2025-10-22T13:10:52,2025-10-22T13:16:34,0.46,2
60,60,1,ME1,M005,10050002,2025-10-22T13:10:52,2025-10-22T13:16:34,0.46,2
60,60,1,ME1,M006_01,10060105,2025-10-22T13:10:52,2025-10-22T13:16:34,0.46,5
60,60,1,ME1,M007_01,10070101,2025-10-22T13:10:52,2025-10-22T13:16:34,0.46,Keine meiner Probleme hat gepasst !Eine automatische Berichtigung wäre hilfreich
60,60,1,ME1,M008_01,10080101,2025-10-22T13:10:52,2025-10-22T13:16:34,0.46,Ich muss es erstmal verstehen lernen !
60,60,1,ME1,M010_01,10100102,2025-10-22T13:10:52,2025-10-22T13:16:34,0.46,2
63,63,1,ME1,M002_01,10020110,2025-10-22T13:41:41,2025-10-22T13:43:20,1.39,10
63,63,1,ME1,M003_01,10030110,2025-10-22T13:41:41,2025-10-22T13:43:20,1.39,10
63,63,1,ME1,M004_01,10040110,2025-10-22T13:41:41,2025-10-22T13:43:20,1.39,10
63,63,1,ME1,M005,10050003,2025-10-22T13:41:41,2025-10-22T13:43:20,1.39,3
63,63,1,ME1,M006_01,10060109,2025-10-22T13:41:41,2025-10-22T13:43:20,1.39,9
63,63,1,ME1,M007_01,10070102,2025-10-22T13:41:41,2025-10-22T13:43:20,1.39,NO_RECORDED_RESPONSE
63,63,1,ME1,M008_01,10080102,2025-10-22T13:41:41,2025-10-22T13:43:20,1.39,NO_RECORDED_RESPONSE
63,63,1,ME1,M010_01,10100110,2025-10-22T13:41:41,2025-10-22T13:43:20,1.39,10
66,66,1,ME1,M002_01,10020109,2025-10-22T14:05:27,2025-10-22T14:10:18,0.54,9
66,66,1,ME1,M003_01,10030109,2025-10-22T14:05:27,2025-10-22T14:10:18,0.54,9
66,66,1,ME1,M004_01,10040109,2025-10-22T14:05:27,2025-10-22T14:10:18,0.54,9
66,66,1,ME1,M005,10050002,2025-10-22T14:05:27,2025-10-22T14:10:18,0.54,2
66,66,1,ME1,M006_01,10060109,2025-10-22T14:05:27,2025-10-22T14:10:18,0.54,9
66,66,1,ME1,M007_01,10070101,2025-10-22T14:05:27,2025-10-22T14:10:18,0.54,Das Video hat verständlich aufgzeigt woher die Krankheitsymptome kommen.
66,66,1,ME1,M008_01,10080102,2025-10-22T14:05:27,2025-10-22T14:10:18,0.54,NO_RECORDED_RESPONSE
66,66,1,ME1,M010_01,10100109,2025-10-22T14:05:27,2025-10-22T14:10:18,0.54,9
67,67,1,ME1,M002_01,10020109,2025-10-22T14:43:43,2025-10-22T14:45:25,1.35,9
67,67,1,ME1,M003_01,10030109,2025-10-22T14:43:43,2025-10-22T14:45:25,1.35,9
67,67,1,ME1,M004_01,10040108,2025-10-22T14:43:43,2025-10-22T14:45:25,1.35,8
67,67,1,ME1,M005,10050003,2025-10-22T14:43:43,2025-10-22T14:45:25,1.35,3
67,67,1,ME1,M006_01,10060109,2025-10-22T14:43:43,2025-10-22T14:45:25,1.35,9
67,67,1,ME1,M007_01,10070102,2025-10-22T14:43:43,2025-10-22T14:45:25,1.35,NO_RECORDED_RESPONSE
67,67,1,ME1,M008_01,10080102,2025-10-22T14:43:43,2025-10-22T14:45:25,1.35,NO_RECORDED_RESPONSE
67,67,1,ME1,M010_01,10100109,2025-10-22T14:43:43,2025-10-22T14:45:25,1.35,9
68,68,1,ME1,M002_01,10020109,2025-10-23T11:18:59,2025-10-23T11:20:27,1.14,9
68,68,1,ME1,M003_01,10030108,2025-10-23T11:18:59,2025-10-23T11:20:27,1.14,8
68,68,1,ME1,M004_01,10040108,2025-10-23T11:18:59,2025-10-23T11:20:27,1.14,8
68,68,1,ME1,M005,10050001,2025-10-23T11:18:59,2025-10-23T11:20:27,1.14,1
68,68,1,ME1,M006_01,10060109,2025-10-23T11:18:59,2025-10-23T11:20:27,1.14,9
68,68,1,ME1,M007_01,10070102,2025-10-23T11:18:59,2025-10-23T11:20:27,1.14,NO_RECORDED_RESPONSE
68,68,1,ME1,M008_01,10080102,2025-10-23T11:18:59,2025-10-23T11:20:27,1.14,NO_RECORDED_RESPONSE
68,68,1,ME1,M010_01,10100109,2025-10-23T11:18:59,2025-10-23T11:20:27,1.14,9
69,69,1,ME1,M002_01,10020109,2025-10-23T11:51:30,2025-10-23T11:52:35,1.94,9
69,69,1,ME1,M003_01,10030109,2025-10-23T11:51:30,2025-10-23T11:52:35,1.94,9
69,69,1,ME1,M004_01,10040108,2025-10-23T11:51:30,2025-10-23T11:52:35,1.94,8
69,69,1,ME1,M005,10050002,2025-10-23T11:51:30,2025-10-23T11:52:35,1.94,2
69,69,1,ME1,M006_01,10060109,2025-10-23T11:51:30,2025-10-23T11:52:35,1.94,9
69,69,1,ME1,M007_01,10070102,2025-10-23T11:51:30,2025-10-23T11:52:35,1.94,NO_RECORDED_RESPONSE
69,69,1,ME1,M008_01,10080102,2025-10-23T11:51:30,2025-10-23T11:52:35,1.94,NO_RECORDED_RESPONSE
69,69,1,ME1,M010_01,10100109,2025-10-23T11:51:30,2025-10-23T11:52:35,1.94,9
70,70,1,ME1,M002_01,10020110,2025-10-23T22:09:32,2025-10-23T22:19:47,0.26,10
70,70,1,ME1,M003_01,10030110,2025-10-23T22:09:32,2025-10-23T22:19:47,0.26,10
70,70,1,ME1,M004_01,10040109,2025-10-23T22:09:32,2025-10-23T22:19:47,0.26,9
70,70,1,ME1,M005,10050001,2025-10-23T22:09:32,2025-10-23T22:19:47,0.26,1
70,70,1,ME1,M006_01,10060106,2025-10-23T22:09:32,2025-10-23T22:19:47,0.26,6
70,70,1,ME1,M007_01,10070101,2025-10-23T22:09:32,2025-10-23T22:19:47,0.26,"Ich arbeite gern mit/an Texten und bevorzuge deshallb die die Wissensvermittlung mit Texten. Auch das Video gefiel mir gut. Mit dem Quiz bin ich nicht klargekommen und weiß nicht, was ich falsch beantwortet habe - das sollte aber stets in einem Modul richtig gestellt werden."
70,70,1,ME1,M008_01,10080101,2025-10-23T22:09:32,2025-10-23T22:19:47,0.26,"Richtige Antworten im Quiz für den Bearbeiter angeben, sonst fehlt der Lernerfolg!"
70,70,1,ME1,M010_01,10100108,2025-10-23T22:09:32,2025-10-23T22:19:47,0.26,8
72,72,1,ME1,M002_01,10020110,2025-10-25T14:01:17,2025-10-25T14:03:54,1.0,10
72,72,1,ME1,M003_01,10030110,2025-10-25T14:01:17,2025-10-25T14:03:54,1.0,10
72,72,1,ME1,M004_01,10040110,2025-10-25T14:01:17,2025-10-25T14:03:54,1.0,10
72,72,1,ME1,M005,10050001,2025-10-25T14:01:17,2025-10-25T14:03:54,1.0,1
72,72,1,ME1,M006_01,10060110,2025-10-25T14:01:17,2025-10-25T14:03:54,1.0,10
72,72,1,ME1,M007_01,10070101,2025-10-25T14:01:17,2025-10-25T14:03:54,1.0,Die einfache Erklärung und die abschließenden Video.
72,72,1,ME1,M008_01,10080102,2025-10-25T14:01:17,2025-10-25T14:03:54,1.0,NO_RECORDED_RESPONSE
72,72,1,ME1,M010_01,10100108,2025-10-25T14:01:17,2025-10-25T14:03:54,1.0,8
73,73,1,ME1,M002_01,10020110,2025-10-27T15:26:00,2025-10-27T15:31:02,0.52,10
73,73,1,ME1,M003_01,10030110,2025-10-27T15:26:00,2025-10-27T15:31:02,0.52,10
73,73,1,ME1,M004_01,10040110,2025-10-27T15:26:00,2025-10-27T15:31:02,0.52,10
73,73,1,ME1,M005,10050001,2025-10-27T15:26:00,2025-10-27T15:31:02,0.52,1
73,73,1,ME1,M006_01,10060110,2025-10-27T15:26:00,2025-10-27T15:31:02,0.52,10
73,73,1,ME1,M007_01,10070101,2025-10-27T15:26:00,2025-10-27T15:31:02,0.52,"Sehr verständliche und umfassende Darstellung der D-Typen, der Implantation und evtl. auftretender Komplikationen. Perfekt!"
73,73,1,ME1,M008_01,10080101,2025-10-27T15:26:00,2025-10-27T15:31:02,0.52,Keine zusätzlichen Wünsche.
73,73,1,ME1,M010_01,10100109,2025-10-27T15:26:00,2025-10-27T15:31:02,0.52,9
74,74,1,ME1,M002_01,10020110,2025-10-27T15:34:18,2025-10-27T15:37:52,0.73,10
74,74,1,ME1,M003_01,10030110,2025-10-27T15:34:18,2025-10-27T15:37:52,0.73,10
74,74,1,ME1,M004_01,10040110,2025-10-27T15:34:18,2025-10-27T15:37:52,0.73,10
74,74,1,ME1,M005,10050001,2025-10-27T15:34:18,2025-10-27T15:37:52,0.73,1
74,74,1,ME1,M006_01,10060110,2025-10-27T15:34:18,2025-10-27T15:37:52,0.73,10
74,74,1,ME1,M007_01,10070101,2025-10-27T15:34:18,2025-10-27T15:37:52,0.73,Gut fand ich die verständliche und trotzdem kurz gefasste Darstellung.
74,74,1,ME1,M008_01,10080101,2025-10-27T15:34:18,2025-10-27T15:37:52,0.73,"Ist für mich so völlig in Ordnung, danke."
74,74,1,ME1,M010_01,10100109,2025-10-27T15:34:18,2025-10-27T15:37:52,0.73,9
76,76,1,ME1,M002_01,10020109,2025-10-27T16:05:48,2025-10-27T16:07:12,1.19,9
76,76,1,ME1,M003_01,10030109,2025-10-27T16:05:48,2025-10-27T16:07:12,1.19,9
76,76,1,ME1,M004_01,10040110,2025-10-27T16:05:48,2025-10-27T16:07:12,1.19,10
76,76,1,ME1,M005,10050002,2025-10-27T16:05:48,2025-10-27T16:07:12,1.19,2
76,76,1,ME1,M006_01,10060109,2025-10-27T16:05:48,2025-10-27T16:07:12,1.19,9
76,76,1,ME1,M007_01,10070102,2025-10-27T16:05:48,2025-10-27T16:07:12,1.19,NO_RECORDED_RESPONSE
76,76,1,ME1,M008_01,10080102,2025-10-27T16:05:48,2025-10-27T16:07:12,1.19,NO_RECORDED_RESPONSE
76,76,1,ME1,M010_01,10100110,2025-10-27T16:05:48,2025-10-27T16:07:12,1.19,10
77,77,1,ME1,M002_01,10020110,2025-10-27T16:20:44,2025-10-27T16:26:20,0.3,10
77,77,1,ME1,M003_01,10030110,2025-10-27T16:20:44,2025-10-27T16:26:20,0.3,10
77,77,1,ME1,M004_01,10040110,2025-10-27T16:20:44,2025-10-27T16:26:20,0.3,10
77,77,1,ME1,M005,10050001,2025-10-27T16:20:44,2025-10-27T16:26:20,0.3,1
77,77,1,ME1,M006_01,10060109,2025-10-27T16:20:44,2025-10-27T16:26:20,0.3,9
77,77,1,ME1,M007_01,10070101,2025-10-27T16:20:44,2025-10-27T16:26:20,0.3,"Mir hat alles gut gefallen, da gut verständlich und prägnant dargestellt."
77,77,1,ME1,M008_01,10080101,2025-10-27T16:20:44,2025-10-27T16:26:20,0.3,Die Frage im Ernährungsquiz mit den % Anteilen war für mich ziemlich unübersichtlich. Besser fände ich einzelne Absätze für die jeweiligen %-Anteile.
77,77,1,ME1,M010_01,10100109,2025-10-27T16:20:44,2025-10-27T16:26:20,0.3,9
78,78,1,ME1,M002_01,10020110,2025-10-27T16:51:47,2025-10-27T16:54:51,0.54,10
78,78,1,ME1,M003_01,10030110,2025-10-27T16:51:47,2025-10-27T16:54:51,0.54,10
78,78,1,ME1,M004_01,10040110,2025-10-27T16:51:47,2025-10-27T16:54:51,0.54,10
78,78,1,ME1,M005,10050001,2025-10-27T16:51:47,2025-10-27T16:54:51,0.54,1
78,78,1,ME1,M006_01,10060110,2025-10-27T16:51:47,2025-10-27T16:54:51,0.54,10
78,78,1,ME1,M007_01,10070101,2025-10-27T16:51:47,2025-10-27T16:54:51,0.54,"Hat mir alles gu gefallen, da verständlich, kurz und kompakt vermittelt."
78,78,1,ME1,M008_01,10080101,2025-10-27T16:51:47,2025-10-27T16:54:51,0.54,War m.E. alles erfasst.
78,78,1,ME1,M010_01,10100109,2025-10-27T16:51:47,2025-10-27T16:54:51,0.54,9
79,79,1,ME1,M002_01,10020110,2025-10-27T17:17:33,2025-10-27T17:21:05,0.59,10
79,79,1,ME1,M003_01,10030110,2025-10-27T17:17:33,2025-10-27T17:21:05,0.59,10
79,79,1,ME1,M004_01,10040110,2025-10-27T17:17:33,2025-10-27T17:21:05,0.59,10
79,79,1,ME1,M005,10050002,2025-10-27T17:17:33,2025-10-27T17:21:05,0.59,2
79,79,1,ME1,M006_01,10060110,2025-10-27T17:17:33,2025-10-27T17:21:05,0.59,10
79,79,1,ME1,M007_01,10070101,2025-10-27T17:17:33,2025-10-27T17:21:05,0.59,"Gefallen hat mir besonders das Video, da ich noch nicht viel über das Verhalten bei Notfällen, z.B. über den Einsatz eines externen ICD wusste."
79,79,1,ME1,M008_01,10080101,2025-10-27T17:17:33,2025-10-27T17:21:05,0.59,Da fällt mir nichts ein.
79,79,1,ME1,M010_01,10100110,2025-10-27T17:17:33,2025-10-27T17:21:05,0.59,10
80,80,1,SUS,SU01_01,20010104,2025-10-27T17:21:32,2025-10-27T17:24:24,0.67,4
80,80,1,SUS,SU01_02,20010205,2025-10-27T17:21:32,2025-10-27T17:24:24,0.67,5
80,80,1,SUS,SU01_03,20010305,2025-10-27T17:21:32,2025-10-27T17:24:24,0.67,5
80,80,1,SUS,SU01_04,20010405,2025-10-27T17:21:32,2025-10-27T17:24:24,0.67,5
80,80,1,SUS,SU01_05,20010504,2025-10-27T17:21:32,2025-10-27T17:24:24,0.67,4
80,80,1,SUS,SU01_06,20010604,2025-10-27T17:21:32,2025-10-27T17:24:24,0.67,4
80,80,1,SUS,SU01_07,20010704,2025-10-27T17:21:32,2025-10-27T17:24:24,0.67,4
80,80,1,SUS,SU01_08,20010805,2025-10-27T17:21:32,2025-10-27T17:24:24,0.67,5
80,80,1,SUS,SU01_09,20010905,2025-10-27T17:21:32,2025-10-27T17:24:24,0.67,5
80,80,1,SUS,SU01_10,20011005,2025-10-27T17:21:32,2025-10-27T17:24:24,0.67,5
81,81,1,uMARS,UM01,30010003,2025-10-27T17:24:40,2025-10-27T17:40:25,0.58,4
81,81,1,uMARS,UM02,30020005,2025-10-27T17:24:40,2025-10-27T17:40:25,0.58,5
81,81,1,uMARS,UM03,30030003,2025-10-27T17:24:40,2025-10-27T17:40:25,0.58,3
81,81,1,uMARS,UM04,30040005,2025-10-27T17:24:40,2025-10-27T17:40:25,0.58,5
81,81,1,uMARS,UM06,30060004,2025-10-27T17:24:40,2025-10-27T17:40:25,0.58,4
81,81,1,uMARS,UM07,30070004,2025-10-27T17:24:40,2025-10-27T17:40:25,0.58,4
81,81,1,uMARS,UM08,30080004,2025-10-27T17:24:40,2025-10-27T17:40:25,0.58,4
81,81,1,uMARS,UM09,30090003,2025-10-27T17:24:40,2025-10-27T17:40:25,0.58,3
81,81,1,uMARS,UM10,30100003,2025-10-27T17:24:40,2025-10-27T17:40:25,0.58,3
81,81,1,uMARS,UM11,30110004,2025-10-27T17:24:40,2025-10-27T17:40:25,0.58,4
81,81,1,uMARS,UM12,30120006,2025-10-27T17:24:40,2025-10-27T17:40:25,0.58,5
81,81,1,uMARS,UM13,30130006,2025-10-27T17:24:40,2025-10-27T17:40:25,0.58,5
81,81,1,uMARS,UM14,30140005,2025-10-27T17:24:40,2025-10-27T17:40:25,0.58,4
81,81,1,uMARS,UM15,30150006,2025-10-27T17:24:40,2025-10-27T17:40:25,0.58,5
81,81,1,uMARS,UM16,30160004,2025-10-27T17:24:40,2025-10-27T17:40:25,0.58,4
81,81,1,uMARS,UM17,30170003,2025-10-27T17:24:40,2025-10-27T17:40:25,0.58,3
81,81,1,uMARS,UM18,30180003,2025-10-27T17:24:40,2025-10-27T17:40:25,0.58,3
81,81,1,uMARS,UM19,30190004,2025-10-27T17:24:40,2025-10-27T17:40:25,0.58,4
81,81,1,uMARS,UM20,30200005,2025-10-27T17:24:40,2025-10-27T17:40:25,0.58,5
81,81,1,uMARS,UM21,30210005,2025-10-27T17:24:40,2025-10-27T17:40:25,0.58,5
81,81,1,uMARS,UM22,30220005,2025-10-27T17:24:40,2025-10-27T17:40:25,0.58,5
81,81,1,uMARS,UM23,30230004,2025-10-27T17:24:40,2025-10-27T17:40:25,0.58,4
81,81,1,uMARS,UM24,30240003,2025-10-27T17:24:40,2025-10-27T17:40:25,0.58,3
81,81,1,uMARS,UM25,30250005,2025-10-27T17:24:40,2025-10-27T17:40:25,0.58,5
82,82,1,ME1,M002_01,10020110,2025-10-28T11:12:09,2025-10-28T11:15:11,0.87,10
82,82,1,ME1,M003_01,10030109,2025-10-28T11:12:09,2025-10-28T11:15:11,0.87,9
82,82,1,ME1,M004_01,10040109,2025-10-28T11:12:09,2025-10-28T11:15:11,0.87,9
82,82,1,ME1,M005,10050002,2025-10-28T11:12:09,2025-10-28T11:15:11,0.87,2
82,82,1,ME1,M006_01,10060109,2025-10-28T11:12:09,2025-10-28T11:15:11,0.87,9
82,82,1,ME1,M007_01,10070101,2025-10-28T11:12:09,2025-10-28T11:15:11,0.87,Die Erklärungen waren gut und man konnte alles nachvollziehen.
82,82,1,ME1,M008_01,10080102,2025-10-28T11:12:09,2025-10-28T11:15:11,0.87,NO_RECORDED_RESPONSE
82,82,1,ME1,M010_01,10100109,2025-10-28T11:12:09,2025-10-28T11:15:11,0.87,9
83,83,1,ME1,M002_01,10020109,2025-10-28T12:08:10,2025-10-28T12:09:52,1.0,9
83,83,1,ME1,M003_01,10030110,2025-10-28T12:08:10,2025-10-28T12:09:52,1.0,10
83,83,1,ME1,M004_01,10040106,2025-10-28T12:08:10,2025-10-28T12:09:52,1.0,6
83,83,1,ME1,M005,10050003,2025-10-28T12:08:10,2025-10-28T12:09:52,1.0,3
83,83,1,ME1,M006_01,10060108,2025-10-28T12:08:10,2025-10-28T12:09:52,1.0,8
83,83,1,ME1,M007_01,10070102,2025-10-28T12:08:10,2025-10-28T12:09:52,1.0,NO_RECORDED_RESPONSE
83,83,1,ME1,M008_01,10080102,2025-10-28T12:08:10,2025-10-28T12:09:52,1.0,NO_RECORDED_RESPONSE
83,83,1,ME1,M010_01,10100109,2025-10-28T12:08:10,2025-10-28T12:09:52,1.0,9
84,84,1,ME1,M002_01,10020102,2025-10-28T12:24:27,2025-10-28T12:30:45,0.42,2
84,84,1,ME1,M003_01,10030102,2025-10-28T12:24:27,2025-10-28T12:30:45,0.42,2
84,84,1,ME1,M004_01,10040102,2025-10-28T12:24:27,2025-10-28T12:30:45,0.42,2
84,84,1,ME1,M005,10050002,2025-10-28T12:24:27,2025-10-28T12:30:45,0.42,2
84,84,1,ME1,M006_01,10060107,2025-10-28T12:24:27,2025-10-28T12:30:45,0.42,7
84,84,1,ME1,M007_01,10070101,2025-10-28T12:24:27,2025-10-28T12:30:45,0.42,entspricht nicht meinen Erfahrungen
84,84,1,ME1,M008_01,10080101,2025-10-28T12:24:27,2025-10-28T12:30:45,0.42,"bei falscher Antwort, eine Richtigstellung"
84,84,1,ME1,M010_01,10100107,2025-10-28T12:24:27,2025-10-28T12:30:45,0.42,7
86,86,1,ME1,M002_01,10020110,2025-10-28T12:47:20,2025-10-28T12:49:28,0.79,10
86,86,1,ME1,M003_01,10030109,2025-10-28T12:47:20,2025-10-28T12:49:28,0.79,9
86,86,1,ME1,M004_01,10040109,2025-10-28T12:47:20,2025-10-28T12:49:28,0.79,9
86,86,1,ME1,M005,10050002,2025-10-28T12:47:20,2025-10-28T12:49:28,0.79,2
86,86,1,ME1,M006_01,10060108,2025-10-28T12:47:20,2025-10-28T12:49:28,0.79,8
86,86,1,ME1,M007_01,10070102,2025-10-28T12:47:20,2025-10-28T12:49:28,0.79,NO_RECORDED_RESPONSE
86,86,1,ME1,M008_01,10080102,2025-10-28T12:47:20,2025-10-28T12:49:28,0.79,NO_RECORDED_RESPONSE
86,86,1,ME1,M010_01,10100109,2025-10-28T12:47:20,2025-10-28T12:49:28,0.79,9
87,87,1,ME1,M002_01,10020110,2025-10-29T14:04:49,2025-10-29T14:07:20,0.83,10
87,87,1,ME1,M003_01,10030109,2025-10-29T14:04:49,2025-10-29T14:07:20,0.83,9
87,87,1,ME1,M004_01,10040108,2025-10-29T14:04:49,2025-10-29T14:07:20,0.83,8
87,87,1,ME1,M005,10050003,2025-10-29T14:04:49,2025-10-29T14:07:20,0.83,3
87,87,1,ME1,M006_01,10060109,2025-10-29T14:04:49,2025-10-29T14:07:20,0.83,9
87,87,1,ME1,M007_01,10070101,2025-10-29T14:04:49,2025-10-29T14:07:20,0.83,"Es waren ausführliche und gute Erklärungen, die für mich als betroffene Person sehr hilfreich waren."
87,87,1,ME1,M008_01,10080102,2025-10-29T14:04:49,2025-10-29T14:07:20,0.83,NO_RECORDED_RESPONSE
87,87,1,ME1,M010_01,10100109,2025-10-29T14:04:49,2025-10-29T14:07:20,0.83,9
88,88,1,ME1,M002_01,10020109,2025-10-29T14:33:21,2025-10-29T14:35:35,0.94,9
88,88,1,ME1,M003_01,10030110,2025-10-29T14:33:21,2025-10-29T14:35:35,0.94,10
88,88,1,ME1,M004_01,10040108,2025-10-29T14:33:21,2025-10-29T14:35:35,0.94,8
88,88,1,ME1,M005,10050003,2025-10-29T14:33:21,2025-10-29T14:35:35,0.94,3
88,88,1,ME1,M006_01,10060108,2025-10-29T14:33:21,2025-10-29T14:35:35,0.94,8
88,88,1,ME1,M007_01,10070101,2025-10-29T14:33:21,2025-10-29T14:35:35,0.94,Das Video hat gute und verständliche Erklärungen gegeben.
88,88,1,ME1,M008_01,10080102,2025-10-29T14:33:21,2025-10-29T14:35:35,0.94,NO_RECORDED_RESPONSE
88,88,1,ME1,M010_01,10100109,2025-10-29T14:33:21,2025-10-29T14:35:35,0.94,9
89,89,1,ME1,M002_01,10020110,2025-10-31T13:22:29,2025-10-31T13:23:52,1.89,10
89,89,1,ME1,M003_01,10030110,2025-10-31T13:22:29,2025-10-31T13:23:52,1.89,10
89,89,1,ME1,M004_01,10040110,2025-10-31T13:22:29,2025-10-31T13:23:52,1.89,10
89,89,1,ME1,M005,10050001,2025-10-31T13:22:29,2025-10-31T13:23:52,1.89,1
89,89,1,ME1,M006_01,10060110,2025-10-31T13:22:29,2025-10-31T13:23:52,1.89,10
89,89,1,ME1,M007_01,10070102,2025-10-31T13:22:29,2025-10-31T13:23:52,1.89,NO_RECORDED_RESPONSE
89,89,1,ME1,M008_01,10080102,2025-10-31T13:22:29,2025-10-31T13:23:52,1.89,NO_RECORDED_RESPONSE
89,89,1,ME1,M010_01,10100110,2025-10-31T13:22:29,2025-10-31T13:23:52,1.89,10
90,90,1,ME1,M002_01,10020110,2025-11-02T13:20:08,2025-11-02T13:22:47,0.86,10
90,90,1,ME1,M003_01,10030109,2025-11-02T13:20:08,2025-11-02T13:22:47,0.86,9
90,90,1,ME1,M004_01,10040109,2025-11-02T13:20:08,2025-11-02T13:22:47,0.86,9
90,90,1,ME1,M005,10050002,2025-11-02T13:20:08,2025-11-02T13:22:47,0.86,2
90,90,1,ME1,M006_01,10060110,2025-11-02T13:20:08,2025-11-02T13:22:47,0.86,10
90,90,1,ME1,M007_01,10070101,2025-11-02T13:20:08,2025-11-02T13:22:47,0.86,Die ausführliche Erklärung der Vier Medikamenten
90,90,1,ME1,M008_01,10080101,2025-11-02T13:20:08,2025-11-02T13:22:47,0.86,Nichts es war alles sehr gut erklärt
90,90,1,ME1,M010_01,10100110,2025-11-02T13:20:08,2025-11-02T13:22:47,0.86,10
91,91,1,ME1,M002_01,10020108,2025-11-02T14:00:16,2025-11-02T14:03:50,0.74,8
91,91,1,ME1,M003_01,10030110,2025-11-02T14:00:16,2025-11-02T14:03:50,0.74,10
91,91,1,ME1,M004_01,10040106,2025-11-02T14:00:16,2025-11-02T14:03:50,0.74,6
91,91,1,ME1,M005,10050002,2025-11-02T14:00:16,2025-11-02T14:03:50,0.74,2
91,91,1,ME1,M006_01,10060107,2025-11-02T14:00:16,2025-11-02T14:03:50,0.74,7
91,91,1,ME1,M007_01,10070101,2025-11-02T14:00:16,2025-11-02T14:03:50,0.74,Die Video Erklärung war gut und die unterschiedliche Beschreibung der Geräten.
91,91,1,ME1,M008_01,10080101,2025-11-02T14:00:16,2025-11-02T14:03:50,0.74,War für mich viel Text übner die verschiedenen Geräte. Vielliech wäre es besser über Video die Information to geben
91,91,1,ME1,M010_01,10100109,2025-11-02T14:00:16,2025-11-02T14:03:50,0.74,9
92,92,1,ME1,M002_01,10020107,2025-11-02T17:00:26,2025-11-02T17:03:06,0.86,7
92,92,1,ME1,M003_01,10030108,2025-11-02T17:00:26,2025-11-02T17:03:06,0.86,8
92,92,1,ME1,M004_01,10040109,2025-11-02T17:00:26,2025-11-02T17:03:06,0.86,9
92,92,1,ME1,M005,10050002,2025-11-02T17:00:26,2025-11-02T17:03:06,0.86,2
92,92,1,ME1,M006_01,10060106,2025-11-02T17:00:26,2025-11-02T17:03:06,0.86,6
92,92,1,ME1,M007_01,10070101,2025-11-02T17:00:26,2025-11-02T17:03:06,0.86,Die einfache Darstellung der Wirkung der einzelnen Gruppen und die möglichen Nebenwirkungen
92,92,1,ME1,M008_01,10080102,2025-11-02T17:00:26,2025-11-02T17:03:06,0.86,NO_RECORDED_RESPONSE
92,92,1,ME1,M010_01,10100108,2025-11-02T17:00:26,2025-11-02T17:03:06,0.86,8
93,93,1,ME1,M002_01,10020110,2025-11-03T11:48:11,2025-11-03T11:50:10,1.33,10
93,93,1,ME1,M003_01,10030110,2025-11-03T11:48:11,2025-11-03T11:50:10,1.33,10
93,93,1,ME1,M004_01,10040110,2025-11-03T11:48:11,2025-11-03T11:50:10,1.33,10
93,93,1,ME1,M005,10050001,2025-11-03T11:48:11,2025-11-03T11:50:10,1.33,1
93,93,1,ME1,M006_01,10060110,2025-11-03T11:48:11,2025-11-03T11:50:10,1.33,10
93,93,1,ME1,M007_01,10070101,2025-11-03T11:48:11,2025-11-03T11:50:10,1.33,Gut Verständlich
93,93,1,ME1,M008_01,10080102,2025-11-03T11:48:11,2025-11-03T11:50:10,1.33,NO_RECORDED_RESPONSE
93,93,1,ME1,M010_01,10100110,2025-11-03T11:48:11,2025-11-03T11:50:10,1.33,10
94,94,1,ME1,M002_01,10020110,2025-11-03T13:12:11,2025-11-03T13:13:23,1.91,10
94,94,1,ME1,M003_01,10030110,2025-11-03T13:12:11,2025-11-03T13:13:23,1.91,10
94,94,1,ME1,M004_01,10040110,2025-11-03T13:12:11,2025-11-03T13:13:23,1.91,10
94,94,1,ME1,M005,10050001,2025-11-03T13:12:11,2025-11-03T13:13:23,1.91,1
94,94,1,ME1,M006_01,10060110,2025-11-03T13:12:11,2025-11-03T13:13:23,1.91,10
94,94,1,ME1,M007_01,10070102,2025-11-03T13:12:11,2025-11-03T13:13:23,1.91,NO_RECORDED_RESPONSE
94,94,1,ME1,M008_01,10080102,2025-11-03T13:12:11,2025-11-03T13:13:23,1.91,NO_RECORDED_RESPONSE
94,94,1,ME1,M010_01,10100108,2025-11-03T13:12:11,2025-11-03T13:13:23,1.91,8
95,95,1,ME1,M002_01,10020110,2025-11-03T13:40:29,2025-11-03T13:41:31,2.55,10
95,95,1,ME1,M003_01,10030110,2025-11-03T13:40:29,2025-11-03T13:41:31,2.55,10
95,95,1,ME1,M004_01,10040110,2025-11-03T13:40:29,2025-11-03T13:41:31,2.55,10
95,95,1,ME1,M005,10050001,2025-11-03T13:40:29,2025-11-03T13:41:31,2.55,1
95,95,1,ME1,M006_01,10060110,2025-11-03T13:40:29,2025-11-03T13:41:31,2.55,10
95,95,1,ME1,M007_01,10070102,2025-11-03T13:40:29,2025-11-03T13:41:31,2.55,NO_RECORDED_RESPONSE
95,95,1,ME1,M008_01,10080102,2025-11-03T13:40:29,2025-11-03T13:41:31,2.55,NO_RECORDED_RESPONSE
95,95,1,ME1,M010_01,10100110,2025-11-03T13:40:29,2025-11-03T13:41:31,2.55,10
96,96,1,ME1,M002_01,10020110,2025-11-03T14:06:01,2025-11-03T14:06:52,2.0,10
96,96,1,ME1,M003_01,10030110,2025-11-03T14:06:01,2025-11-03T14:06:52,2.0,10
96,96,1,ME1,M004_01,10040110,2025-11-03T14:06:01,2025-11-03T14:06:52,2.0,10
96,96,1,ME1,M005,10050002,2025-11-03T14:06:01,2025-11-03T14:06:52,2.0,2
96,96,1,ME1,M006_01,10060110,2025-11-03T14:06:01,2025-11-03T14:06:52,2.0,10
96,96,1,ME1,M007_01,10070102,2025-11-03T14:06:01,2025-11-03T14:06:52,2.0,NO_RECORDED_RESPONSE
96,96,1,ME1,M008_01,10080102,2025-11-03T14:06:01,2025-11-03T14:06:52,2.0,NO_RECORDED_RESPONSE
96,96,1,ME1,M010_01,10100110,2025-11-03T14:06:01,2025-11-03T14:06:52,2.0,10
97,97,1,ME1,M002_01,10020110,2025-11-03T14:13:04,2025-11-03T14:13:41,2.7,10
97,97,1,ME1,M003_01,10030110,2025-11-03T14:13:04,2025-11-03T14:13:41,2.7,10
97,97,1,ME1,M004_01,10040110,2025-11-03T14:13:04,2025-11-03T14:13:41,2.7,10
97,97,1,ME1,M005,10050001,2025-11-03T14:13:04,2025-11-03T14:13:41,2.7,1
97,97,1,ME1,M006_01,10060110,2025-11-03T14:13:04,2025-11-03T14:13:41,2.7,10
97,97,1,ME1,M007_01,10070102,2025-11-03T14:13:04,2025-11-03T14:13:41,2.7,NO_RECORDED_RESPONSE
97,97,1,ME1,M008_01,10080102,2025-11-03T14:13:04,2025-11-03T14:13:41,2.7,NO_RECORDED_RESPONSE
97,97,1,ME1,M010_01,10100110,2025-11-03T14:13:04,2025-11-03T14:13:41,2.7,10
98,98,1,ME1,M002_01,10020110,2025-11-03T14:27:54,2025-11-03T14:30:06,0.95,10
98,98,1,ME1,M003_01,10030110,2025-11-03T14:27:54,2025-11-03T14:30:06,0.95,10
98,98,1,ME1,M004_01,10040110,2025-11-03T14:27:54,2025-11-03T14:30:06,0.95,10
98,98,1,ME1,M005,10050001,2025-11-03T14:27:54,2025-11-03T14:30:06,0.95,1
98,98,1,ME1,M006_01,10060110,2025-11-03T14:27:54,2025-11-03T14:30:06,0.95,10
98,98,1,ME1,M007_01,10070102,2025-11-03T14:27:54,2025-11-03T14:30:06,0.95,NO_RECORDED_RESPONSE
98,98,1,ME1,M008_01,10080101,2025-11-03T14:27:54,2025-11-03T14:30:06,0.95,Welche Anzeigen es gibt bei einem elektrischen Sturm
98,98,1,ME1,M010_01,10100110,2025-11-03T14:27:54,2025-11-03T14:30:06,0.95,10
99,99,1,SUS,SU01_01,20010105,2025-11-03T14:32:18,2025-11-03T14:33:40,1.4,5
99,99,1,SUS,SU01_02,20010205,2025-11-03T14:32:18,2025-11-03T14:33:40,1.4,5
99,99,1,SUS,SU01_03,20010305,2025-11-03T14:32:18,2025-11-03T14:33:40,1.4,5
99,99,1,SUS,SU01_04,20010405,2025-11-03T14:32:18,2025-11-03T14:33:40,1.4,5
99,99,1,SUS,SU01_05,20010505,2025-11-03T14:32:18,2025-11-03T14:33:40,1.4,5
99,99,1,SUS,SU01_06,20010605,2025-11-03T14:32:18,2025-11-03T14:33:40,1.4,5
99,99,1,SUS,SU01_07,20010705,2025-11-03T14:32:18,2025-11-03T14:33:40,1.4,5
99,99,1,SUS,SU01_08,20010805,2025-11-03T14:32:18,2025-11-03T14:33:40,1.4,5
99,99,1,SUS,SU01_09,20010905,2025-11-03T14:32:18,2025-11-03T14:33:40,1.4,5
99,99,1,SUS,SU01_10,20011005,2025-11-03T14:32:18,2025-11-03T14:33:40,1.4,5
100,100,1,uMARS,UM01,30010004,2025-11-03T14:33:55,2025-11-03T14:43:32,1.05,5
100,100,1,uMARS,UM02,30020005,2025-11-03T14:33:55,2025-11-03T14:43:32,1.05,5
100,100,1,uMARS,UM03,30030004,2025-11-03T14:33:55,2025-11-03T14:43:32,1.05,4
100,100,1,uMARS,UM04,30040005,2025-11-03T14:33:55,2025-11-03T14:43:32,1.05,5
100,100,1,uMARS,UM06,30060005,2025-11-03T14:33:55,2025-11-03T14:43:32,1.05,5
100,100,1,uMARS,UM07,30070004,2025-11-03T14:33:55,2025-11-03T14:43:32,1.05,4
100,100,1,uMARS,UM08,30080005,2025-11-03T14:33:55,2025-11-03T14:43:32,1.05,5
100,100,1,uMARS,UM09,30090004,2025-11-03T14:33:55,2025-11-03T14:43:32,1.05,4
100,100,1,uMARS,UM10,30100004,2025-11-03T14:33:55,2025-11-03T14:43:32,1.05,4
100,100,1,uMARS,UM11,30110004,2025-11-03T14:33:55,2025-11-03T14:43:32,1.05,4
100,100,1,uMARS,UM12,30120006,2025-11-03T14:33:55,2025-11-03T14:43:32,1.05,5
100,100,1,uMARS,UM13,30130006,2025-11-03T14:33:55,2025-11-03T14:43:32,1.05,5
100,100,1,uMARS,UM14,30140006,2025-11-03T14:33:55,2025-11-03T14:43:32,1.05,5
100,100,1,uMARS,UM15,30150006,2025-11-03T14:33:55,2025-11-03T14:43:32,1.05,5
100,100,1,uMARS,UM16,30160005,2025-11-03T14:33:55,2025-11-03T14:43:32,1.05,5
100,100,1,uMARS,UM17,30170005,2025-11-03T14:33:55,2025-11-03T14:43:32,1.05,5
100,100,1,uMARS,UM18,30180004,2025-11-03T14:33:55,2025-11-03T14:43:32,1.05,4
100,100,1,uMARS,UM19,30190005,2025-11-03T14:33:55,2025-11-03T14:43:32,1.05,5
100,100,1,uMARS,UM20,30200005,2025-11-03T14:33:55,2025-11-03T14:43:32,1.05,5
100,100,1,uMARS,UM21,30210005,2025-11-03T14:33:55,2025-11-03T14:43:32,1.05,5
100,100,1,uMARS,UM22,30220005,2025-11-03T14:33:55,2025-11-03T14:43:32,1.05,5
100,100,1,uMARS,UM23,30230005,2025-11-03T14:33:55,2025-11-03T14:43:32,1.05,5
100,100,1,uMARS,UM24,30240005,2025-11-03T14:33:55,2025-11-03T14:43:32,1.05,5
100,100,1,uMARS,UM25,30250005,2025-11-03T14:33:55,2025-11-03T14:43:32,1.05,5
103,103,1,ME1,M002_01,10020105,2025-11-04T16:29:56,2025-11-04T16:36:51,0.38,5
103,103,1,ME1,M003_01,10030105,2025-11-04T16:29:56,2025-11-04T16:36:51,0.38,5
103,103,1,ME1,M004_01,10040106,2025-11-04T16:29:56,2025-11-04T16:36:51,0.38,6
103,103,1,ME1,M005,10050003,2025-11-04T16:29:56,2025-11-04T16:36:51,0.38,3
103,103,1,ME1,M006_01,10060105,2025-11-04T16:29:56,2025-11-04T16:36:51,0.38,5
103,103,1,ME1,M007_01,10070102,2025-11-04T16:29:56,2025-11-04T16:36:51,0.38,NO_RECORDED_RESPONSE
103,103,1,ME1,M008_01,10080102,2025-11-04T16:29:56,2025-11-04T16:36:51,0.38,NO_RECORDED_RESPONSE
103,103,1,ME1,M010_01,10100105,2025-11-04T16:29:56,2025-11-04T16:36:51,0.38,5
105,105,1,ME1,M002_01,10020106,2025-11-05T10:58:10,2025-11-05T11:03:03,0.54,6
105,105,1,ME1,M003_01,10030106,2025-11-05T10:58:10,2025-11-05T11:03:03,0.54,6
105,105,1,ME1,M004_01,10040104,2025-11-05T10:58:10,2025-11-05T11:03:03,0.54,4
105,105,1,ME1,M005,10050003,2025-11-05T10:58:10,2025-11-05T11:03:03,0.54,3
105,105,1,ME1,M006_01,10060106,2025-11-05T10:58:10,2025-11-05T11:03:03,0.54,6
105,105,1,ME1,M007_01,10070102,2025-11-05T10:58:10,2025-11-05T11:03:03,0.54,NO_RECORDED_RESPONSE
105,105,1,ME1,M008_01,10080102,2025-11-05T10:58:10,2025-11-05T11:03:03,0.54,NO_RECORDED_RESPONSE
105,105,1,ME1,M010_01,10100106,2025-11-05T10:58:10,2025-11-05T11:03:03,0.54,6
106,106,1,ME1,M002_01,10020110,2025-11-07T12:50:17,2025-11-07T12:51:58,1.36,10
106,106,1,ME1,M003_01,10030110,2025-11-07T12:50:17,2025-11-07T12:51:58,1.36,10
106,106,1,ME1,M004_01,10040109,2025-11-07T12:50:17,2025-11-07T12:51:58,1.36,9
106,106,1,ME1,M005,10050001,2025-11-07T12:50:17,2025-11-07T12:51:58,1.36,1
106,106,1,ME1,M006_01,10060110,2025-11-07T12:50:17,2025-11-07T12:51:58,1.36,10
106,106,1,ME1,M007_01,10070102,2025-11-07T12:50:17,2025-11-07T12:51:58,1.36,NO_RECORDED_RESPONSE
106,106,1,ME1,M008_01,10080102,2025-11-07T12:50:17,2025-11-07T12:51:58,1.36,NO_RECORDED_RESPONSE
106,106,1,ME1,M010_01,10100110,2025-11-07T12:50:17,2025-11-07T12:51:58,1.36,10
107,107,1,ME1,M002_01,10020101,2025-11-07T12:51:59,2025-11-07T12:53:27,1.78,1
107,107,1,ME1,M003_01,10030101,2025-11-07T12:51:59,2025-11-07T12:53:27,1.78,1
107,107,1,ME1,M004_01,10040101,2025-11-07T12:51:59,2025-11-07T12:53:27,1.78,1
107,107,1,ME1,M005,10050002,2025-11-07T12:51:59,2025-11-07T12:53:27,1.78,2
107,107,1,ME1,M006_01,10060101,2025-11-07T12:51:59,2025-11-07T12:53:27,1.78,1
107,107,1,ME1,M007_01,10070102,2025-11-07T12:51:59,2025-11-07T12:53:27,1.78,NO_RECORDED_RESPONSE
107,107,1,ME1,M008_01,10080102,2025-11-07T12:51:59,2025-11-07T12:53:27,1.78,NO_RECORDED_RESPONSE
107,107,1,ME1,M010_01,10100101,2025-11-07T12:51:59,2025-11-07T12:53:27,1.78,1
113,113,1,ME1,M002_01,10020109,2025-11-10T10:44:29,2025-11-10T10:46:03,1.09,9
113,113,1,ME1,M003_01,10030110,2025-11-10T10:44:29,2025-11-10T10:46:03,1.09,10
113,113,1,ME1,M004_01,10040109,2025-11-10T10:44:29,2025-11-10T10:46:03,1.09,9
113,113,1,ME1,M005,10050003,2025-11-10T10:44:29,2025-11-10T10:46:03,1.09,3
113,113,1,ME1,M006_01,10060109,2025-11-10T10:44:29,2025-11-10T10:46:03,1.09,9
113,113,1,ME1,M007_01,10070101,2025-11-10T10:44:29,2025-11-10T10:46:03,1.09,Infos zur Ernährung
113,113,1,ME1,M008_01,10080102,2025-11-10T10:44:29,2025-11-10T10:46:03,1.09,NO_RECORDED_RESPONSE
113,113,1,ME1,M010_01,10100109,2025-11-10T10:44:29,2025-11-10T10:46:03,1.09,9
115,115,1,SUS,SU01_01,20010105,2025-11-10T10:49:06,2025-11-10T10:51:13,0.91,5
115,115,1,SUS,SU01_02,20010205,2025-11-10T10:49:06,2025-11-10T10:51:13,0.91,5
115,115,1,SUS,SU01_03,20010305,2025-11-10T10:49:06,2025-11-10T10:51:13,0.91,5
115,115,1,SUS,SU01_04,20010405,2025-11-10T10:49:06,2025-11-10T10:51:13,0.91,5
115,115,1,SUS,SU01_05,20010505,2025-11-10T10:49:06,2025-11-10T10:51:13,0.91,5
115,115,1,SUS,SU01_06,20010604,2025-11-10T10:49:06,2025-11-10T10:51:13,0.91,4
115,115,1,SUS,SU01_07,20010705,2025-11-10T10:49:06,2025-11-10T10:51:13,0.91,5
115,115,1,SUS,SU01_08,20010805,2025-11-10T10:49:06,2025-11-10T10:51:13,0.91,5
115,115,1,SUS,SU01_09,20010905,2025-11-10T10:49:06,2025-11-10T10:51:13,0.91,5
115,115,1,SUS,SU01_10,20011003,2025-11-10T10:49:06,2025-11-10T10:51:13,0.91,3
117,117,1,ME1,M002_01,10020108,2025-11-10T20:01:13,2025-11-10T20:04:36,0.78,8
117,117,1,ME1,M003_01,10030108,2025-11-10T20:01:13,2025-11-10T20:04:36,0.78,8
117,117,1,ME1,M004_01,10040106,2025-11-10T20:01:13,2025-11-10T20:04:36,0.78,6
117,117,1,ME1,M005,10050001,2025-11-10T20:01:13,2025-11-10T20:04:36,0.78,1
117,117,1,ME1,M006_01,10060108,2025-11-10T20:01:13,2025-11-10T20:04:36,0.78,8
117,117,1,ME1,M007_01,10070101,2025-11-10T20:01:13,2025-11-10T20:04:36,0.78,alles
117,117,1,ME1,M008_01,10080102,2025-11-10T20:01:13,2025-11-10T20:04:36,0.78,NO_RECORDED_RESPONSE
117,117,1,ME1,M010_01,10100109,2025-11-10T20:01:13,2025-11-10T20:04:36,0.78,9
118,118,1,ME1,M002_01,10020112,2025-11-10T20:07:21,2025-11-10T20:07:32,3.0,NO_RECORDED_RESPONSE
118,118,1,ME1,M003_01,10030112,2025-11-10T20:07:21,2025-11-10T20:07:32,3.0,NO_RECORDED_RESPONSE
118,118,1,ME1,M004_01,10040112,2025-11-10T20:07:21,2025-11-10T20:07:32,3.0,NO_RECORDED_RESPONSE
118,118,1,ME1,M005,10050005,2025-11-10T20:07:21,2025-11-10T20:07:32,3.0,NO_RECORDED_RESPONSE
118,118,1,ME1,M006_01,10060112,2025-11-10T20:07:21,2025-11-10T20:07:32,3.0,NO_RECORDED_RESPONSE
118,118,1,ME1,M007_01,10070102,2025-11-10T20:07:21,2025-11-10T20:07:32,3.0,NO_RECORDED_RESPONSE
118,118,1,ME1,M008_01,10080102,2025-11-10T20:07:21,2025-11-10T20:07:32,3.0,NO_RECORDED_RESPONSE
118,118,1,ME1,M010_01,10100112,2025-11-10T20:07:21,2025-11-10T20:07:32,3.0,NO_RECORDED_RESPONSE
119,119,1,ME1,M002_01,10020108,2025-11-11T15:58:56,2025-11-11T16:04:44,0.45,8
119,119,1,ME1,M003_01,10030108,2025-11-11T15:58:56,2025-11-11T16:04:44,0.45,8
119,119,1,ME1,M004_01,10040108,2025-11-11T15:58:56,2025-11-11T16:04:44,0.45,8
119,119,1,ME1,M005,10050002,2025-11-11T15:58:56,2025-11-11T16:04:44,0.45,2
119,119,1,ME1,M006_01,10060108,2025-11-11T15:58:56,2025-11-11T16:04:44,0.45,8
119,119,1,ME1,M007_01,10070102,2025-11-11T15:58:56,2025-11-11T16:04:44,0.45,NO_RECORDED_RESPONSE
119,119,1,ME1,M008_01,10080101,2025-11-11T15:58:56,2025-11-11T16:04:44,0.45,Nichts
119,119,1,ME1,M010_01,10100109,2025-11-11T15:58:56,2025-11-11T16:04:44,0.45,9
120,120,1,ME1,M002_01,10020105,2025-11-11T17:02:03,2025-11-11T17:04:07,0.82,5
120,120,1,ME1,M003_01,10030107,2025-11-11T17:02:03,2025-11-11T17:04:07,0.82,7
120,120,1,ME1,M004_01,10040109,2025-11-11T17:02:03,2025-11-11T17:04:07,0.82,9
120,120,1,ME1,M005,10050003,2025-11-11T17:02:03,2025-11-11T17:04:07,0.82,3
120,120,1,ME1,M006_01,10060110,2025-11-11T17:02:03,2025-11-11T17:04:07,0.82,10
120,120,1,ME1,M007_01,10070102,2025-11-11T17:02:03,2025-11-11T17:04:07,0.82,NO_RECORDED_RESPONSE
120,120,1,ME1,M008_01,10080102,2025-11-11T17:02:03,2025-11-11T17:04:07,0.82,NO_RECORDED_RESPONSE
120,120,1,ME1,M010_01,10100104,2025-11-11T17:02:03,2025-11-11T17:04:07,0.82,4
122,122,1,ME1,M002_01,10020110,2025-11-12T08:29:56,2025-11-12T08:35:39,0.46,10
122,122,1,ME1,M003_01,10030110,2025-11-12T08:29:56,2025-11-12T08:35:39,0.46,10
122,122,1,ME1,M004_01,10040110,2025-11-12T08:29:56,2025-11-12T08:35:39,0.46,10
122,122,1,ME1,M005,10050001,2025-11-12T08:29:56,2025-11-12T08:35:39,0.46,1
122,122,1,ME1,M006_01,10060110,2025-11-12T08:29:56,2025-11-12T08:35:39,0.46,10
122,122,1,ME1,M007_01,10070101,2025-11-12T08:29:56,2025-11-12T08:35:39,0.46,Alles sehr gut erklärt. Verwendung von Bidern und Video sehr gut.
122,122,1,ME1,M008_01,10080101,2025-11-12T08:29:56,2025-11-12T08:35:39,0.46,Nichts
122,122,1,ME1,M010_01,10100109,2025-11-12T08:29:56,2025-11-12T08:35:39,0.46,9
123,123,1,ME1,M002_01,10020107,2025-11-12T09:20:07,2025-11-12T09:22:46,0.99,7
123,123,1,ME1,M003_01,10030105,2025-11-12T09:20:07,2025-11-12T09:22:46,0.99,5
123,123,1,ME1,M004_01,10040107,2025-11-12T09:20:07,2025-11-12T09:22:46,0.99,7
123,123,1,ME1,M005,10050001,2025-11-12T09:20:07,2025-11-12T09:22:46,0.99,1
123,123,1,ME1,M006_01,10060107,2025-11-12T09:20:07,2025-11-12T09:22:46,0.99,7
123,123,1,ME1,M007_01,10070101,2025-11-12T09:20:07,2025-11-12T09:22:46,0.99,Quiz ist nicht meins
123,123,1,ME1,M008_01,10080101,2025-11-12T09:20:07,2025-11-12T09:22:46,0.99,Leichtere Bearbeitung
123,123,1,ME1,M010_01,10100107,2025-11-12T09:20:07,2025-11-12T09:22:46,0.99,7
124,124,1,ME1,M002_01,10020110,2025-11-12T09:55:19,2025-11-12T09:58:01,0.85,10
124,124,1,ME1,M003_01,10030110,2025-11-12T09:55:19,2025-11-12T09:58:01,0.85,10
124,124,1,ME1,M004_01,10040110,2025-11-12T09:55:19,2025-11-12T09:58:01,0.85,10
124,124,1,ME1,M005,10050002,2025-11-12T09:55:19,2025-11-12T09:58:01,0.85,2
124,124,1,ME1,M006_01,10060110,2025-11-12T09:55:19,2025-11-12T09:58:01,0.85,10
124,124,1,ME1,M007_01,10070101,2025-11-12T09:55:19,2025-11-12T09:58:01,0.85,Das Video.
124,124,1,ME1,M008_01,10080101,2025-11-12T09:55:19,2025-11-12T09:58:01,0.85,Nichts
124,124,1,ME1,M010_01,10100108,2025-11-12T09:55:19,2025-11-12T09:58:01,0.85,8
125,125,1,ME1,M002_01,10020110,2025-11-12T10:35:15,2025-11-12T10:37:23,1.23,10
125,125,1,ME1,M003_01,10030110,2025-11-12T10:35:15,2025-11-12T10:37:23,1.23,10
125,125,1,ME1,M004_01,10040110,2025-11-12T10:35:15,2025-11-12T10:37:23,1.23,10
125,125,1,ME1,M005,10050001,2025-11-12T10:35:15,2025-11-12T10:37:23,1.23,1
125,125,1,ME1,M006_01,10060110,2025-11-12T10:35:15,2025-11-12T10:37:23,1.23,10
125,125,1,ME1,M007_01,10070101,2025-11-12T10:35:15,2025-11-12T10:37:23,1.23,Die Erklärungen mit Hilfe von Bildern und Video.
125,125,1,ME1,M008_01,10080101,2025-11-12T10:35:15,2025-11-12T10:37:23,1.23,Nichts
125,125,1,ME1,M010_01,10100108,2025-11-12T10:35:15,2025-11-12T10:37:23,1.23,8
126,126,1,SUS,SU01_01,20010103,2025-11-12T13:54:24,2025-11-12T13:56:37,0.86,3
126,126,1,SUS,SU01_02,20010203,2025-11-12T13:54:24,2025-11-12T13:56:37,0.86,3
126,126,1,SUS,SU01_03,20010304,2025-11-12T13:54:24,2025-11-12T13:56:37,0.86,4
126,126,1,SUS,SU01_04,20010404,2025-11-12T13:54:24,2025-11-12T13:56:37,0.86,4
126,126,1,SUS,SU01_05,20010504,2025-11-12T13:54:24,2025-11-12T13:56:37,0.86,4
126,126,1,SUS,SU01_06,20010603,2025-11-12T13:54:24,2025-11-12T13:56:37,0.86,3
126,126,1,SUS,SU01_07,20010704,2025-11-12T13:54:24,2025-11-12T13:56:37,0.86,4
126,126,1,SUS,SU01_08,20010803,2025-11-12T13:54:24,2025-11-12T13:56:37,0.86,3
126,126,1,SUS,SU01_09,20010904,2025-11-12T13:54:24,2025-11-12T13:56:37,0.86,4
126,126,1,SUS,SU01_10,20011004,2025-11-12T13:54:24,2025-11-12T13:56:37,0.86,4
127,127,1,uMARS,UM01,30010003,2025-11-12T13:56:45,2025-11-12T14:05:35,0.82,4
127,127,1,uMARS,UM02,30020005,2025-11-12T13:56:45,2025-11-12T14:05:35,0.82,5
127,127,1,uMARS,UM03,30030004,2025-11-12T13:56:45,2025-11-12T14:05:35,0.82,4
127,127,1,uMARS,UM04,30040005,2025-11-12T13:56:45,2025-11-12T14:05:35,0.82,5
127,127,1,uMARS,UM06,30060005,2025-11-12T13:56:45,2025-11-12T14:05:35,0.82,5
127,127,1,uMARS,UM07,30070004,2025-11-12T13:56:45,2025-11-12T14:05:35,0.82,4
127,127,1,uMARS,UM08,30080005,2025-11-12T13:56:45,2025-11-12T14:05:35,0.82,5
127,127,1,uMARS,UM09,30090004,2025-11-12T13:56:45,2025-11-12T14:05:35,0.82,4
127,127,1,uMARS,UM10,30100004,2025-11-12T13:56:45,2025-11-12T14:05:35,0.82,4
127,127,1,uMARS,UM11,30110004,2025-11-12T13:56:45,2025-11-12T14:05:35,0.82,4
127,127,1,uMARS,UM12,30120005,2025-11-12T13:56:45,2025-11-12T14:05:35,0.82,4
127,127,1,uMARS,UM13,30130006,2025-11-12T13:56:45,2025-11-12T14:05:35,0.82,5
127,127,1,uMARS,UM14,30140006,2025-11-12T13:56:45,2025-11-12T14:05:35,0.82,5
127,127,1,uMARS,UM15,30150006,2025-11-12T13:56:45,2025-11-12T14:05:35,0.82,5
127,127,1,uMARS,UM16,30160005,2025-11-12T13:56:45,2025-11-12T14:05:35,0.82,5
127,127,1,uMARS,UM17,30170003,2025-11-12T13:56:45,2025-11-12T14:05:35,0.82,3
127,127,1,uMARS,UM18,30180002,2025-11-12T13:56:45,2025-11-12T14:05:35,0.82,2
127,127,1,uMARS,UM19,30190004,2025-11-12T13:56:45,2025-11-12T14:05:35,0.82,4
127,127,1,uMARS,UM20,30200004,2025-11-12T13:56:45,2025-11-12T14:05:35,0.82,4
127,127,1,uMARS,UM21,30210004,2025-11-12T13:56:45,2025-11-12T14:05:35,0.82,4
127,127,1,uMARS,UM22,30220004,2025-11-12T13:56:45,2025-11-12T14:05:35,0.82,4
127,127,1,uMARS,UM23,30230005,2025-11-12T13:56:45,2025-11-12T14:05:35,0.82,5
127,127,1,uMARS,UM24,30240005,2025-11-12T13:56:45,2025-11-12T14:05:35,0.82,5
127,127,1,uMARS,UM25,30250004,2025-11-12T13:56:45,2025-11-12T14:05:35,0.82,4
129,129,1,ME1,M002_01,10020105,2025-11-14T17:18:14,2025-11-14T17:19:45,1.73,5
129,129,1,ME1,M003_01,10030105,2025-11-14T17:18:14,2025-11-14T17:19:45,1.73,5
129,129,1,ME1,M004_01,10040109,2025-11-14T17:18:14,2025-11-14T17:19:45,1.73,9
129,129,1,ME1,M005,10050002,2025-11-14T17:18:14,2025-11-14T17:19:45,1.73,2
129,129,1,ME1,M006_01,10060108,2025-11-14T17:18:14,2025-11-14T17:19:45,1.73,8
129,129,1,ME1,M007_01,10070102,2025-11-14T17:18:14,2025-11-14T17:19:45,1.73,NO_RECORDED_RESPONSE
129,129,1,ME1,M008_01,10080102,2025-11-14T17:18:14,2025-11-14T17:19:45,1.73,NO_RECORDED_RESPONSE
129,129,1,ME1,M010_01,10100104,2025-11-14T17:18:14,2025-11-14T17:19:45,1.73,4
130,130,1,ME1,M002_01,10020108,2025-11-14T18:11:51,2025-11-14T18:13:25,1.46,8
130,130,1,ME1,M003_01,10030108,2025-11-14T18:11:51,2025-11-14T18:13:25,1.46,8
130,130,1,ME1,M004_01,10040108,2025-11-14T18:11:51,2025-11-14T18:13:25,1.46,8
130,130,1,ME1,M005,10050002,2025-11-14T18:11:51,2025-11-14T18:13:25,1.46,2
130,130,1,ME1,M006_01,10060109,2025-11-14T18:11:51,2025-11-14T18:13:25,1.46,9
130,130,1,ME1,M007_01,10070102,2025-11-14T18:11:51,2025-11-14T18:13:25,1.46,NO_RECORDED_RESPONSE
130,130,1,ME1,M008_01,10080102,2025-11-14T18:11:51,2025-11-14T18:13:25,1.46,NO_RECORDED_RESPONSE
130,130,1,ME1,M010_01,10100105,2025-11-14T18:11:51,2025-11-14T18:13:25,1.46,5
131,131,1,SUS,SU01_01,20010103,2025-11-15T10:11:53,2025-11-15T10:13:32,1.16,3
131,131,1,SUS,SU01_02,20010205,2025-11-15T10:11:53,2025-11-15T10:13:32,1.16,5
131,131,1,SUS,SU01_03,20010302,2025-11-15T10:11:53,2025-11-15T10:13:32,1.16,2
131,131,1,SUS,SU01_04,20010403,2025-11-15T10:11:53,2025-11-15T10:13:32,1.16,3
131,131,1,SUS,SU01_05,20010502,2025-11-15T10:11:53,2025-11-15T10:13:32,1.16,2
131,131,1,SUS,SU01_06,20010604,2025-11-15T10:11:53,2025-11-15T10:13:32,1.16,4
131,131,1,SUS,SU01_07,20010702,2025-11-15T10:11:53,2025-11-15T10:13:32,1.16,2
131,131,1,SUS,SU01_08,20010804,2025-11-15T10:11:53,2025-11-15T10:13:32,1.16,4
131,131,1,SUS,SU01_09,20010902,2025-11-15T10:11:53,2025-11-15T10:13:32,1.16,2
131,131,1,SUS,SU01_10,20011004,2025-11-15T10:11:53,2025-11-15T10:13:32,1.16,4
132,132,1,ME1,M002_01,10020108,2025-11-18T16:33:16,2025-11-18T16:34:54,1.4,8
132,132,1,ME1,M003_01,10030108,2025-11-18T16:33:16,2025-11-18T16:34:54,1.4,8
132,132,1,ME1,M004_01,10040106,2025-11-18T16:33:16,2025-11-18T16:34:54,1.4,6
132,132,1,ME1,M005,10050002,2025-11-18T16:33:16,2025-11-18T16:34:54,1.4,2
132,132,1,ME1,M006_01,10060107,2025-11-18T16:33:16,2025-11-18T16:34:54,1.4,7
132,132,1,ME1,M007_01,10070102,2025-11-18T16:33:16,2025-11-18T16:34:54,1.4,NO_RECORDED_RESPONSE
132,132,1,ME1,M008_01,10080102,2025-11-18T16:33:16,2025-11-18T16:34:54,1.4,NO_RECORDED_RESPONSE
132,132,1,ME1,M010_01,10100108,2025-11-18T16:33:16,2025-11-18T16:34:54,1.4,8
133,133,1,ME1,M002_01,10020107,2025-11-18T19:50:02,2025-11-18T19:51:17,2.09,7
133,133,1,ME1,M003_01,10030106,2025-11-18T19:50:02,2025-11-18T19:51:17,2.09,6
133,133,1,ME1,M004_01,10040109,2025-11-18T19:50:02,2025-11-18T19:51:17,2.09,9
133,133,1,ME1,M005,10050002,2025-11-18T19:50:02,2025-11-18T19:51:17,2.09,2
133,133,1,ME1,M006_01,10060107,2025-11-18T19:50:02,2025-11-18T19:51:17,2.09,7
133,133,1,ME1,M007_01,10070102,2025-11-18T19:50:02,2025-11-18T19:51:17,2.09,NO_RECORDED_RESPONSE
133,133,1,ME1,M008_01,10080102,2025-11-18T19:50:02,2025-11-18T19:51:17,2.09,NO_RECORDED_RESPONSE
133,133,1,ME1,M010_01,10100104,2025-11-18T19:50:02,2025-11-18T19:51:17,2.09,4
134,134,1,ME1,M002_01,10020110,2025-11-19T15:34:48,2025-11-19T15:38:13,0.77,10
134,134,1,ME1,M003_01,10030107,2025-11-19T15:34:48,2025-11-19T15:38:13,0.77,7
134,134,1,ME1,M004_01,10040107,2025-11-19T15:34:48,2025-11-19T15:38:13,0.77,7
134,134,1,ME1,M005,10050003,2025-11-19T15:34:48,2025-11-19T15:38:13,0.77,3
134,134,1,ME1,M006_01,10060109,2025-11-19T15:34:48,2025-11-19T15:38:13,0.77,9
134,134,1,ME1,M007_01,10070102,2025-11-19T15:34:48,2025-11-19T15:38:13,0.77,NO_RECORDED_RESPONSE
134,134,1,ME1,M008_01,10080102,2025-11-19T15:34:48,2025-11-19T15:38:13,0.77,NO_RECORDED_RESPONSE
134,134,1,ME1,M010_01,10100109,2025-11-19T15:34:48,2025-11-19T15:38:13,0.77,9
135,135,1,ME1,M002_01,10020108,2025-11-19T16:06:24,2025-11-19T16:13:18,0.24,8
135,135,1,ME1,M003_01,10030106,2025-11-19T16:06:24,2025-11-19T16:13:18,0.24,6
135,135,1,ME1,M004_01,10040108,2025-11-19T16:06:24,2025-11-19T16:13:18,0.24,8
135,135,1,ME1,M005,10050002,2025-11-19T16:06:24,2025-11-19T16:13:18,0.24,2
135,135,1,ME1,M006_01,10060108,2025-11-19T16:06:24,2025-11-19T16:13:18,0.24,8
135,135,1,ME1,M007_01,10070102,2025-11-19T16:06:24,2025-11-19T16:13:18,0.24,NO_RECORDED_RESPONSE
135,135,1,ME1,M008_01,10080101,2025-11-19T16:06:24,2025-11-19T16:13:18,0.24,"Sollte man lieber auf der rechten Seite schlafen, weil es auf der Seite mit dem implantierten Defibrilator nicht so gut ist?"
135,135,1,ME1,M010_01,10100108,2025-11-19T16:06:24,2025-11-19T16:13:18,0.24,8
137,137,1,SUS,SU01_01,20010105,2025-11-21T07:54:47,2025-11-21T07:56:42,1.0,5
137,137,1,SUS,SU01_02,20010205,2025-11-21T07:54:47,2025-11-21T07:56:42,1.0,5
137,137,1,SUS,SU01_03,20010305,2025-11-21T07:54:47,2025-11-21T07:56:42,1.0,5
137,137,1,SUS,SU01_04,20010405,2025-11-21T07:54:47,2025-11-21T07:56:42,1.0,5
137,137,1,SUS,SU01_05,20010505,2025-11-21T07:54:47,2025-11-21T07:56:42,1.0,5
137,137,1,SUS,SU01_06,20010605,2025-11-21T07:54:47,2025-11-21T07:56:42,1.0,5
137,137,1,SUS,SU01_07,20010705,2025-11-21T07:54:47,2025-11-21T07:56:42,1.0,5
137,137,1,SUS,SU01_08,20010805,2025-11-21T07:54:47,2025-11-21T07:56:42,1.0,5
137,137,1,SUS,SU01_09,20010905,2025-11-21T07:54:47,2025-11-21T07:56:42,1.0,5
137,137,1,SUS,SU01_10,20011005,2025-11-21T07:54:47,2025-11-21T07:56:42,1.0,5
139,139,1,uMARS,UM01,30010004,2025-11-21T07:58:27,2025-11-21T08:09:47,1.29,5
139,139,1,uMARS,UM02,30020005,2025-11-21T07:58:27,2025-11-21T08:09:47,1.29,5
139,139,1,uMARS,UM03,30030005,2025-11-21T07:58:27,2025-11-21T08:09:47,1.29,5
139,139,1,uMARS,UM04,30040005,2025-11-21T07:58:27,2025-11-21T08:09:47,1.29,5
139,139,1,uMARS,UM06,30060005,2025-11-21T07:58:27,2025-11-21T08:09:47,1.29,5
139,139,1,uMARS,UM07,30070005,2025-11-21T07:58:27,2025-11-21T08:09:47,1.29,5
139,139,1,uMARS,UM08,30080005,2025-11-21T07:58:27,2025-11-21T08:09:47,1.29,5
139,139,1,uMARS,UM09,30090005,2025-11-21T07:58:27,2025-11-21T08:09:47,1.29,5
139,139,1,uMARS,UM10,30100005,2025-11-21T07:58:27,2025-11-21T08:09:47,1.29,5
139,139,1,uMARS,UM11,30110005,2025-11-21T07:58:27,2025-11-21T08:09:47,1.29,5
139,139,1,uMARS,UM12,30120006,2025-11-21T07:58:27,2025-11-21T08:09:47,1.29,5
139,139,1,uMARS,UM13,30130006,2025-11-21T07:58:27,2025-11-21T08:09:47,1.29,5
139,139,1,uMARS,UM14,30140006,2025-11-21T07:58:27,2025-11-21T08:09:47,1.29,5
139,139,1,uMARS,UM15,30150006,2025-11-21T07:58:27,2025-11-21T08:09:47,1.29,5
139,139,1,uMARS,UM16,30160005,2025-11-21T07:58:27,2025-11-21T08:09:47,1.29,5
139,139,1,uMARS,UM17,30170003,2025-11-21T07:58:27,2025-11-21T08:09:47,1.29,3
139,139,1,uMARS,UM18,30180001,2025-11-21T07:58:27,2025-11-21T08:09:47,1.29,1
139,139,1,uMARS,UM19,30190005,2025-11-21T07:58:27,2025-11-21T08:09:47,1.29,5
139,139,1,uMARS,UM20,30200005,2025-11-21T07:58:27,2025-11-21T08:09:47,1.29,5
139,139,1,uMARS,UM21,30210005,2025-11-21T07:58:27,2025-11-21T08:09:47,1.29,5
139,139,1,uMARS,UM22,30220005,2025-11-21T07:58:27,2025-11-21T08:09:47,1.29,5
139,139,1,uMARS,UM23,30230005,2025-11-21T07:58:27,2025-11-21T08:09:47,1.29,5
139,139,1,uMARS,UM24,30240005,2025-11-21T07:58:27,2025-11-21T08:09:47,1.29,5
139,139,1,uMARS,UM25,30250005,2025-11-21T07:58:27,2025-11-21T08:09:47,1.29,5
140,140,1,SUS,SU01_01,20010103,2025-11-21T17:12:35,2025-11-21T17:14:22,1.08,3
140,140,1,SUS,SU01_02,20010205,2025-11-21T17:12:35,2025-11-21T17:14:22,1.08,5
140,140,1,SUS,SU01_03,20010302,2025-11-21T17:12:35,2025-11-21T17:14:22,1.08,2
140,140,1,SUS,SU01_04,20010403,2025-11-21T17:12:35,2025-11-21T17:14:22,1.08,3
140,140,1,SUS,SU01_05,20010503,2025-11-21T17:12:35,2025-11-21T17:14:22,1.08,3
140,140,1,SUS,SU01_06,20010604,2025-11-21T17:12:35,2025-11-21T17:14:22,1.08,4
140,140,1,SUS,SU01_07,20010702,2025-11-21T17:12:35,2025-11-21T17:14:22,1.08,2
140,140,1,SUS,SU01_08,20010803,2025-11-21T17:12:35,2025-11-21T17:14:22,1.08,3
140,140,1,SUS,SU01_09,20010902,2025-11-21T17:12:35,2025-11-21T17:14:22,1.08,2
140,140,1,SUS,SU01_10,20011004,2025-11-21T17:12:35,2025-11-21T17:14:22,1.08,4
141,141,1,uMARS,UM01,30010003,2025-11-21T17:15:08,2025-11-29T14:27:30,1.3,4
141,141,1,uMARS,UM02,30020004,2025-11-21T17:15:08,2025-11-29T14:27:30,1.3,4
141,141,1,uMARS,UM03,30030003,2025-11-21T17:15:08,2025-11-29T14:27:30,1.3,3
141,141,1,uMARS,UM04,30040004,2025-11-21T17:15:08,2025-11-29T14:27:30,1.3,4
141,141,1,uMARS,UM06,30060004,2025-11-21T17:15:08,2025-11-29T14:27:30,1.3,4
141,141,1,uMARS,UM07,30070003,2025-11-21T17:15:08,2025-11-29T14:27:30,1.3,3
141,141,1,uMARS,UM08,30080003,2025-11-21T17:15:08,2025-11-29T14:27:30,1.3,3
141,141,1,uMARS,UM09,30090004,2025-11-21T17:15:08,2025-11-29T14:27:30,1.3,4
141,141,1,uMARS,UM10,30100004,2025-11-21T17:15:08,2025-11-29T14:27:30,1.3,4
141,141,1,uMARS,UM11,30110003,2025-11-21T17:15:08,2025-11-29T14:27:30,1.3,3
141,141,1,uMARS,UM12,30120005,2025-11-21T17:15:08,2025-11-29T14:27:30,1.3,4
141,141,1,uMARS,UM13,30130005,2025-11-21T17:15:08,2025-11-29T14:27:30,1.3,4
141,141,1,uMARS,UM14,30140005,2025-11-21T17:15:08,2025-11-29T14:27:30,1.3,4
141,141,1,uMARS,UM15,30150006,2025-11-21T17:15:08,2025-11-29T14:27:30,1.3,5
141,141,1,uMARS,UM16,30160005,2025-11-21T17:15:08,2025-11-29T14:27:30,1.3,5
141,141,1,uMARS,UM17,30170003,2025-11-21T17:15:08,2025-11-29T14:27:30,1.3,3
141,141,1,uMARS,UM18,30180001,2025-11-21T17:15:08,2025-11-29T14:27:30,1.3,1
141,141,1,uMARS,UM19,30190003,2025-11-21T17:15:08,2025-11-29T14:27:30,1.3,3
141,141,1,uMARS,UM20,30200003,2025-11-21T17:15:08,2025-11-29T14:27:30,1.3,3
141,141,1,uMARS,UM21,30210003,2025-11-21T17:15:08,2025-11-29T14:27:30,1.3,3
141,141,1,uMARS,UM22,30220003,2025-11-21T17:15:08,2025-11-29T14:27:30,1.3,3
141,141,1,uMARS,UM23,30230003,2025-11-21T17:15:08,2025-11-29T14:27:30,1.3,3
141,141,1,uMARS,UM24,30240003,2025-11-21T17:15:08,2025-11-29T14:27:30,1.3,3
141,141,1,uMARS,UM25,30250003,2025-11-21T17:15:08,2025-11-29T14:27:30,1.3,3
142,142,1,ME1,M002_01,10020109,2025-11-21T20:29:01,2025-11-21T20:31:35,0.66,9
142,142,1,ME1,M003_01,10030109,2025-11-21T20:29:01,2025-11-21T20:31:35,0.66,9
142,142,1,ME1,M004_01,10040107,2025-11-21T20:29:01,2025-11-21T20:31:35,0.66,7
142,142,1,ME1,M005,10050002,2025-11-21T20:29:01,2025-11-21T20:31:35,0.66,2
142,142,1,ME1,M006_01,10060108,2025-11-21T20:29:01,2025-11-21T20:31:35,0.66,8
142,142,1,ME1,M007_01,10070101,2025-11-21T20:29:01,2025-11-21T20:31:35,0.66,alles
142,142,1,ME1,M008_01,10080102,2025-11-21T20:29:01,2025-11-21T20:31:35,0.66,NO_RECORDED_RESPONSE
142,142,1,ME1,M010_01,10100106,2025-11-21T20:29:01,2025-11-21T20:31:35,0.66,6
143,143,1,ME1,M002_01,10020110,2025-11-23T08:11:10,2025-11-23T08:17:59,0.38,10
143,143,1,ME1,M003_01,10030110,2025-11-23T08:11:10,2025-11-23T08:17:59,0.38,10
143,143,1,ME1,M004_01,10040110,2025-11-23T08:11:10,2025-11-23T08:17:59,0.38,10
143,143,1,ME1,M005,10050001,2025-11-23T08:11:10,2025-11-23T08:17:59,0.38,1
143,143,1,ME1,M006_01,10060110,2025-11-23T08:11:10,2025-11-23T08:17:59,0.38,10
143,143,1,ME1,M007_01,10070101,2025-11-23T08:11:10,2025-11-23T08:17:59,0.38,Sehr verständlich für den Patienten
143,143,1,ME1,M008_01,10080101,2025-11-23T08:11:10,2025-11-23T08:17:59,0.38,Für mich war es so ausreichend
143,143,1,ME1,M010_01,10100105,2025-11-23T08:11:10,2025-11-23T08:17:59,0.38,5
144,144,1,ME1,M002_01,10020110,2025-11-23T08:52:49,2025-11-23T08:57:00,0.55,10
144,144,1,ME1,M003_01,10030110,2025-11-23T08:52:49,2025-11-23T08:57:00,0.55,10
144,144,1,ME1,M004_01,10040110,2025-11-23T08:52:49,2025-11-23T08:57:00,0.55,10
144,144,1,ME1,M005,10050002,2025-11-23T08:52:49,2025-11-23T08:57:00,0.55,2
144,144,1,ME1,M006_01,10060110,2025-11-23T08:52:49,2025-11-23T08:57:00,0.55,10
144,144,1,ME1,M007_01,10070101,2025-11-23T08:52:49,2025-11-23T08:57:00,0.55,Das die notwendigen Medikamente genau erklärt wurden
144,144,1,ME1,M008_01,10080101,2025-11-23T08:52:49,2025-11-23T08:57:00,0.55,Das auf Wechselwirkungen der Medikamente eingegangen würde
144,144,1,ME1,M010_01,10100107,2025-11-23T08:52:49,2025-11-23T08:57:00,0.55,7
145,145,1,ME1,M002_01,10020106,2025-11-23T14:11:17,2025-11-23T14:12:34,2.04,6
145,145,1,ME1,M003_01,10030107,2025-11-23T14:11:17,2025-11-23T14:12:34,2.04,7
145,145,1,ME1,M004_01,10040107,2025-11-23T14:11:17,2025-11-23T14:12:34,2.04,7
145,145,1,ME1,M005,10050002,2025-11-23T14:11:17,2025-11-23T14:12:34,2.04,2
145,145,1,ME1,M006_01,10060106,2025-11-23T14:11:17,2025-11-23T14:12:34,2.04,6
145,145,1,ME1,M007_01,10070102,2025-11-23T14:11:17,2025-11-23T14:12:34,2.04,NO_RECORDED_RESPONSE
145,145,1,ME1,M008_01,10080102,2025-11-23T14:11:17,2025-11-23T14:12:34,2.04,NO_RECORDED_RESPONSE
145,145,1,ME1,M010_01,10100105,2025-11-23T14:11:17,2025-11-23T14:12:34,2.04,5
146,146,1,ME1,M002_01,10020105,2025-11-23T14:30:05,2025-11-23T14:33:32,0.66,5
146,146,1,ME1,M003_01,10030106,2025-11-23T14:30:05,2025-11-23T14:33:32,0.66,6
146,146,1,ME1,M004_01,10040105,2025-11-23T14:30:05,2025-11-23T14:33:32,0.66,5
146,146,1,ME1,M005,10050002,2025-11-23T14:30:05,2025-11-23T14:33:32,0.66,2
146,146,1,ME1,M006_01,10060105,2025-11-23T14:30:05,2025-11-23T14:33:32,0.66,5
146,146,1,ME1,M007_01,10070102,2025-11-23T14:30:05,2025-11-23T14:33:32,0.66,NO_RECORDED_RESPONSE
146,146,1,ME1,M008_01,10080101,2025-11-23T14:30:05,2025-11-23T14:33:32,0.66,"Ich hatte proble mich auf die Name der Wirkstoffe einzustellen, da sie nicht alltäglich im Gebrauch sind und die Beteutung bzw. die verständliche Übersetzung für eine nicht Mediziener, mir persönlich schwer fiel"
146,146,1,ME1,M010_01,10100107,2025-11-23T14:30:05,2025-11-23T14:33:32,0.66,7
147,147,1,ME1,M002_01,10020107,2025-11-23T14:55:41,2025-11-23T14:56:30,3.0,7
147,147,1,ME1,M003_01,10030107,2025-11-23T14:55:41,2025-11-23T14:56:30,3.0,7
147,147,1,ME1,M004_01,10040107,2025-11-23T14:55:41,2025-11-23T14:56:30,3.0,7
147,147,1,ME1,M005,10050002,2025-11-23T14:55:41,2025-11-23T14:56:30,3.0,2
147,147,1,ME1,M006_01,10060107,2025-11-23T14:55:41,2025-11-23T14:56:30,3.0,7
147,147,1,ME1,M007_01,10070102,2025-11-23T14:55:41,2025-11-23T14:56:30,3.0,NO_RECORDED_RESPONSE
147,147,1,ME1,M008_01,10080102,2025-11-23T14:55:41,2025-11-23T14:56:30,3.0,NO_RECORDED_RESPONSE
147,147,1,ME1,M010_01,10100106,2025-11-23T14:55:41,2025-11-23T14:56:30,3.0,6
148,148,1,ME1,M002_01,10020107,2025-11-23T18:23:05,2025-11-23T18:29:34,0.4,7
148,148,1,ME1,M003_01,10030110,2025-11-23T18:23:05,2025-11-23T18:29:34,0.4,10
148,148,1,ME1,M004_01,10040108,2025-11-23T18:23:05,2025-11-23T18:29:34,0.4,8
148,148,1,ME1,M005,10050003,2025-11-23T18:23:05,2025-11-23T18:29:34,0.4,3
148,148,1,ME1,M006_01,10060108,2025-11-23T18:23:05,2025-11-23T18:29:34,0.4,8
148,148,1,ME1,M007_01,10070101,2025-11-23T18:23:05,2025-11-23T18:29:34,0.4,"Das alle drei Komponente (Text, Video und Quiz) für die Erklärung benutzt werden."
148,148,1,ME1,M008_01,10080102,2025-11-23T18:23:05,2025-11-23T18:29:34,0.4,NO_RECORDED_RESPONSE
148,148,1,ME1,M010_01,10100103,2025-11-23T18:23:05,2025-11-23T18:29:34,0.4,3
151,151,1,ME1,M002_01,10020105,2025-11-24T17:41:53,2025-11-24T17:44:17,0.95,5
151,151,1,ME1,M003_01,10030108,2025-11-24T17:41:53,2025-11-24T17:44:17,0.95,8
151,151,1,ME1,M004_01,10040108,2025-11-24T17:41:53,2025-11-24T17:44:17,0.95,8
151,151,1,ME1,M005,10050002,2025-11-24T17:41:53,2025-11-24T17:44:17,0.95,2
151,151,1,ME1,M006_01,10060108,2025-11-24T17:41:53,2025-11-24T17:44:17,0.95,8
151,151,1,ME1,M007_01,10070102,2025-11-24T17:41:53,2025-11-24T17:44:17,0.95,NO_RECORDED_RESPONSE
151,151,1,ME1,M008_01,10080102,2025-11-24T17:41:53,2025-11-24T17:44:17,0.95,NO_RECORDED_RESPONSE
151,151,1,ME1,M010_01,10100102,2025-11-24T17:41:53,2025-11-24T17:44:17,0.95,2
152,152,1,ME1,M002_01,10020109,2025-11-24T18:44:56,2025-11-24T18:46:36,1.0,9
152,152,1,ME1,M003_01,10030109,2025-11-24T18:44:56,2025-11-24T18:46:36,1.0,9
152,152,1,ME1,M004_01,10040108,2025-11-24T18:44:56,2025-11-24T18:46:36,1.0,8
152,152,1,ME1,M005,10050001,2025-11-24T18:44:56,2025-11-24T18:46:36,1.0,1
152,152,1,ME1,M006_01,10060108,2025-11-24T18:44:56,2025-11-24T18:46:36,1.0,8
152,152,1,ME1,M007_01,10070101,2025-11-24T18:44:56,2025-11-24T18:46:36,1.0,alles
152,152,1,ME1,M008_01,10080102,2025-11-24T18:44:56,2025-11-24T18:46:36,1.0,NO_RECORDED_RESPONSE
152,152,1,ME1,M010_01,10100109,2025-11-24T18:44:56,2025-11-24T18:46:36,1.0,9
153,153,1,ME1,M002_01,10020110,2025-11-24T18:54:08,2025-11-24T18:56:08,1.32,10
153,153,1,ME1,M003_01,10030110,2025-11-24T18:54:08,2025-11-24T18:56:08,1.32,10
153,153,1,ME1,M004_01,10040110,2025-11-24T18:54:08,2025-11-24T18:56:08,1.32,10
153,153,1,ME1,M005,10050002,2025-11-24T18:54:08,2025-11-24T18:56:08,1.32,2
153,153,1,ME1,M006_01,10060110,2025-11-24T18:54:08,2025-11-24T18:56:08,1.32,10
153,153,1,ME1,M007_01,10070101,2025-11-24T18:54:08,2025-11-24T18:56:08,1.32,Die Kombination von Text und Video
153,153,1,ME1,M008_01,10080102,2025-11-24T18:54:08,2025-11-24T18:56:08,1.32,NO_RECORDED_RESPONSE
153,153,1,ME1,M010_01,10100108,2025-11-24T18:54:08,2025-11-24T18:56:08,1.32,8
154,154,1,ME1,M002_01,10020110,2025-11-24T20:10:45,2025-11-24T20:36:38,0.1,10
154,154,1,ME1,M003_01,10030110,2025-11-24T20:10:45,2025-11-24T20:36:38,0.1,10
154,154,1,ME1,M004_01,10040110,2025-11-24T20:10:45,2025-11-24T20:36:38,0.1,10
154,154,1,ME1,M005,10050001,2025-11-24T20:10:45,2025-11-24T20:36:38,0.1,1
154,154,1,ME1,M006_01,10060110,2025-11-24T20:10:45,2025-11-24T20:36:38,0.1,10
154,154,1,ME1,M007_01,10070101,2025-11-24T20:10:45,2025-11-24T20:36:38,0.1,Ausführliche und gut verständliche Informationen
154,154,1,ME1,M008_01,10080102,2025-11-24T20:10:45,2025-11-24T20:36:38,0.1,NO_RECORDED_RESPONSE
154,154,1,ME1,M010_01,10100108,2025-11-24T20:10:45,2025-11-24T20:36:38,0.1,8
155,155,1,uMARS,UM01,30010002,2025-11-25T17:50:08,2025-11-25T18:04:00,0.88,3
155,155,1,uMARS,UM02,30020004,2025-11-25T17:50:08,2025-11-25T18:04:00,0.88,4
155,155,1,uMARS,UM03,30030003,2025-11-25T17:50:08,2025-11-25T18:04:00,0.88,3
155,155,1,uMARS,UM04,30040003,2025-11-25T17:50:08,2025-11-25T18:04:00,0.88,3
155,155,1,uMARS,UM06,30060003,2025-11-25T17:50:08,2025-11-25T18:04:00,0.88,3
155,155,1,uMARS,UM07,30070003,2025-11-25T17:50:08,2025-11-25T18:04:00,0.88,3
155,155,1,uMARS,UM08,30080003,2025-11-25T17:50:08,2025-11-25T18:04:00,0.88,3
155,155,1,uMARS,UM09,30090003,2025-11-25T17:50:08,2025-11-25T18:04:00,0.88,3
155,155,1,uMARS,UM10,30100003,2025-11-25T17:50:08,2025-11-25T18:04:00,0.88,3
155,155,1,uMARS,UM11,30110003,2025-11-25T17:50:08,2025-11-25T18:04:00,0.88,3
155,155,1,uMARS,UM12,30120004,2025-11-25T17:50:08,2025-11-25T18:04:00,0.88,3
155,155,1,uMARS,UM13,30130004,2025-11-25T17:50:08,2025-11-25T18:04:00,0.88,3
155,155,1,uMARS,UM14,30140004,2025-11-25T17:50:08,2025-11-25T18:04:00,0.88,3
155,155,1,uMARS,UM15,30150004,2025-11-25T17:50:08,2025-11-25T18:04:00,0.88,3
155,155,1,uMARS,UM16,30160004,2025-11-25T17:50:08,2025-11-25T18:04:00,0.88,4
155,155,1,uMARS,UM17,30170003,2025-11-25T17:50:08,2025-11-25T18:04:00,0.88,3
155,155,1,uMARS,UM18,30180001,2025-11-25T17:50:08,2025-11-25T18:04:00,0.88,1
155,155,1,uMARS,UM19,30190003,2025-11-25T17:50:08,2025-11-25T18:04:00,0.88,3
155,155,1,uMARS,UM20,30200003,2025-11-25T17:50:08,2025-11-25T18:04:00,0.88,3
155,155,1,uMARS,UM21,30210003,2025-11-25T17:50:08,2025-11-25T18:04:00,0.88,3
155,155,1,uMARS,UM22,30220003,2025-11-25T17:50:08,2025-11-25T18:04:00,0.88,3
155,155,1,uMARS,UM23,30230003,2025-11-25T17:50:08,2025-11-25T18:04:00,0.88,3
155,155,1,uMARS,UM24,30240003,2025-11-25T17:50:08,2025-11-25T18:04:00,0.88,3
155,155,1,uMARS,UM25,30250003,2025-11-25T17:50:08,2025-11-25T18:04:00,0.88,3
157,157,1,ME1,M002_01,10020107,2025-11-25T18:15:26,2025-11-25T18:18:58,0.74,7
157,157,1,ME1,M003_01,10030109,2025-11-25T18:15:26,2025-11-25T18:18:58,0.74,9
157,157,1,ME1,M004_01,10040110,2025-11-25T18:15:26,2025-11-25T18:18:58,0.74,10
157,157,1,ME1,M005,10050001,2025-11-25T18:15:26,2025-11-25T18:18:58,0.74,1
157,157,1,ME1,M006_01,10060106,2025-11-25T18:15:26,2025-11-25T18:18:58,0.74,6
157,157,1,ME1,M007_01,10070101,2025-11-25T18:15:26,2025-11-25T18:18:58,0.74,"Der Text war am informatiefsten. Das Video war auch gut, aber die Musik stört."
157,157,1,ME1,M008_01,10080102,2025-11-25T18:15:26,2025-11-25T18:18:58,0.74,NO_RECORDED_RESPONSE
157,157,1,ME1,M010_01,10100106,2025-11-25T18:15:26,2025-11-25T18:18:58,0.74,6
159,159,1,SUS,SU01_01,20010103,2025-11-26T11:08:00,2025-11-26T11:12:49,0.4,3
159,159,1,SUS,SU01_02,20010203,2025-11-26T11:08:00,2025-11-26T11:12:49,0.4,3
159,159,1,SUS,SU01_03,20010304,2025-11-26T11:08:00,2025-11-26T11:12:49,0.4,4
159,159,1,SUS,SU01_04,20010401,2025-11-26T11:08:00,2025-11-26T11:12:49,0.4,1
159,159,1,SUS,SU01_05,20010502,2025-11-26T11:08:00,2025-11-26T11:12:49,0.4,2
159,159,1,SUS,SU01_06,20010603,2025-11-26T11:08:00,2025-11-26T11:12:49,0.4,3
159,159,1,SUS,SU01_07,20010704,2025-11-26T11:08:00,2025-11-26T11:12:49,0.4,4
159,159,1,SUS,SU01_08,20010804,2025-11-26T11:08:00,2025-11-26T11:12:49,0.4,4
159,159,1,SUS,SU01_09,20010904,2025-11-26T11:08:00,2025-11-26T11:12:49,0.4,4
159,159,1,SUS,SU01_10,20011002,2025-11-26T11:08:00,2025-11-26T11:12:49,0.4,2
160,160,1,ME1,M002_01,10020108,2025-11-26T11:54:06,2025-11-26T11:55:24,2.01,8
160,160,1,ME1,M003_01,10030109,2025-11-26T11:54:06,2025-11-26T11:55:24,2.01,9
160,160,1,ME1,M004_01,10040107,2025-11-26T11:54:06,2025-11-26T11:55:24,2.01,7
160,160,1,ME1,M005,10050003,2025-11-26T11:54:06,2025-11-26T11:55:24,2.01,3
160,160,1,ME1,M006_01,10060108,2025-11-26T11:54:06,2025-11-26T11:55:24,2.01,8
160,160,1,ME1,M007_01,10070102,2025-11-26T11:54:06,2025-11-26T11:55:24,2.01,NO_RECORDED_RESPONSE
160,160,1,ME1,M008_01,10080102,2025-11-26T11:54:06,2025-11-26T11:55:24,2.01,NO_RECORDED_RESPONSE
160,160,1,ME1,M010_01,10100105,2025-11-26T11:54:06,2025-11-26T11:55:24,2.01,5
161,161,1,ME1,M002_01,10020109,2025-11-26T12:01:06,2025-11-26T12:01:49,3.0,9
161,161,1,ME1,M003_01,10030109,2025-11-26T12:01:06,2025-11-26T12:01:49,3.0,9
161,161,1,ME1,M004_01,10040109,2025-11-26T12:01:06,2025-11-26T12:01:49,3.0,9
161,161,1,ME1,M005,10050003,2025-11-26T12:01:06,2025-11-26T12:01:49,3.0,3
161,161,1,ME1,M006_01,10060108,2025-11-26T12:01:06,2025-11-26T12:01:49,3.0,8
161,161,1,ME1,M007_01,10070102,2025-11-26T12:01:06,2025-11-26T12:01:49,3.0,NO_RECORDED_RESPONSE
161,161,1,ME1,M008_01,10080102,2025-11-26T12:01:06,2025-11-26T12:01:49,3.0,NO_RECORDED_RESPONSE
161,161,1,ME1,M010_01,10100108,2025-11-26T12:01:06,2025-11-26T12:01:49,3.0,8
162,162,1,ME1,M002_01,10020108,2025-11-26T12:10:20,2025-11-26T12:10:57,3.0,8
162,162,1,ME1,M003_01,10030109,2025-11-26T12:10:20,2025-11-26T12:10:57,3.0,9
162,162,1,ME1,M004_01,10040109,2025-11-26T12:10:20,2025-11-26T12:10:57,3.0,9
162,162,1,ME1,M005,10050003,2025-11-26T12:10:20,2025-11-26T12:10:57,3.0,3
162,162,1,ME1,M006_01,10060109,2025-11-26T12:10:20,2025-11-26T12:10:57,3.0,9
162,162,1,ME1,M007_01,10070102,2025-11-26T12:10:20,2025-11-26T12:10:57,3.0,NO_RECORDED_RESPONSE
162,162,1,ME1,M008_01,10080102,2025-11-26T12:10:20,2025-11-26T12:10:57,3.0,NO_RECORDED_RESPONSE
162,162,1,ME1,M010_01,10100108,2025-11-26T12:10:20,2025-11-26T12:10:57,3.0,8
163,163,1,ME1,M002_01,10020108,2025-11-26T15:39:17,2025-11-26T15:45:52,0.35,8
163,163,1,ME1,M003_01,10030110,2025-11-26T15:39:17,2025-11-26T15:45:52,0.35,10
163,163,1,ME1,M004_01,10040109,2025-11-26T15:39:17,2025-11-26T15:45:52,0.35,9
163,163,1,ME1,M005,10050001,2025-11-26T15:39:17,2025-11-26T15:45:52,0.35,1
163,163,1,ME1,M006_01,10060108,2025-11-26T15:39:17,2025-11-26T15:45:52,0.35,8
163,163,1,ME1,M007_01,10070101,2025-11-26T15:39:17,2025-11-26T15:45:52,0.35,"Eine übersichtliche Zusammenfassung meines aus Beipackzetteln bestehenden Wissens.
Beim Video stört die Fahrstuhlmusik.
Das Quiz ist ein netter Bonus, aber nicht notwendig"
163,163,1,ME1,M008_01,10080102,2025-11-26T15:39:17,2025-11-26T15:45:52,0.35,NO_RECORDED_RESPONSE
163,163,1,ME1,M010_01,10100104,2025-11-26T15:39:17,2025-11-26T15:45:52,0.35,4
164,164,1,ME1,M002_01,10020107,2025-11-27T22:22:19,2025-11-27T22:23:30,1.44,7
164,164,1,ME1,M003_01,10030106,2025-11-27T22:22:19,2025-11-27T22:23:30,1.44,6
164,164,1,ME1,M004_01,10040107,2025-11-27T22:22:19,2025-11-27T22:23:30,1.44,7
164,164,1,ME1,M005,10050002,2025-11-27T22:22:19,2025-11-27T22:23:30,1.44,2
164,164,1,ME1,M006_01,10060108,2025-11-27T22:22:19,2025-11-27T22:23:30,1.44,8
164,164,1,ME1,M007_01,10070102,2025-11-27T22:22:19,2025-11-27T22:23:30,1.44,NO_RECORDED_RESPONSE
164,164,1,ME1,M008_01,10080102,2025-11-27T22:22:19,2025-11-27T22:23:30,1.44,NO_RECORDED_RESPONSE
164,164,1,ME1,M010_01,10100109,2025-11-27T22:22:19,2025-11-27T22:23:30,1.44,9
166,166,1,ME1,M002_01,10020109,2025-11-27T22:33:03,2025-11-27T22:33:40,2.7,9
166,166,1,ME1,M003_01,10030108,2025-11-27T22:33:03,2025-11-27T22:33:40,2.7,8
166,166,1,ME1,M004_01,10040109,2025-11-27T22:33:03,2025-11-27T22:33:40,2.7,9
166,166,1,ME1,M005,10050001,2025-11-27T22:33:03,2025-11-27T22:33:40,2.7,1
166,166,1,ME1,M006_01,10060108,2025-11-27T22:33:03,2025-11-27T22:33:40,2.7,8
166,166,1,ME1,M007_01,10070102,2025-11-27T22:33:03,2025-11-27T22:33:40,2.7,NO_RECORDED_RESPONSE
166,166,1,ME1,M008_01,10080102,2025-11-27T22:33:03,2025-11-27T22:33:40,2.7,NO_RECORDED_RESPONSE
166,166,1,ME1,M010_01,10100108,2025-11-27T22:33:03,2025-11-27T22:33:40,2.7,8
167,167,1,ME1,M002_01,10020109,2025-11-27T22:42:18,2025-11-27T22:42:57,3.0,9
167,167,1,ME1,M003_01,10030108,2025-11-27T22:42:18,2025-11-27T22:42:57,3.0,8
167,167,1,ME1,M004_01,10040108,2025-11-27T22:42:18,2025-11-27T22:42:57,3.0,8
167,167,1,ME1,M005,10050001,2025-11-27T22:42:18,2025-11-27T22:42:57,3.0,1
167,167,1,ME1,M006_01,10060108,2025-11-27T22:42:18,2025-11-27T22:42:57,3.0,8
167,167,1,ME1,M007_01,10070102,2025-11-27T22:42:18,2025-11-27T22:42:57,3.0,NO_RECORDED_RESPONSE
167,167,1,ME1,M008_01,10080102,2025-11-27T22:42:18,2025-11-27T22:42:57,3.0,NO_RECORDED_RESPONSE
167,167,1,ME1,M010_01,10100109,2025-11-27T22:42:18,2025-11-27T22:42:57,3.0,9
169,169,1,SUS,SU01_01,20010104,2025-11-27T22:48:48,2025-11-27T22:51:09,0.82,4
169,169,1,SUS,SU01_02,20010203,2025-11-27T22:48:48,2025-11-27T22:51:09,0.82,3
169,169,1,SUS,SU01_03,20010304,2025-11-27T22:48:48,2025-11-27T22:51:09,0.82,4
169,169,1,SUS,SU01_04,20010404,2025-11-27T22:48:48,2025-11-27T22:51:09,0.82,4
169,169,1,SUS,SU01_05,20010504,2025-11-27T22:48:48,2025-11-27T22:51:09,0.82,4
169,169,1,SUS,SU01_06,20010604,2025-11-27T22:48:48,2025-11-27T22:51:09,0.82,4
169,169,1,SUS,SU01_07,20010703,2025-11-27T22:48:48,2025-11-27T22:51:09,0.82,3
169,169,1,SUS,SU01_08,20010804,2025-11-27T22:48:48,2025-11-27T22:51:09,0.82,4
169,169,1,SUS,SU01_09,20010905,2025-11-27T22:48:48,2025-11-27T22:51:09,0.82,5
169,169,1,SUS,SU01_10,20011004,2025-11-27T22:48:48,2025-11-27T22:51:09,0.82,4
170,170,1,uMARS,UM01,30010002,2025-11-27T22:51:26,2025-11-27T22:57:31,1.31,3
170,170,1,uMARS,UM02,30020005,2025-11-27T22:51:26,2025-11-27T22:57:31,1.31,5
170,170,1,uMARS,UM03,30030004,2025-11-27T22:51:26,2025-11-27T22:57:31,1.31,4
170,170,1,uMARS,UM04,30040004,2025-11-27T22:51:26,2025-11-27T22:57:31,1.31,4
170,170,1,uMARS,UM06,30060005,2025-11-27T22:51:26,2025-11-27T22:57:31,1.31,5
170,170,1,uMARS,UM07,30070003,2025-11-27T22:51:26,2025-11-27T22:57:31,1.31,3
170,170,1,uMARS,UM08,30080005,2025-11-27T22:51:26,2025-11-27T22:57:31,1.31,5
170,170,1,uMARS,UM09,30090004,2025-11-27T22:51:26,2025-11-27T22:57:31,1.31,4
170,170,1,uMARS,UM10,30100005,2025-11-27T22:51:26,2025-11-27T22:57:31,1.31,5
170,170,1,uMARS,UM11,30110004,2025-11-27T22:51:26,2025-11-27T22:57:31,1.31,4
170,170,1,uMARS,UM12,30120005,2025-11-27T22:51:26,2025-11-27T22:57:31,1.31,4
170,170,1,uMARS,UM13,30130005,2025-11-27T22:51:26,2025-11-27T22:57:31,1.31,4
170,170,1,uMARS,UM14,30140005,2025-11-27T22:51:26,2025-11-27T22:57:31,1.31,4
170,170,1,uMARS,UM15,30150005,2025-11-27T22:51:26,2025-11-27T22:57:31,1.31,4
170,170,1,uMARS,UM16,30160004,2025-11-27T22:51:26,2025-11-27T22:57:31,1.31,4
170,170,1,uMARS,UM17,30170004,2025-11-27T22:51:26,2025-11-27T22:57:31,1.31,4
170,170,1,uMARS,UM18,30180003,2025-11-27T22:51:26,2025-11-27T22:57:31,1.31,3
170,170,1,uMARS,UM19,30190004,2025-11-27T22:51:26,2025-11-27T22:57:31,1.31,4
170,170,1,uMARS,UM20,30200005,2025-11-27T22:51:26,2025-11-27T22:57:31,1.31,5
170,170,1,uMARS,UM21,30210005,2025-11-27T22:51:26,2025-11-27T22:57:31,1.31,5
170,170,1,uMARS,UM22,30220005,2025-11-27T22:51:26,2025-11-27T22:57:31,1.31,5
170,170,1,uMARS,UM23,30230005,2025-11-27T22:51:26,2025-11-27T22:57:31,1.31,5
170,170,1,uMARS,UM24,30240004,2025-11-27T22:51:26,2025-11-27T22:57:31,1.31,4
170,170,1,uMARS,UM25,30250004,2025-11-27T22:51:26,2025-11-27T22:57:31,1.31,4
171,171,1,ME1,M002_01,10020110,2025-11-28T08:33:56,2025-11-28T08:35:35,1.6,10
171,171,1,ME1,M003_01,10030110,2025-11-28T08:33:56,2025-11-28T08:35:35,1.6,10
171,171,1,ME1,M004_01,10040110,2025-11-28T08:33:56,2025-11-28T08:35:35,1.6,10
171,171,1,ME1,M005,10050001,2025-11-28T08:33:56,2025-11-28T08:35:35,1.6,1
171,171,1,ME1,M006_01,10060110,2025-11-28T08:33:56,2025-11-28T08:35:35,1.6,10
171,171,1,ME1,M007_01,10070101,2025-11-28T08:33:56,2025-11-28T08:35:35,1.6,Alle wichtigen Fragen beantwortet
171,171,1,ME1,M008_01,10080102,2025-11-28T08:33:56,2025-11-28T08:35:35,1.6,NO_RECORDED_RESPONSE
171,171,1,ME1,M010_01,10100105,2025-11-28T08:33:56,2025-11-28T08:35:35,1.6,5
172,172,1,ME1,M002_01,10020110,2025-11-28T08:45:35,2025-11-28T08:47:32,0.87,10
172,172,1,ME1,M003_01,10030110,2025-11-28T08:45:35,2025-11-28T08:47:32,0.87,10
172,172,1,ME1,M004_01,10040109,2025-11-28T08:45:35,2025-11-28T08:47:32,0.87,9
172,172,1,ME1,M005,10050002,2025-11-28T08:45:35,2025-11-28T08:47:32,0.87,2
172,172,1,ME1,M006_01,10060110,2025-11-28T08:45:35,2025-11-28T08:47:32,0.87,10
172,172,1,ME1,M007_01,10070102,2025-11-28T08:45:35,2025-11-28T08:47:32,0.87,NO_RECORDED_RESPONSE
172,172,1,ME1,M008_01,10080102,2025-11-28T08:45:35,2025-11-28T08:47:32,0.87,NO_RECORDED_RESPONSE
172,172,1,ME1,M010_01,10100108,2025-11-28T08:45:35,2025-11-28T08:47:32,0.87,8
173,173,1,ME1,M002_01,10020110,2025-11-28T08:57:26,2025-11-28T08:58:50,1.21,10
173,173,1,ME1,M003_01,10030110,2025-11-28T08:57:26,2025-11-28T08:58:50,1.21,10
173,173,1,ME1,M004_01,10040110,2025-11-28T08:57:26,2025-11-28T08:58:50,1.21,10
173,173,1,ME1,M005,10050001,2025-11-28T08:57:26,2025-11-28T08:58:50,1.21,1
173,173,1,ME1,M006_01,10060110,2025-11-28T08:57:26,2025-11-28T08:58:50,1.21,10
173,173,1,ME1,M007_01,10070101,2025-11-28T08:57:26,2025-11-28T08:58:50,1.21,Verständlich aufgebaut und informativ
173,173,1,ME1,M008_01,10080102,2025-11-28T08:57:26,2025-11-28T08:58:50,1.21,NO_RECORDED_RESPONSE
173,173,1,ME1,M010_01,10100105,2025-11-28T08:57:26,2025-11-28T08:58:50,1.21,5
174,174,1,ME1,M002_01,10020109,2025-11-28T10:21:50,2025-11-28T10:23:23,1.08,9
174,174,1,ME1,M003_01,10030110,2025-11-28T10:21:50,2025-11-28T10:23:23,1.08,10
174,174,1,ME1,M004_01,10040110,2025-11-28T10:21:50,2025-11-28T10:23:23,1.08,10
174,174,1,ME1,M005,10050001,2025-11-28T10:21:50,2025-11-28T10:23:23,1.08,1
174,174,1,ME1,M006_01,10060110,2025-11-28T10:21:50,2025-11-28T10:23:23,1.08,10
174,174,1,ME1,M007_01,10070101,2025-11-28T10:21:50,2025-11-28T10:23:23,1.08,es gab viele neue Erkenntnisse
174,174,1,ME1,M008_01,10080101,2025-11-28T10:21:50,2025-11-28T10:23:23,1.08,War alles sehr gut erklärt und beschrieben
174,174,1,ME1,M010_01,10100109,2025-11-28T10:21:50,2025-11-28T10:23:23,1.08,9
175,175,1,ME1,M002_01,10020110,2025-11-28T11:16:57,2025-11-28T11:19:42,0.76,10
175,175,1,ME1,M003_01,10030110,2025-11-28T11:16:57,2025-11-28T11:19:42,0.76,10
175,175,1,ME1,M004_01,10040110,2025-11-28T11:16:57,2025-11-28T11:19:42,0.76,10
175,175,1,ME1,M005,10050001,2025-11-28T11:16:57,2025-11-28T11:19:42,0.76,1
175,175,1,ME1,M006_01,10060110,2025-11-28T11:16:57,2025-11-28T11:19:42,0.76,10
175,175,1,ME1,M007_01,10070101,2025-11-28T11:16:57,2025-11-28T11:19:42,0.76,Hat mir sehr gut gefallen und ich habe neue wichtige Erkenntnisse gelearnt
175,175,1,ME1,M008_01,10080101,2025-11-28T11:16:57,2025-11-28T11:19:42,0.76,Es war alles vorhanden. Der Download Seite für Angehörige was sehr gut
175,175,1,ME1,M010_01,10100110,2025-11-28T11:16:57,2025-11-28T11:19:42,0.76,10
176,176,1,SUS,SU01_01,20010104,2025-11-28T11:19:56,2025-11-28T11:21:34,1.17,4
176,176,1,SUS,SU01_02,20010205,2025-11-28T11:19:56,2025-11-28T11:21:34,1.17,5
176,176,1,SUS,SU01_03,20010305,2025-11-28T11:19:56,2025-11-28T11:21:34,1.17,5
176,176,1,SUS,SU01_04,20010405,2025-11-28T11:19:56,2025-11-28T11:21:34,1.17,5
176,176,1,SUS,SU01_05,20010505,2025-11-28T11:19:56,2025-11-28T11:21:34,1.17,5
176,176,1,SUS,SU01_06,20010605,2025-11-28T11:19:56,2025-11-28T11:21:34,1.17,5
176,176,1,SUS,SU01_07,20010704,2025-11-28T11:19:56,2025-11-28T11:21:34,1.17,4
176,176,1,SUS,SU01_08,20010805,2025-11-28T11:19:56,2025-11-28T11:21:34,1.17,5
176,176,1,SUS,SU01_09,20010905,2025-11-28T11:19:56,2025-11-28T11:21:34,1.17,5
176,176,1,SUS,SU01_10,20011005,2025-11-28T11:19:56,2025-11-28T11:21:34,1.17,5
177,177,1,uMARS,UM01,30010003,2025-11-28T11:21:40,2025-11-28T11:32:52,0.86,4
177,177,1,uMARS,UM02,30020004,2025-11-28T11:21:40,2025-11-28T11:32:52,0.86,4
177,177,1,uMARS,UM03,30030004,2025-11-28T11:21:40,2025-11-28T11:32:52,0.86,4
177,177,1,uMARS,UM04,30040005,2025-11-28T11:21:40,2025-11-28T11:32:52,0.86,5
177,177,1,uMARS,UM06,30060004,2025-11-28T11:21:40,2025-11-28T11:32:52,0.86,4
177,177,1,uMARS,UM07,30070005,2025-11-28T11:21:40,2025-11-28T11:32:52,0.86,5
177,177,1,uMARS,UM08,30080005,2025-11-28T11:21:40,2025-11-28T11:32:52,0.86,5
177,177,1,uMARS,UM09,30090004,2025-11-28T11:21:40,2025-11-28T11:32:52,0.86,4
177,177,1,uMARS,UM10,30100004,2025-11-28T11:21:40,2025-11-28T11:32:52,0.86,4
177,177,1,uMARS,UM11,30110004,2025-11-28T11:21:40,2025-11-28T11:32:52,0.86,4
177,177,1,uMARS,UM12,30120006,2025-11-28T11:21:40,2025-11-28T11:32:52,0.86,5
177,177,1,uMARS,UM13,30130006,2025-11-28T11:21:40,2025-11-28T11:32:52,0.86,5
177,177,1,uMARS,UM14,30140006,2025-11-28T11:21:40,2025-11-28T11:32:52,0.86,5
177,177,1,uMARS,UM15,30150006,2025-11-28T11:21:40,2025-11-28T11:32:52,0.86,5
177,177,1,uMARS,UM16,30160004,2025-11-28T11:21:40,2025-11-28T11:32:52,0.86,4
177,177,1,uMARS,UM17,30170002,2025-11-28T11:21:40,2025-11-28T11:32:52,0.86,2
177,177,1,uMARS,UM18,30180001,2025-11-28T11:21:40,2025-11-28T11:32:52,0.86,1
177,177,1,uMARS,UM19,30190004,2025-11-28T11:21:40,2025-11-28T11:32:52,0.86,4
177,177,1,uMARS,UM20,30200005,2025-11-28T11:21:40,2025-11-28T11:32:52,0.86,5
177,177,1,uMARS,UM21,30210004,2025-11-28T11:21:40,2025-11-28T11:32:52,0.86,4
177,177,1,uMARS,UM22,30220004,2025-11-28T11:21:40,2025-11-28T11:32:52,0.86,4
177,177,1,uMARS,UM23,30230004,2025-11-28T11:21:40,2025-11-28T11:32:52,0.86,4
177,177,1,uMARS,UM24,30240004,2025-11-28T11:21:40,2025-11-28T11:32:52,0.86,4
177,177,1,uMARS,UM25,30250004,2025-11-28T11:21:40,2025-11-28T11:32:52,0.86,4
178,178,1,ME1,M002_01,10020108,2025-11-28T16:37:57,2025-11-28T16:44:50,0.38,8
178,178,1,ME1,M003_01,10030107,2025-11-28T16:37:57,2025-11-28T16:44:50,0.38,7
178,178,1,ME1,M004_01,10040108,2025-11-28T16:37:57,2025-11-28T16:44:50,0.38,8
178,178,1,ME1,M005,10050001,2025-11-28T16:37:57,2025-11-28T16:44:50,0.38,1
178,178,1,ME1,M006_01,10060108,2025-11-28T16:37:57,2025-11-28T16:44:50,0.38,8
178,178,1,ME1,M007_01,10070101,2025-11-28T16:37:57,2025-11-28T16:44:50,0.38,Sehr informativ. Insbes. über die div. Schrittmachertypen und ihre Arbeitsweise.
178,178,1,ME1,M008_01,10080101,2025-11-28T16:37:57,2025-11-28T16:44:50,0.38,"Wie sich der Schrittmacher bemerkbar macht. Ob das Gerät piept, summt oder vibriert und was ist wenn man schwerhörig ist."
178,178,1,ME1,M010_01,10100109,2025-11-28T16:37:57,2025-11-28T16:44:50,0.38,9
179,179,1,ME1,M002_01,10020108,2025-11-28T16:45:24,2025-11-28T16:52:40,0.36,8
179,179,1,ME1,M003_01,10030107,2025-11-28T16:45:24,2025-11-28T16:52:40,0.36,7
179,179,1,ME1,M004_01,10040109,2025-11-28T16:45:24,2025-11-28T16:52:40,0.36,9
179,179,1,ME1,M005,10050001,2025-11-28T16:45:24,2025-11-28T16:52:40,0.36,1
179,179,1,ME1,M006_01,10060109,2025-11-28T16:45:24,2025-11-28T16:52:40,0.36,9
179,179,1,ME1,M007_01,10070101,2025-11-28T16:45:24,2025-11-28T16:52:40,0.36,Eine sehr informative Zusammenfassung über die verschiedenen Schrittmachertypen und ihre Arbeitsweisen.
179,179,1,ME1,M008_01,10080101,2025-11-28T16:45:24,2025-11-28T16:52:40,0.36,"Ich wüsste gerne wie sich die Geräte bemerkbar machen. Welches piept, summt, oder vibriert. was ist wenn man schwerhörig ist?"
179,179,1,ME1,M010_01,10100109,2025-11-28T16:45:24,2025-11-28T16:52:40,0.36,9
180,180,1,ME1,M002_01,10020109,2025-11-28T18:51:26,2025-11-28T18:53:01,1.65,9
180,180,1,ME1,M003_01,10030109,2025-11-28T18:51:26,2025-11-28T18:53:01,1.65,9
180,180,1,ME1,M004_01,10040110,2025-11-28T18:51:26,2025-11-28T18:53:01,1.65,10
180,180,1,ME1,M005,10050002,2025-11-28T18:51:26,2025-11-28T18:53:01,1.65,2
180,180,1,ME1,M006_01,10060109,2025-11-28T18:51:26,2025-11-28T18:53:01,1.65,9
180,180,1,ME1,M007_01,10070101,2025-11-28T18:51:26,2025-11-28T18:53:01,1.65,Gut aufgebaut mit Wiederholungen
180,180,1,ME1,M008_01,10080102,2025-11-28T18:51:26,2025-11-28T18:53:01,1.65,NO_RECORDED_RESPONSE
180,180,1,ME1,M010_01,10100101,2025-11-28T18:51:26,2025-11-28T18:53:01,1.65,1
182,182,1,ME1,M002_01,10020108,2025-11-29T12:22:55,2025-11-29T12:25:20,0.95,8
182,182,1,ME1,M003_01,10030109,2025-11-29T12:22:55,2025-11-29T12:25:20,0.95,9
182,182,1,ME1,M004_01,10040109,2025-11-29T12:22:55,2025-11-29T12:25:20,0.95,9
182,182,1,ME1,M005,10050002,2025-11-29T12:22:55,2025-11-29T12:25:20,0.95,2
182,182,1,ME1,M006_01,10060109,2025-11-29T12:22:55,2025-11-29T12:25:20,0.95,9
182,182,1,ME1,M007_01,10070101,2025-11-29T12:22:55,2025-11-29T12:25:20,0.95,"Die Möglichkeit sowohl den Text zu lesen, als auch das Video und das Quiz als Ergänzung"
182,182,1,ME1,M008_01,10080102,2025-11-29T12:22:55,2025-11-29T12:25:20,0.95,NO_RECORDED_RESPONSE
182,182,1,ME1,M010_01,10100108,2025-11-29T12:22:55,2025-11-29T12:25:20,0.95,8
183,183,1,ME1,M002_01,10020109,2025-11-29T12:37:26,2025-11-29T12:38:33,2.36,9
183,183,1,ME1,M003_01,10030109,2025-11-29T12:37:26,2025-11-29T12:38:33,2.36,9
183,183,1,ME1,M004_01,10040109,2025-11-29T12:37:26,2025-11-29T12:38:33,2.36,9
183,183,1,ME1,M005,10050002,2025-11-29T12:37:26,2025-11-29T12:38:33,2.36,2
183,183,1,ME1,M006_01,10060109,2025-11-29T12:37:26,2025-11-29T12:38:33,2.36,9
183,183,1,ME1,M007_01,10070101,2025-11-29T12:37:26,2025-11-29T12:38:33,2.36,Der Text war ergänzend zum Video sehr wichtig.
183,183,1,ME1,M008_01,10080102,2025-11-29T12:37:26,2025-11-29T12:38:33,2.36,NO_RECORDED_RESPONSE
183,183,1,ME1,M010_01,10100110,2025-11-29T12:37:26,2025-11-29T12:38:33,2.36,10
184,184,1,ME1,M002_01,10020109,2025-11-29T12:50:51,2025-11-29T12:51:45,1.89,9
184,184,1,ME1,M003_01,10030109,2025-11-29T12:50:51,2025-11-29T12:51:45,1.89,9
184,184,1,ME1,M004_01,10040109,2025-11-29T12:50:51,2025-11-29T12:51:45,1.89,9
184,184,1,ME1,M005,10050001,2025-11-29T12:50:51,2025-11-29T12:51:45,1.89,1
184,184,1,ME1,M006_01,10060110,2025-11-29T12:50:51,2025-11-29T12:51:45,1.89,10
184,184,1,ME1,M007_01,10070101,2025-11-29T12:50:51,2025-11-29T12:51:45,1.89,Text in Ergänzung mit dem Video wichtig!
184,184,1,ME1,M008_01,10080102,2025-11-29T12:50:51,2025-11-29T12:51:45,1.89,NO_RECORDED_RESPONSE
184,184,1,ME1,M010_01,10100109,2025-11-29T12:50:51,2025-11-29T12:51:45,1.89,9
185,185,1,ME1,M002_01,10020112,2025-11-30T07:00:37,2025-11-30T07:01:44,1.52,NO_RECORDED_RESPONSE
185,185,1,ME1,M003_01,10030112,2025-11-30T07:00:37,2025-11-30T07:01:44,1.52,NO_RECORDED_RESPONSE
185,185,1,ME1,M004_01,10040112,2025-11-30T07:00:37,2025-11-30T07:01:44,1.52,NO_RECORDED_RESPONSE
185,185,1,ME1,M005,10050005,2025-11-30T07:00:37,2025-11-30T07:01:44,1.52,NO_RECORDED_RESPONSE
185,185,1,ME1,M006_01,10060112,2025-11-30T07:00:37,2025-11-30T07:01:44,1.52,NO_RECORDED_RESPONSE
185,185,1,ME1,M007_01,10070102,2025-11-30T07:00:37,2025-11-30T07:01:44,1.52,NO_RECORDED_RESPONSE
185,185,1,ME1,M008_01,10080102,2025-11-30T07:00:37,2025-11-30T07:01:44,1.52,NO_RECORDED_RESPONSE
185,185,1,ME1,M010_01,10100112,2025-11-30T07:00:37,2025-11-30T07:01:44,1.52,NO_RECORDED_RESPONSE
186,186,1,ME1,M002_01,10020110,2025-11-30T07:20:30,2025-11-30T07:25:48,0.31,10
186,186,1,ME1,M003_01,10030110,2025-11-30T07:20:30,2025-11-30T07:25:48,0.31,10
186,186,1,ME1,M004_01,10040110,2025-11-30T07:20:30,2025-11-30T07:25:48,0.31,10
186,186,1,ME1,M005,10050001,2025-11-30T07:20:30,2025-11-30T07:25:48,0.31,1
186,186,1,ME1,M006_01,10060110,2025-11-30T07:20:30,2025-11-30T07:25:48,0.31,10
186,186,1,ME1,M007_01,10070101,2025-11-30T07:20:30,2025-11-30T07:25:48,0.31,Das auf für mich wichtige Themen sehr gut eingegangen wurde
186,186,1,ME1,M008_01,10080102,2025-11-30T07:20:30,2025-11-30T07:25:48,0.31,NO_RECORDED_RESPONSE
186,186,1,ME1,M010_01,10100106,2025-11-30T07:20:30,2025-11-30T07:25:48,0.31,6
187,187,1,ME1,M002_01,10020110,2025-11-30T07:43:03,2025-11-30T07:45:44,0.78,10
187,187,1,ME1,M003_01,10030110,2025-11-30T07:43:03,2025-11-30T07:45:44,0.78,10
187,187,1,ME1,M004_01,10040110,2025-11-30T07:43:03,2025-11-30T07:45:44,0.78,10
187,187,1,ME1,M005,10050001,2025-11-30T07:43:03,2025-11-30T07:45:44,0.78,1
187,187,1,ME1,M006_01,10060110,2025-11-30T07:43:03,2025-11-30T07:45:44,0.78,10
187,187,1,ME1,M007_01,10070101,2025-11-30T07:43:03,2025-11-30T07:45:44,0.78,Ich finde es gut das es Text gibt und ein Video
187,187,1,ME1,M008_01,10080102,2025-11-30T07:43:03,2025-11-30T07:45:44,0.78,NO_RECORDED_RESPONSE
187,187,1,ME1,M010_01,10100106,2025-11-30T07:43:03,2025-11-30T07:45:44,0.78,6
188,188,1,SUS,SU01_01,20010103,2025-11-30T07:47:16,2025-11-30T07:49:03,1.07,3
188,188,1,SUS,SU01_02,20010205,2025-11-30T07:47:16,2025-11-30T07:49:03,1.07,5
188,188,1,SUS,SU01_03,20010305,2025-11-30T07:47:16,2025-11-30T07:49:03,1.07,5
188,188,1,SUS,SU01_04,20010405,2025-11-30T07:47:16,2025-11-30T07:49:03,1.07,5
188,188,1,SUS,SU01_05,20010505,2025-11-30T07:47:16,2025-11-30T07:49:03,1.07,5
188,188,1,SUS,SU01_06,20010605,2025-11-30T07:47:16,2025-11-30T07:49:03,1.07,5
188,188,1,SUS,SU01_07,20010705,2025-11-30T07:47:16,2025-11-30T07:49:03,1.07,5
188,188,1,SUS,SU01_08,20010805,2025-11-30T07:47:16,2025-11-30T07:49:03,1.07,5
188,188,1,SUS,SU01_09,20010905,2025-11-30T07:47:16,2025-11-30T07:49:03,1.07,5
188,188,1,SUS,SU01_10,20011005,2025-11-30T07:47:16,2025-11-30T07:49:03,1.07,5
189,189,1,uMARS,UM01,30010006,2025-11-30T07:49:14,2025-11-30T07:51:24,0.28,NO_RECORDED_RESPONSE
189,189,1,uMARS,UM02,30020007,2025-11-30T07:49:14,2025-11-30T07:51:24,0.28,NO_RECORDED_RESPONSE
189,189,1,uMARS,UM03,30030007,2025-11-30T07:49:14,2025-11-30T07:51:24,0.28,NO_RECORDED_RESPONSE
189,189,1,uMARS,UM04,30040007,2025-11-30T07:49:14,2025-11-30T07:51:24,0.28,NO_RECORDED_RESPONSE
189,189,1,uMARS,UM06,30060007,2025-11-30T07:49:14,2025-11-30T07:51:24,0.28,NO_RECORDED_RESPONSE
189,189,1,uMARS,UM07,30070007,2025-11-30T07:49:14,2025-11-30T07:51:24,0.28,NO_RECORDED_RESPONSE
189,189,1,uMARS,UM08,30080007,2025-11-30T07:49:14,2025-11-30T07:51:24,0.28,NO_RECORDED_RESPONSE
189,189,1,uMARS,UM09,30090007,2025-11-30T07:49:14,2025-11-30T07:51:24,0.28,NO_RECORDED_RESPONSE
189,189,1,uMARS,UM10,30100007,2025-11-30T07:49:14,2025-11-30T07:51:24,0.28,NO_RECORDED_RESPONSE
189,189,1,uMARS,UM11,30110007,2025-11-30T07:49:14,2025-11-30T07:51:24,0.28,NO_RECORDED_RESPONSE
189,189,1,uMARS,UM12,30120008,2025-11-30T07:49:14,2025-11-30T07:51:24,0.28,NO_RECORDED_RESPONSE
189,189,1,uMARS,UM13,30130008,2025-11-30T07:49:14,2025-11-30T07:51:24,0.28,NO_RECORDED_RESPONSE
189,189,1,uMARS,UM14,30140008,2025-11-30T07:49:14,2025-11-30T07:51:24,0.28,NO_RECORDED_RESPONSE
189,189,1,uMARS,UM15,30150008,2025-11-30T07:49:14,2025-11-30T07:51:24,0.28,NO_RECORDED_RESPONSE
189,189,1,uMARS,UM16,30160007,2025-11-30T07:49:14,2025-11-30T07:51:24,0.28,NO_RECORDED_RESPONSE
189,189,1,uMARS,UM17,30170007,2025-11-30T07:49:14,2025-11-30T07:51:24,0.28,NO_RECORDED_RESPONSE
189,189,1,uMARS,UM18,30180007,2025-11-30T07:49:14,2025-11-30T07:51:24,0.28,NO_RECORDED_RESPONSE
189,189,1,uMARS,UM19,30190007,2025-11-30T07:49:14,2025-11-30T07:51:24,0.28,NO_RECORDED_RESPONSE
189,189,1,uMARS,UM20,30200007,2025-11-30T07:49:14,2025-11-30T07:51:24,0.28,NO_RECORDED_RESPONSE
189,189,1,uMARS,UM21,30210007,2025-11-30T07:49:14,2025-11-30T07:51:24,0.28,NO_RECORDED_RESPONSE
189,189,1,uMARS,UM22,30220007,2025-11-30T07:49:14,2025-11-30T07:51:24,0.28,NO_RECORDED_RESPONSE
189,189,1,uMARS,UM23,30230007,2025-11-30T07:49:14,2025-11-30T07:51:24,0.28,NO_RECORDED_RESPONSE
189,189,1,uMARS,UM24,30240007,2025-11-30T07:49:14,2025-11-30T07:51:24,0.28,NO_RECORDED_RESPONSE
189,189,1,uMARS,UM25,30250007,2025-11-30T07:49:14,2025-11-30T07:51:24,0.28,NO_RECORDED_RESPONSE
191,191,1,uMARS,UM01,30010003,2025-11-30T07:52:38,2025-11-30T08:00:40,0.95,4
191,191,1,uMARS,UM02,30020004,2025-11-30T07:52:38,2025-11-30T08:00:40,0.95,4
191,191,1,uMARS,UM03,30030003,2025-11-30T07:52:38,2025-11-30T08:00:40,0.95,3
191,191,1,uMARS,UM04,30040004,2025-11-30T07:52:38,2025-11-30T08:00:40,0.95,4
191,191,1,uMARS,UM06,30060004,2025-11-30T07:52:38,2025-11-30T08:00:40,0.95,4
191,191,1,uMARS,UM07,30070004,2025-11-30T07:52:38,2025-11-30T08:00:40,0.95,4
191,191,1,uMARS,UM08,30080005,2025-11-30T07:52:38,2025-11-30T08:00:40,0.95,5
191,191,1,uMARS,UM09,30090004,2025-11-30T07:52:38,2025-11-30T08:00:40,0.95,4
191,191,1,uMARS,UM10,30100004,2025-11-30T07:52:38,2025-11-30T08:00:40,0.95,4
191,191,1,uMARS,UM11,30110003,2025-11-30T07:52:38,2025-11-30T08:00:40,0.95,3
191,191,1,uMARS,UM12,30120006,2025-11-30T07:52:38,2025-11-30T08:00:40,0.95,5
191,191,1,uMARS,UM13,30130005,2025-11-30T07:52:38,2025-11-30T08:00:40,0.95,4
191,191,1,uMARS,UM14,30140005,2025-11-30T07:52:38,2025-11-30T08:00:40,0.95,4
191,191,1,uMARS,UM15,30150005,2025-11-30T07:52:38,2025-11-30T08:00:40,0.95,4
191,191,1,uMARS,UM16,30160005,2025-11-30T07:52:38,2025-11-30T08:00:40,0.95,5
191,191,1,uMARS,UM17,30170002,2025-11-30T07:52:38,2025-11-30T08:00:40,0.95,2
191,191,1,uMARS,UM18,30180003,2025-11-30T07:52:38,2025-11-30T08:00:40,0.95,3
191,191,1,uMARS,UM19,30190004,2025-11-30T07:52:38,2025-11-30T08:00:40,0.95,4
191,191,1,uMARS,UM20,30200005,2025-11-30T07:52:38,2025-11-30T08:00:40,0.95,5
191,191,1,uMARS,UM21,30210005,2025-11-30T07:52:38,2025-11-30T08:00:40,0.95,5
191,191,1,uMARS,UM22,30220003,2025-11-30T07:52:38,2025-11-30T08:00:40,0.95,3
191,191,1,uMARS,UM23,30230005,2025-11-30T07:52:38,2025-11-30T08:00:40,0.95,5
191,191,1,uMARS,UM24,30240005,2025-11-30T07:52:38,2025-11-30T08:00:40,0.95,5
191,191,1,uMARS,UM25,30250003,2025-11-30T07:52:38,2025-11-30T08:00:40,0.95,3
192,192,1,SUS,SU01_01,20010107,2025-12-01T11:47:49,2025-12-01T11:48:28,2.95,NO_RECORDED_RESPONSE
192,192,1,SUS,SU01_02,20010207,2025-12-01T11:47:49,2025-12-01T11:48:28,2.95,NO_RECORDED_RESPONSE
192,192,1,SUS,SU01_03,20010307,2025-12-01T11:47:49,2025-12-01T11:48:28,2.95,NO_RECORDED_RESPONSE
192,192,1,SUS,SU01_04,20010407,2025-12-01T11:47:49,2025-12-01T11:48:28,2.95,NO_RECORDED_RESPONSE
192,192,1,SUS,SU01_05,20010507,2025-12-01T11:47:49,2025-12-01T11:48:28,2.95,NO_RECORDED_RESPONSE
192,192,1,SUS,SU01_06,20010607,2025-12-01T11:47:49,2025-12-01T11:48:28,2.95,NO_RECORDED_RESPONSE
192,192,1,SUS,SU01_07,20010707,2025-12-01T11:47:49,2025-12-01T11:48:28,2.95,NO_RECORDED_RESPONSE
192,192,1,SUS,SU01_08,20010807,2025-12-01T11:47:49,2025-12-01T11:48:28,2.95,NO_RECORDED_RESPONSE
192,192,1,SUS,SU01_09,20010907,2025-12-01T11:47:49,2025-12-01T11:48:28,2.95,NO_RECORDED_RESPONSE
192,192,1,SUS,SU01_10,20011007,2025-12-01T11:47:49,2025-12-01T11:48:28,2.95,NO_RECORDED_RESPONSE
193,193,1,ME1,M002_01,10020109,2025-12-01T17:38:28,2025-12-01T17:41:54,0.5,9
193,193,1,ME1,M003_01,10030106,2025-12-01T17:38:28,2025-12-01T17:41:54,0.5,6
193,193,1,ME1,M004_01,10040109,2025-12-01T17:38:28,2025-12-01T17:41:54,0.5,9
193,193,1,ME1,M005,10050001,2025-12-01T17:38:28,2025-12-01T17:41:54,0.5,1
193,193,1,ME1,M006_01,10060108,2025-12-01T17:38:28,2025-12-01T17:41:54,0.5,8
193,193,1,ME1,M007_01,10070101,2025-12-01T17:38:28,2025-12-01T17:41:54,0.5,Informativ und Übersichtlich
193,193,1,ME1,M008_01,10080101,2025-12-01T17:38:28,2025-12-01T17:41:54,0.5,"Um Wünsche zu äußern, müsste ich noch mehr Wissen"
193,193,1,ME1,M010_01,10100109,2025-12-01T17:38:28,2025-12-01T17:41:54,0.5,9
194,194,1,ME1,M002_01,10020108,2025-12-02T17:36:40,2025-12-02T17:39:01,0.71,8
194,194,1,ME1,M003_01,10030108,2025-12-02T17:36:40,2025-12-02T17:39:01,0.71,8
194,194,1,ME1,M004_01,10040110,2025-12-02T17:36:40,2025-12-02T17:39:01,0.71,10
194,194,1,ME1,M005,10050001,2025-12-02T17:36:40,2025-12-02T17:39:01,0.71,1
194,194,1,ME1,M006_01,10060108,2025-12-02T17:36:40,2025-12-02T17:39:01,0.71,8
194,194,1,ME1,M007_01,10070101,2025-12-02T17:36:40,2025-12-02T17:39:01,0.71,Abschnitte zum Autofahren und zum Lebensende.
194,194,1,ME1,M008_01,10080102,2025-12-02T17:36:40,2025-12-02T17:39:01,0.71,NO_RECORDED_RESPONSE
194,194,1,ME1,M010_01,10100109,2025-12-02T17:36:40,2025-12-02T17:39:01,0.71,9
195,195,1,uMARS,UM01,30010006,2025-12-03T13:14:22,2025-12-03T13:14:26,3.0,NO_RECORDED_RESPONSE
195,195,1,uMARS,UM02,30020007,2025-12-03T13:14:22,2025-12-03T13:14:26,3.0,NO_RECORDED_RESPONSE
195,195,1,uMARS,UM03,30030007,2025-12-03T13:14:22,2025-12-03T13:14:26,3.0,NO_RECORDED_RESPONSE
195,195,1,uMARS,UM04,30040007,2025-12-03T13:14:22,2025-12-03T13:14:26,3.0,NO_RECORDED_RESPONSE
195,195,1,uMARS,UM06,30060007,2025-12-03T13:14:22,2025-12-03T13:14:26,3.0,NO_RECORDED_RESPONSE
195,195,1,uMARS,UM07,30070007,2025-12-03T13:14:22,2025-12-03T13:14:26,3.0,NO_RECORDED_RESPONSE
195,195,1,uMARS,UM08,30080007,2025-12-03T13:14:22,2025-12-03T13:14:26,3.0,NO_RECORDED_RESPONSE
195,195,1,uMARS,UM09,30090007,2025-12-03T13:14:22,2025-12-03T13:14:26,3.0,NO_RECORDED_RESPONSE
195,195,1,uMARS,UM10,30100007,2025-12-03T13:14:22,2025-12-03T13:14:26,3.0,NO_RECORDED_RESPONSE
195,195,1,uMARS,UM11,30110007,2025-12-03T13:14:22,2025-12-03T13:14:26,3.0,NO_RECORDED_RESPONSE
195,195,1,uMARS,UM12,30120008,2025-12-03T13:14:22,2025-12-03T13:14:26,3.0,NO_RECORDED_RESPONSE
195,195,1,uMARS,UM13,30130008,2025-12-03T13:14:22,2025-12-03T13:14:26,3.0,NO_RECORDED_RESPONSE
195,195,1,uMARS,UM14,30140008,2025-12-03T13:14:22,2025-12-03T13:14:26,3.0,NO_RECORDED_RESPONSE
195,195,1,uMARS,UM15,30150008,2025-12-03T13:14:22,2025-12-03T13:14:26,3.0,NO_RECORDED_RESPONSE
195,195,1,uMARS,UM16,30160007,2025-12-03T13:14:22,2025-12-03T13:14:26,3.0,NO_RECORDED_RESPONSE
195,195,1,uMARS,UM17,30170007,2025-12-03T13:14:22,2025-12-03T13:14:26,3.0,NO_RECORDED_RESPONSE
195,195,1,uMARS,UM18,30180007,2025-12-03T13:14:22,2025-12-03T13:14:26,3.0,NO_RECORDED_RESPONSE
195,195,1,uMARS,UM19,30190007,2025-12-03T13:14:22,2025-12-03T13:14:26,3.0,NO_RECORDED_RESPONSE
195,195,1,uMARS,UM20,30200007,2025-12-03T13:14:22,2025-12-03T13:14:26,3.0,NO_RECORDED_RESPONSE
195,195,1,uMARS,UM21,30210007,2025-12-03T13:14:22,2025-12-03T13:14:26,3.0,NO_RECORDED_RESPONSE
195,195,1,uMARS,UM22,30220007,2025-12-03T13:14:22,2025-12-03T13:14:26,3.0,NO_RECORDED_RESPONSE
195,195,1,uMARS,UM23,30230007,2025-12-03T13:14:22,2025-12-03T13:14:26,3.0,NO_RECORDED_RESPONSE
195,195,1,uMARS,UM24,30240007,2025-12-03T13:14:22,2025-12-03T13:14:26,3.0,NO_RECORDED_RESPONSE
195,195,1,uMARS,UM25,30250007,2025-12-03T13:14:22,2025-12-03T13:14:26,3.0,NO_RECORDED_RESPONSE
198,198,1,ME1,M002_01,10020109,2025-12-03T18:05:25,2025-12-03T18:06:14,3.0,9
198,198,1,ME1,M003_01,10030109,2025-12-03T18:05:25,2025-12-03T18:06:14,3.0,9
198,198,1,ME1,M004_01,10040109,2025-12-03T18:05:25,2025-12-03T18:06:14,3.0,9
198,198,1,ME1,M005,10050001,2025-12-03T18:05:25,2025-12-03T18:06:14,3.0,1
198,198,1,ME1,M006_01,10060109,2025-12-03T18:05:25,2025-12-03T18:06:14,3.0,9
198,198,1,ME1,M007_01,10070102,2025-12-03T18:05:25,2025-12-03T18:06:14,3.0,NO_RECORDED_RESPONSE
198,198,1,ME1,M008_01,10080102,2025-12-03T18:05:25,2025-12-03T18:06:14,3.0,NO_RECORDED_RESPONSE
198,198,1,ME1,M010_01,10100109,2025-12-03T18:05:25,2025-12-03T18:06:14,3.0,9
199,199,1,SUS,SU01_01,20010107,2025-12-03T18:08:26,2025-12-03T18:11:16,0.68,NO_RECORDED_RESPONSE
199,199,1,SUS,SU01_02,20010207,2025-12-03T18:08:26,2025-12-03T18:11:16,0.68,NO_RECORDED_RESPONSE
199,199,1,SUS,SU01_03,20010307,2025-12-03T18:08:26,2025-12-03T18:11:16,0.68,NO_RECORDED_RESPONSE
199,199,1,SUS,SU01_04,20010407,2025-12-03T18:08:26,2025-12-03T18:11:16,0.68,NO_RECORDED_RESPONSE
199,199,1,SUS,SU01_05,20010507,2025-12-03T18:08:26,2025-12-03T18:11:16,0.68,NO_RECORDED_RESPONSE
199,199,1,SUS,SU01_06,20010607,2025-12-03T18:08:26,2025-12-03T18:11:16,0.68,NO_RECORDED_RESPONSE
199,199,1,SUS,SU01_07,20010707,2025-12-03T18:08:26,2025-12-03T18:11:16,0.68,NO_RECORDED_RESPONSE
199,199,1,SUS,SU01_08,20010807,2025-12-03T18:08:26,2025-12-03T18:11:16,0.68,NO_RECORDED_RESPONSE
199,199,1,SUS,SU01_09,20010907,2025-12-03T18:08:26,2025-12-03T18:11:16,0.68,NO_RECORDED_RESPONSE
199,199,1,SUS,SU01_10,20011007,2025-12-03T18:08:26,2025-12-03T18:11:16,0.68,NO_RECORDED_RESPONSE
200,200,1,uMARS,UM01,30010006,2025-12-03T18:11:29,2025-12-03T18:11:41,3.0,NO_RECORDED_RESPONSE
200,200,1,uMARS,UM02,30020007,2025-12-03T18:11:29,2025-12-03T18:11:41,3.0,NO_RECORDED_RESPONSE
200,200,1,uMARS,UM03,30030007,2025-12-03T18:11:29,2025-12-03T18:11:41,3.0,NO_RECORDED_RESPONSE
200,200,1,uMARS,UM04,30040007,2025-12-03T18:11:29,2025-12-03T18:11:41,3.0,NO_RECORDED_RESPONSE
200,200,1,uMARS,UM06,30060007,2025-12-03T18:11:29,2025-12-03T18:11:41,3.0,NO_RECORDED_RESPONSE
200,200,1,uMARS,UM07,30070007,2025-12-03T18:11:29,2025-12-03T18:11:41,3.0,NO_RECORDED_RESPONSE
200,200,1,uMARS,UM08,30080007,2025-12-03T18:11:29,2025-12-03T18:11:41,3.0,NO_RECORDED_RESPONSE
200,200,1,uMARS,UM09,30090007,2025-12-03T18:11:29,2025-12-03T18:11:41,3.0,NO_RECORDED_RESPONSE
200,200,1,uMARS,UM10,30100007,2025-12-03T18:11:29,2025-12-03T18:11:41,3.0,NO_RECORDED_RESPONSE
200,200,1,uMARS,UM11,30110007,2025-12-03T18:11:29,2025-12-03T18:11:41,3.0,NO_RECORDED_RESPONSE
200,200,1,uMARS,UM12,30120008,2025-12-03T18:11:29,2025-12-03T18:11:41,3.0,NO_RECORDED_RESPONSE
200,200,1,uMARS,UM13,30130008,2025-12-03T18:11:29,2025-12-03T18:11:41,3.0,NO_RECORDED_RESPONSE
200,200,1,uMARS,UM14,30140008,2025-12-03T18:11:29,2025-12-03T18:11:41,3.0,NO_RECORDED_RESPONSE
200,200,1,uMARS,UM15,30150008,2025-12-03T18:11:29,2025-12-03T18:11:41,3.0,NO_RECORDED_RESPONSE
200,200,1,uMARS,UM16,30160007,2025-12-03T18:11:29,2025-12-03T18:11:41,3.0,NO_RECORDED_RESPONSE
200,200,1,uMARS,UM17,30170007,2025-12-03T18:11:29,2025-12-03T18:11:41,3.0,NO_RECORDED_RESPONSE
200,200,1,uMARS,UM18,30180007,2025-12-03T18:11:29,2025-12-03T18:11:41,3.0,NO_RECORDED_RESPONSE
200,200,1,uMARS,UM19,30190007,2025-12-03T18:11:29,2025-12-03T18:11:41,3.0,NO_RECORDED_RESPONSE
200,200,1,uMARS,UM20,30200007,2025-12-03T18:11:29,2025-12-03T18:11:41,3.0,NO_RECORDED_RESPONSE
200,200,1,uMARS,UM21,30210007,2025-12-03T18:11:29,2025-12-03T18:11:41,3.0,NO_RECORDED_RESPONSE
200,200,1,uMARS,UM22,30220007,2025-12-03T18:11:29,2025-12-03T18:11:41,3.0,NO_RECORDED_RESPONSE
200,200,1,uMARS,UM23,30230007,2025-12-03T18:11:29,2025-12-03T18:11:41,3.0,NO_RECORDED_RESPONSE
200,200,1,uMARS,UM24,30240007,2025-12-03T18:11:29,2025-12-03T18:11:41,3.0,NO_RECORDED_RESPONSE
200,200,1,uMARS,UM25,30250007,2025-12-03T18:11:29,2025-12-03T18:11:41,3.0,NO_RECORDED_RESPONSE
201,201,1,uMARS,UM01,30010003,2025-12-04T09:50:22,2025-12-04T09:56:30,1.12,4
201,201,1,uMARS,UM02,30020004,2025-12-04T09:50:22,2025-12-04T09:56:30,1.12,4
201,201,1,uMARS,UM03,30030005,2025-12-04T09:50:22,2025-12-04T09:56:30,1.12,5
201,201,1,uMARS,UM04,30040005,2025-12-04T09:50:22,2025-12-04T09:56:30,1.12,5
201,201,1,uMARS,UM06,30060005,2025-12-04T09:50:22,2025-12-04T09:56:30,1.12,5
201,201,1,uMARS,UM07,30070004,2025-12-04T09:50:22,2025-12-04T09:56:30,1.12,4
201,201,1,uMARS,UM08,30080004,2025-12-04T09:50:22,2025-12-04T09:56:30,1.12,4
201,201,1,uMARS,UM09,30090005,2025-12-04T09:50:22,2025-12-04T09:56:30,1.12,5
201,201,1,uMARS,UM10,30100005,2025-12-04T09:50:22,2025-12-04T09:56:30,1.12,5
201,201,1,uMARS,UM11,30110004,2025-12-04T09:50:22,2025-12-04T09:56:30,1.12,4
201,201,1,uMARS,UM12,30120006,2025-12-04T09:50:22,2025-12-04T09:56:30,1.12,5
201,201,1,uMARS,UM13,30130006,2025-12-04T09:50:22,2025-12-04T09:56:30,1.12,5
201,201,1,uMARS,UM14,30140006,2025-12-04T09:50:22,2025-12-04T09:56:30,1.12,5
201,201,1,uMARS,UM15,30150006,2025-12-04T09:50:22,2025-12-04T09:56:30,1.12,5
201,201,1,uMARS,UM16,30160005,2025-12-04T09:50:22,2025-12-04T09:56:30,1.12,5
201,201,1,uMARS,UM17,30170005,2025-12-04T09:50:22,2025-12-04T09:56:30,1.12,5
201,201,1,uMARS,UM18,30180003,2025-12-04T09:50:22,2025-12-04T09:56:30,1.12,3
201,201,1,uMARS,UM19,30190004,2025-12-04T09:50:22,2025-12-04T09:56:30,1.12,4
201,201,1,uMARS,UM20,30200005,2025-12-04T09:50:22,2025-12-04T09:56:30,1.12,5
201,201,1,uMARS,UM21,30210004,2025-12-04T09:50:22,2025-12-04T09:56:30,1.12,4
201,201,1,uMARS,UM22,30220004,2025-12-04T09:50:22,2025-12-04T09:56:30,1.12,4
201,201,1,uMARS,UM23,30230004,2025-12-04T09:50:22,2025-12-04T09:56:30,1.12,4
201,201,1,uMARS,UM24,30240004,2025-12-04T09:50:22,2025-12-04T09:56:30,1.12,4
201,201,1,uMARS,UM25,30250004,2025-12-04T09:50:22,2025-12-04T09:56:30,1.12,4
202,202,1,ME1,M002_01,10020110,2025-12-05T07:45:15,2025-12-05T07:47:06,0.92,10
202,202,1,ME1,M003_01,10030110,2025-12-05T07:45:15,2025-12-05T07:47:06,0.92,10
202,202,1,ME1,M004_01,10040110,2025-12-05T07:45:15,2025-12-05T07:47:06,0.92,10
202,202,1,ME1,M005,10050001,2025-12-05T07:45:15,2025-12-05T07:47:06,0.92,1
202,202,1,ME1,M006_01,10060110,2025-12-05T07:45:15,2025-12-05T07:47:06,0.92,10
202,202,1,ME1,M007_01,10070101,2025-12-05T07:45:15,2025-12-05T07:47:06,0.92,Sehr gute Erklärung.
202,202,1,ME1,M008_01,10080101,2025-12-05T07:45:15,2025-12-05T07:47:06,0.92,-
202,202,1,ME1,M010_01,10100107,2025-12-05T07:45:15,2025-12-05T07:47:06,0.92,7
203,203,1,ME1,M002_01,10020110,2025-12-05T08:19:39,2025-12-05T08:21:41,0.82,10
203,203,1,ME1,M003_01,10030110,2025-12-05T08:19:39,2025-12-05T08:21:41,0.82,10
203,203,1,ME1,M004_01,10040110,2025-12-05T08:19:39,2025-12-05T08:21:41,0.82,10
203,203,1,ME1,M005,10050001,2025-12-05T08:19:39,2025-12-05T08:21:41,0.82,1
203,203,1,ME1,M006_01,10060110,2025-12-05T08:19:39,2025-12-05T08:21:41,0.82,10
203,203,1,ME1,M007_01,10070101,2025-12-05T08:19:39,2025-12-05T08:21:41,0.82,Sehr viele gut erklärte Informationen.
203,203,1,ME1,M008_01,10080101,2025-12-05T08:19:39,2025-12-05T08:21:41,0.82,-
203,203,1,ME1,M010_01,10100108,2025-12-05T08:19:39,2025-12-05T08:21:41,0.82,8
204,204,1,ME1,M002_01,10020108,2025-12-05T12:53:21,2025-12-05T12:55:21,1.05,8
204,204,1,ME1,M003_01,10030109,2025-12-05T12:53:21,2025-12-05T12:55:21,1.05,9
204,204,1,ME1,M004_01,10040109,2025-12-05T12:53:21,2025-12-05T12:55:21,1.05,9
204,204,1,ME1,M005,10050002,2025-12-05T12:53:21,2025-12-05T12:55:21,1.05,2
204,204,1,ME1,M006_01,10060108,2025-12-05T12:53:21,2025-12-05T12:55:21,1.05,8
204,204,1,ME1,M007_01,10070101,2025-12-05T12:53:21,2025-12-05T12:55:21,1.05,Übersichtlich und gut zusammengefasst
204,204,1,ME1,M008_01,10080102,2025-12-05T12:53:21,2025-12-05T12:55:21,1.05,NO_RECORDED_RESPONSE
204,204,1,ME1,M010_01,10100108,2025-12-05T12:53:21,2025-12-05T12:55:21,1.05,8
205,205,1,SUS,SU01_01,20010103,2025-12-05T12:56:43,2025-12-05T12:59:08,0.8,3
205,205,1,SUS,SU01_02,20010205,2025-12-05T12:56:43,2025-12-05T12:59:08,0.8,5
205,205,1,SUS,SU01_03,20010305,2025-12-05T12:56:43,2025-12-05T12:59:08,0.8,5
205,205,1,SUS,SU01_04,20010405,2025-12-05T12:56:43,2025-12-05T12:59:08,0.8,5
205,205,1,SUS,SU01_05,20010504,2025-12-05T12:56:43,2025-12-05T12:59:08,0.8,4
205,205,1,SUS,SU01_06,20010604,2025-12-05T12:56:43,2025-12-05T12:59:08,0.8,4
205,205,1,SUS,SU01_07,20010704,2025-12-05T12:56:43,2025-12-05T12:59:08,0.8,4
205,205,1,SUS,SU01_08,20010804,2025-12-05T12:56:43,2025-12-05T12:59:08,0.8,4
205,205,1,SUS,SU01_09,20010904,2025-12-05T12:56:43,2025-12-05T12:59:08,0.8,4
205,205,1,SUS,SU01_10,20011004,2025-12-05T12:56:43,2025-12-05T12:59:08,0.8,4
208,208,1,ME1,M002_01,10020108,2025-12-06T17:52:53,2025-12-06T17:55:31,1.0,8
208,208,1,ME1,M003_01,10030110,2025-12-06T17:52:53,2025-12-06T17:55:31,1.0,10
208,208,1,ME1,M004_01,10040109,2025-12-06T17:52:53,2025-12-06T17:55:31,1.0,9
208,208,1,ME1,M005,10050001,2025-12-06T17:52:53,2025-12-06T17:55:31,1.0,1
208,208,1,ME1,M006_01,10060109,2025-12-06T17:52:53,2025-12-06T17:55:31,1.0,9
208,208,1,ME1,M007_01,10070102,2025-12-06T17:52:53,2025-12-06T17:55:31,1.0,NO_RECORDED_RESPONSE
208,208,1,ME1,M008_01,10080102,2025-12-06T17:52:53,2025-12-06T17:55:31,1.0,NO_RECORDED_RESPONSE
208,208,1,ME1,M010_01,10100108,2025-12-06T17:52:53,2025-12-06T17:55:31,1.0,8
209,209,1,SUS,SU01_01,20010103,2025-12-07T15:02:25,2025-12-07T15:04:00,1.21,3
209,209,1,SUS,SU01_02,20010204,2025-12-07T15:02:25,2025-12-07T15:04:00,1.21,4
209,209,1,SUS,SU01_03,20010304,2025-12-07T15:02:25,2025-12-07T15:04:00,1.21,4
209,209,1,SUS,SU01_04,20010405,2025-12-07T15:02:25,2025-12-07T15:04:00,1.21,5
209,209,1,SUS,SU01_05,20010503,2025-12-07T15:02:25,2025-12-07T15:04:00,1.21,3
209,209,1,SUS,SU01_06,20010603,2025-12-07T15:02:25,2025-12-07T15:04:00,1.21,3
209,209,1,SUS,SU01_07,20010704,2025-12-07T15:02:25,2025-12-07T15:04:00,1.21,4
209,209,1,SUS,SU01_08,20010804,2025-12-07T15:02:25,2025-12-07T15:04:00,1.21,4
209,209,1,SUS,SU01_09,20010905,2025-12-07T15:02:25,2025-12-07T15:04:00,1.21,5
209,209,1,SUS,SU01_10,20011005,2025-12-07T15:02:25,2025-12-07T15:04:00,1.21,5
211,211,1,uMARS,UM01,30010002,2025-12-07T15:04:25,2025-12-23T19:50:46,1.34,3
211,211,1,uMARS,UM02,30020003,2025-12-07T15:04:25,2025-12-23T19:50:46,1.34,3
211,211,1,uMARS,UM03,30030003,2025-12-07T15:04:25,2025-12-23T19:50:46,1.34,3
211,211,1,uMARS,UM04,30040004,2025-12-07T15:04:25,2025-12-23T19:50:46,1.34,4
211,211,1,uMARS,UM06,30060005,2025-12-07T15:04:25,2025-12-23T19:50:46,1.34,5
211,211,1,uMARS,UM07,30070005,2025-12-07T15:04:25,2025-12-23T19:50:46,1.34,5
211,211,1,uMARS,UM08,30080004,2025-12-07T15:04:25,2025-12-23T19:50:46,1.34,4
211,211,1,uMARS,UM09,30090004,2025-12-07T15:04:25,2025-12-23T19:50:46,1.34,4
211,211,1,uMARS,UM10,30100004,2025-12-07T15:04:25,2025-12-23T19:50:46,1.34,4
211,211,1,uMARS,UM11,30110003,2025-12-07T15:04:25,2025-12-23T19:50:46,1.34,3
211,211,1,uMARS,UM12,30120005,2025-12-07T15:04:25,2025-12-23T19:50:46,1.34,4
211,211,1,uMARS,UM13,30130006,2025-12-07T15:04:25,2025-12-23T19:50:46,1.34,5
211,211,1,uMARS,UM14,30140006,2025-12-07T15:04:25,2025-12-23T19:50:46,1.34,5
211,211,1,uMARS,UM15,30150006,2025-12-07T15:04:25,2025-12-23T19:50:46,1.34,5
211,211,1,uMARS,UM16,30160003,2025-12-07T15:04:25,2025-12-23T19:50:46,1.34,3
211,211,1,uMARS,UM17,30170002,2025-12-07T15:04:25,2025-12-23T19:50:46,1.34,2
211,211,1,uMARS,UM18,30180001,2025-12-07T15:04:25,2025-12-23T19:50:46,1.34,1
211,211,1,uMARS,UM19,30190003,2025-12-07T15:04:25,2025-12-23T19:50:46,1.34,3
211,211,1,uMARS,UM20,30200003,2025-12-07T15:04:25,2025-12-23T19:50:46,1.34,3
211,211,1,uMARS,UM21,30210003,2025-12-07T15:04:25,2025-12-23T19:50:46,1.34,3
211,211,1,uMARS,UM22,30220003,2025-12-07T15:04:25,2025-12-23T19:50:46,1.34,3
211,211,1,uMARS,UM23,30230003,2025-12-07T15:04:25,2025-12-23T19:50:46,1.34,3
211,211,1,uMARS,UM24,30240003,2025-12-07T15:04:25,2025-12-23T19:50:46,1.34,3
211,211,1,uMARS,UM25,30250003,2025-12-07T15:04:25,2025-12-23T19:50:46,1.34,3
213,213,1,ME1,M002_01,10020110,2025-12-08T11:48:23,2025-12-08T11:50:25,1.13,10
213,213,1,ME1,M003_01,10030110,2025-12-08T11:48:23,2025-12-08T11:50:25,1.13,10
213,213,1,ME1,M004_01,10040110,2025-12-08T11:48:23,2025-12-08T11:50:25,1.13,10
213,213,1,ME1,M005,10050002,2025-12-08T11:48:23,2025-12-08T11:50:25,1.13,2
213,213,1,ME1,M006_01,10060110,2025-12-08T11:48:23,2025-12-08T11:50:25,1.13,10
213,213,1,ME1,M007_01,10070101,2025-12-08T11:48:23,2025-12-08T11:50:25,1.13,Sehr verständlich
213,213,1,ME1,M008_01,10080102,2025-12-08T11:48:23,2025-12-08T11:50:25,1.13,NO_RECORDED_RESPONSE
213,213,1,ME1,M010_01,10100110,2025-12-08T11:48:23,2025-12-08T11:50:25,1.13,10
214,214,1,ME1,M002_01,10020108,2025-12-08T11:59:01,2025-12-08T12:00:17,1.81,8
214,214,1,ME1,M003_01,10030109,2025-12-08T11:59:01,2025-12-08T12:00:17,1.81,9
214,214,1,ME1,M004_01,10040110,2025-12-08T11:59:01,2025-12-08T12:00:17,1.81,10
214,214,1,ME1,M005,10050002,2025-12-08T11:59:01,2025-12-08T12:00:17,1.81,2
214,214,1,ME1,M006_01,10060106,2025-12-08T11:59:01,2025-12-08T12:00:17,1.81,6
214,214,1,ME1,M007_01,10070102,2025-12-08T11:59:01,2025-12-08T12:00:17,1.81,NO_RECORDED_RESPONSE
214,214,1,ME1,M008_01,10080102,2025-12-08T11:59:01,2025-12-08T12:00:17,1.81,NO_RECORDED_RESPONSE
214,214,1,ME1,M010_01,10100106,2025-12-08T11:59:01,2025-12-08T12:00:17,1.81,6
215,215,1,ME1,M002_01,10020110,2025-12-08T12:08:13,2025-12-08T12:09:47,1.46,10
215,215,1,ME1,M003_01,10030110,2025-12-08T12:08:13,2025-12-08T12:09:47,1.46,10
215,215,1,ME1,M004_01,10040109,2025-12-08T12:08:13,2025-12-08T12:09:47,1.46,9
215,215,1,ME1,M005,10050002,2025-12-08T12:08:13,2025-12-08T12:09:47,1.46,2
215,215,1,ME1,M006_01,10060109,2025-12-08T12:08:13,2025-12-08T12:09:47,1.46,9
215,215,1,ME1,M007_01,10070101,2025-12-08T12:08:13,2025-12-08T12:09:47,1.46,Sehr verstänliches Vidio
215,215,1,ME1,M008_01,10080102,2025-12-08T12:08:13,2025-12-08T12:09:47,1.46,NO_RECORDED_RESPONSE
215,215,1,ME1,M010_01,10100110,2025-12-08T12:08:13,2025-12-08T12:09:47,1.46,10
216,216,1,ME1,M002_01,10020108,2025-12-08T12:10:27,2025-12-08T12:11:57,1.76,8
216,216,1,ME1,M003_01,10030107,2025-12-08T12:10:27,2025-12-08T12:11:57,1.76,7
216,216,1,ME1,M004_01,10040106,2025-12-08T12:10:27,2025-12-08T12:11:57,1.76,6
216,216,1,ME1,M005,10050002,2025-12-08T12:10:27,2025-12-08T12:11:57,1.76,2
216,216,1,ME1,M006_01,10060107,2025-12-08T12:10:27,2025-12-08T12:11:57,1.76,7
216,216,1,ME1,M007_01,10070102,2025-12-08T12:10:27,2025-12-08T12:11:57,1.76,NO_RECORDED_RESPONSE
216,216,1,ME1,M008_01,10080102,2025-12-08T12:10:27,2025-12-08T12:11:57,1.76,NO_RECORDED_RESPONSE
216,216,1,ME1,M010_01,10100105,2025-12-08T12:10:27,2025-12-08T12:11:57,1.76,5
217,217,1,ME1,M002_01,10020110,2025-12-08T14:39:06,2025-12-08T14:41:05,1.32,10
217,217,1,ME1,M003_01,10030110,2025-12-08T14:39:06,2025-12-08T14:41:05,1.32,10
217,217,1,ME1,M004_01,10040110,2025-12-08T14:39:06,2025-12-08T14:41:05,1.32,10
217,217,1,ME1,M005,10050002,2025-12-08T14:39:06,2025-12-08T14:41:05,1.32,2
217,217,1,ME1,M006_01,10060110,2025-12-08T14:39:06,2025-12-08T14:41:05,1.32,10
217,217,1,ME1,M007_01,10070101,2025-12-08T14:39:06,2025-12-08T14:41:05,1.32,es wurde alles ausführlich und verständlich beschrieben
217,217,1,ME1,M008_01,10080101,2025-12-08T14:39:06,2025-12-08T14:41:05,1.32,-
217,217,1,ME1,M010_01,10100103,2025-12-08T14:39:06,2025-12-08T14:41:05,1.32,3
218,218,1,ME1,M002_01,10020109,2025-12-08T15:51:22,2025-12-08T15:52:43,1.26,9
218,218,1,ME1,M003_01,10030110,2025-12-08T15:51:22,2025-12-08T15:52:43,1.26,10
218,218,1,ME1,M004_01,10040108,2025-12-08T15:51:22,2025-12-08T15:52:43,1.26,8
218,218,1,ME1,M005,10050002,2025-12-08T15:51:22,2025-12-08T15:52:43,1.26,2
218,218,1,ME1,M006_01,10060109,2025-12-08T15:51:22,2025-12-08T15:52:43,1.26,9
218,218,1,ME1,M007_01,10070102,2025-12-08T15:51:22,2025-12-08T15:52:43,1.26,NO_RECORDED_RESPONSE
218,218,1,ME1,M008_01,10080102,2025-12-08T15:51:22,2025-12-08T15:52:43,1.26,NO_RECORDED_RESPONSE
218,218,1,ME1,M010_01,10100109,2025-12-08T15:51:22,2025-12-08T15:52:43,1.26,9
219,219,1,ME1,M002_01,10020107,2025-12-08T16:04:55,2025-12-08T16:10:53,0.28,7
219,219,1,ME1,M003_01,10030108,2025-12-08T16:04:55,2025-12-08T16:10:53,0.28,8
219,219,1,ME1,M004_01,10040109,2025-12-08T16:04:55,2025-12-08T16:10:53,0.28,9
219,219,1,ME1,M005,10050003,2025-12-08T16:04:55,2025-12-08T16:10:53,0.28,3
219,219,1,ME1,M006_01,10060107,2025-12-08T16:04:55,2025-12-08T16:10:53,0.28,7
219,219,1,ME1,M007_01,10070102,2025-12-08T16:04:55,2025-12-08T16:10:53,0.28,NO_RECORDED_RESPONSE
219,219,1,ME1,M008_01,10080101,2025-12-08T16:04:55,2025-12-08T16:10:53,0.28,Das Thema Tod hätte ich nicht mit in das Modul genommen. Sollte man seperat behandeln.
219,219,1,ME1,M010_01,10100107,2025-12-08T16:04:55,2025-12-08T16:10:53,0.28,7
220,220,1,ME1,M002_01,10020110,2025-12-08T16:26:48,2025-12-08T16:31:13,0.48,10
220,220,1,ME1,M003_01,10030110,2025-12-08T16:26:48,2025-12-08T16:31:13,0.48,10
220,220,1,ME1,M004_01,10040109,2025-12-08T16:26:48,2025-12-08T16:31:13,0.48,9
220,220,1,ME1,M005,10050003,2025-12-08T16:26:48,2025-12-08T16:31:13,0.48,3
220,220,1,ME1,M006_01,10060108,2025-12-08T16:26:48,2025-12-08T16:31:13,0.48,8
220,220,1,ME1,M007_01,10070102,2025-12-08T16:26:48,2025-12-08T16:31:13,0.48,NO_RECORDED_RESPONSE
220,220,1,ME1,M008_01,10080101,2025-12-08T16:26:48,2025-12-08T16:31:13,0.48,"Bei dem Plan der eigen Überwachung fehlt ein Meßpunkt und zwar der Sauerstoffgehalt im Blut ""O2"".
Man sollte die Tabelle ergänzen!"
220,220,1,ME1,M010_01,10100109,2025-12-08T16:26:48,2025-12-08T16:31:13,0.48,9
221,221,1,SUS,SU01_01,20010105,2025-12-08T16:31:35,2025-12-08T16:33:37,0.94,5
221,221,1,SUS,SU01_02,20010205,2025-12-08T16:31:35,2025-12-08T16:33:37,0.94,5
221,221,1,SUS,SU01_03,20010305,2025-12-08T16:31:35,2025-12-08T16:33:37,0.94,5
221,221,1,SUS,SU01_04,20010405,2025-12-08T16:31:35,2025-12-08T16:33:37,0.94,5
221,221,1,SUS,SU01_05,20010504,2025-12-08T16:31:35,2025-12-08T16:33:37,0.94,4
221,221,1,SUS,SU01_06,20010603,2025-12-08T16:31:35,2025-12-08T16:33:37,0.94,3
221,221,1,SUS,SU01_07,20010705,2025-12-08T16:31:35,2025-12-08T16:33:37,0.94,5
221,221,1,SUS,SU01_08,20010805,2025-12-08T16:31:35,2025-12-08T16:33:37,0.94,5
221,221,1,SUS,SU01_09,20010905,2025-12-08T16:31:35,2025-12-08T16:33:37,0.94,5
221,221,1,SUS,SU01_10,20011004,2025-12-08T16:31:35,2025-12-08T16:33:37,0.94,4
222,222,1,uMARS,UM01,30010004,2025-12-08T16:33:54,2025-12-08T16:48:35,0.57,5
222,222,1,uMARS,UM02,30020005,2025-12-08T16:33:54,2025-12-08T16:48:35,0.57,5
222,222,1,uMARS,UM03,30030003,2025-12-08T16:33:54,2025-12-08T16:48:35,0.57,3
222,222,1,uMARS,UM04,30040004,2025-12-08T16:33:54,2025-12-08T16:48:35,0.57,4
222,222,1,uMARS,UM06,30060005,2025-12-08T16:33:54,2025-12-08T16:48:35,0.57,5
222,222,1,uMARS,UM07,30070005,2025-12-08T16:33:54,2025-12-08T16:48:35,0.57,5
222,222,1,uMARS,UM08,30080005,2025-12-08T16:33:54,2025-12-08T16:48:35,0.57,5
222,222,1,uMARS,UM09,30090005,2025-12-08T16:33:54,2025-12-08T16:48:35,0.57,5
222,222,1,uMARS,UM10,30100005,2025-12-08T16:33:54,2025-12-08T16:48:35,0.57,5
222,222,1,uMARS,UM11,30110005,2025-12-08T16:33:54,2025-12-08T16:48:35,0.57,5
222,222,1,uMARS,UM12,30120005,2025-12-08T16:33:54,2025-12-08T16:48:35,0.57,4
222,222,1,uMARS,UM13,30130006,2025-12-08T16:33:54,2025-12-08T16:48:35,0.57,5
222,222,1,uMARS,UM14,30140005,2025-12-08T16:33:54,2025-12-08T16:48:35,0.57,4
222,222,1,uMARS,UM15,30150006,2025-12-08T16:33:54,2025-12-08T16:48:35,0.57,5
222,222,1,uMARS,UM16,30160005,2025-12-08T16:33:54,2025-12-08T16:48:35,0.57,5
222,222,1,uMARS,UM17,30170003,2025-12-08T16:33:54,2025-12-08T16:48:35,0.57,3
222,222,1,uMARS,UM18,30180003,2025-12-08T16:33:54,2025-12-08T16:48:35,0.57,3
222,222,1,uMARS,UM19,30190004,2025-12-08T16:33:54,2025-12-08T16:48:35,0.57,4
222,222,1,uMARS,UM20,30200005,2025-12-08T16:33:54,2025-12-08T16:48:35,0.57,5
222,222,1,uMARS,UM21,30210005,2025-12-08T16:33:54,2025-12-08T16:48:35,0.57,5
222,222,1,uMARS,UM22,30220004,2025-12-08T16:33:54,2025-12-08T16:48:35,0.57,4
222,222,1,uMARS,UM23,30230004,2025-12-08T16:33:54,2025-12-08T16:48:35,0.57,4
222,222,1,uMARS,UM24,30240003,2025-12-08T16:33:54,2025-12-08T16:48:35,0.57,3
222,222,1,uMARS,UM25,30250004,2025-12-08T16:33:54,2025-12-08T16:48:35,0.57,4
223,223,1,ME1,M002_01,10020109,2025-12-08T18:15:58,2025-12-08T18:18:28,0.68,9
223,223,1,ME1,M003_01,10030110,2025-12-08T18:15:58,2025-12-08T18:18:28,0.68,10
223,223,1,ME1,M004_01,10040108,2025-12-08T18:15:58,2025-12-08T18:18:28,0.68,8
223,223,1,ME1,M005,10050001,2025-12-08T18:15:58,2025-12-08T18:18:28,0.68,1
223,223,1,ME1,M006_01,10060108,2025-12-08T18:15:58,2025-12-08T18:18:28,0.68,8
223,223,1,ME1,M007_01,10070102,2025-12-08T18:15:58,2025-12-08T18:18:28,0.68,NO_RECORDED_RESPONSE
223,223,1,ME1,M008_01,10080102,2025-12-08T18:15:58,2025-12-08T18:18:28,0.68,NO_RECORDED_RESPONSE
223,223,1,ME1,M010_01,10100107,2025-12-08T18:15:58,2025-12-08T18:18:28,0.68,7
224,224,1,ME1,M002_01,10020110,2025-12-09T09:26:02,2025-12-09T09:28:40,0.8,10
224,224,1,ME1,M003_01,10030110,2025-12-09T09:26:02,2025-12-09T09:28:40,0.8,10
224,224,1,ME1,M004_01,10040110,2025-12-09T09:26:02,2025-12-09T09:28:40,0.8,10
224,224,1,ME1,M005,10050001,2025-12-09T09:26:02,2025-12-09T09:28:40,0.8,1
224,224,1,ME1,M006_01,10060110,2025-12-09T09:26:02,2025-12-09T09:28:40,0.8,10
224,224,1,ME1,M007_01,10070101,2025-12-09T09:26:02,2025-12-09T09:28:40,0.8,"Gute, verständliche Erklärungen. Die Zusammenfassung als Video."
224,224,1,ME1,M008_01,10080101,2025-12-09T09:26:02,2025-12-09T09:28:40,0.8,-
224,224,1,ME1,M010_01,10100108,2025-12-09T09:26:02,2025-12-09T09:28:40,0.8,8
225,225,1,SUS,SU01_01,20010103,2025-12-09T09:29:51,2025-12-09T09:31:33,1.13,3
225,225,1,SUS,SU01_02,20010205,2025-12-09T09:29:51,2025-12-09T09:31:33,1.13,5
225,225,1,SUS,SU01_03,20010305,2025-12-09T09:29:51,2025-12-09T09:31:33,1.13,5
225,225,1,SUS,SU01_04,20010405,2025-12-09T09:29:51,2025-12-09T09:31:33,1.13,5
225,225,1,SUS,SU01_05,20010505,2025-12-09T09:29:51,2025-12-09T09:31:33,1.13,5
225,225,1,SUS,SU01_06,20010605,2025-12-09T09:29:51,2025-12-09T09:31:33,1.13,5
225,225,1,SUS,SU01_07,20010705,2025-12-09T09:29:51,2025-12-09T09:31:33,1.13,5
225,225,1,SUS,SU01_08,20010805,2025-12-09T09:29:51,2025-12-09T09:31:33,1.13,5
225,225,1,SUS,SU01_09,20010905,2025-12-09T09:29:51,2025-12-09T09:31:33,1.13,5
225,225,1,SUS,SU01_10,20011005,2025-12-09T09:29:51,2025-12-09T09:31:33,1.13,5
226,226,1,uMARS,UM01,30010002,2025-12-09T09:31:44,2025-12-09T09:39:15,0.97,3
226,226,1,uMARS,UM02,30020004,2025-12-09T09:31:44,2025-12-09T09:39:15,0.97,4
226,226,1,uMARS,UM03,30030003,2025-12-09T09:31:44,2025-12-09T09:39:15,0.97,3
226,226,1,uMARS,UM04,30040005,2025-12-09T09:31:44,2025-12-09T09:39:15,0.97,5
226,226,1,uMARS,UM06,30060005,2025-12-09T09:31:44,2025-12-09T09:39:15,0.97,5
226,226,1,uMARS,UM07,30070004,2025-12-09T09:31:44,2025-12-09T09:39:15,0.97,4
226,226,1,uMARS,UM08,30080005,2025-12-09T09:31:44,2025-12-09T09:39:15,0.97,5
226,226,1,uMARS,UM09,30090004,2025-12-09T09:31:44,2025-12-09T09:39:15,0.97,4
226,226,1,uMARS,UM10,30100004,2025-12-09T09:31:44,2025-12-09T09:39:15,0.97,4
226,226,1,uMARS,UM11,30110004,2025-12-09T09:31:44,2025-12-09T09:39:15,0.97,4
226,226,1,uMARS,UM12,30120006,2025-12-09T09:31:44,2025-12-09T09:39:15,0.97,5
226,226,1,uMARS,UM13,30130005,2025-12-09T09:31:44,2025-12-09T09:39:15,0.97,4
226,226,1,uMARS,UM14,30140006,2025-12-09T09:31:44,2025-12-09T09:39:15,0.97,5
226,226,1,uMARS,UM15,30150006,2025-12-09T09:31:44,2025-12-09T09:39:15,0.97,5
226,226,1,uMARS,UM16,30160005,2025-12-09T09:31:44,2025-12-09T09:39:15,0.97,5
226,226,1,uMARS,UM17,30170003,2025-12-09T09:31:44,2025-12-09T09:39:15,0.97,3
226,226,1,uMARS,UM18,30180003,2025-12-09T09:31:44,2025-12-09T09:39:15,0.97,3
226,226,1,uMARS,UM19,30190004,2025-12-09T09:31:44,2025-12-09T09:39:15,0.97,4
226,226,1,uMARS,UM20,30200004,2025-12-09T09:31:44,2025-12-09T09:39:15,0.97,4
226,226,1,uMARS,UM21,30210004,2025-12-09T09:31:44,2025-12-09T09:39:15,0.97,4
226,226,1,uMARS,UM22,30220004,2025-12-09T09:31:44,2025-12-09T09:39:15,0.97,4
226,226,1,uMARS,UM23,30230004,2025-12-09T09:31:44,2025-12-09T09:39:15,0.97,4
226,226,1,uMARS,UM24,30240004,2025-12-09T09:31:44,2025-12-09T09:39:15,0.97,4
226,226,1,uMARS,UM25,30250004,2025-12-09T09:31:44,2025-12-09T09:39:15,0.97,4
227,227,1,uMARS,UM01,30010002,2025-12-09T12:26:44,2025-12-09T12:38:25,0.8,3
227,227,1,uMARS,UM02,30020004,2025-12-09T12:26:44,2025-12-09T12:38:25,0.8,4
227,227,1,uMARS,UM03,30030003,2025-12-09T12:26:44,2025-12-09T12:38:25,0.8,3
227,227,1,uMARS,UM04,30040003,2025-12-09T12:26:44,2025-12-09T12:38:25,0.8,3
227,227,1,uMARS,UM06,30060004,2025-12-09T12:26:44,2025-12-09T12:38:25,0.8,4
227,227,1,uMARS,UM07,30070004,2025-12-09T12:26:44,2025-12-09T12:38:25,0.8,4
227,227,1,uMARS,UM08,30080004,2025-12-09T12:26:44,2025-12-09T12:38:25,0.8,4
227,227,1,uMARS,UM09,30090004,2025-12-09T12:26:44,2025-12-09T12:38:25,0.8,4
227,227,1,uMARS,UM10,30100004,2025-12-09T12:26:44,2025-12-09T12:38:25,0.8,4
227,227,1,uMARS,UM11,30110004,2025-12-09T12:26:44,2025-12-09T12:38:25,0.8,4
227,227,1,uMARS,UM12,30120005,2025-12-09T12:26:44,2025-12-09T12:38:25,0.8,4
227,227,1,uMARS,UM13,30130005,2025-12-09T12:26:44,2025-12-09T12:38:25,0.8,4
227,227,1,uMARS,UM14,30140006,2025-12-09T12:26:44,2025-12-09T12:38:25,0.8,5
227,227,1,uMARS,UM15,30150006,2025-12-09T12:26:44,2025-12-09T12:38:25,0.8,5
227,227,1,uMARS,UM16,30160005,2025-12-09T12:26:44,2025-12-09T12:38:25,0.8,5
227,227,1,uMARS,UM17,30170004,2025-12-09T12:26:44,2025-12-09T12:38:25,0.8,4
227,227,1,uMARS,UM18,30180003,2025-12-09T12:26:44,2025-12-09T12:38:25,0.8,3
227,227,1,uMARS,UM19,30190005,2025-12-09T12:26:44,2025-12-09T12:38:25,0.8,5
227,227,1,uMARS,UM20,30200004,2025-12-09T12:26:44,2025-12-09T12:38:25,0.8,4
227,227,1,uMARS,UM21,30210004,2025-12-09T12:26:44,2025-12-09T12:38:25,0.8,4
227,227,1,uMARS,UM22,30220004,2025-12-09T12:26:44,2025-12-09T12:38:25,0.8,4
227,227,1,uMARS,UM23,30230004,2025-12-09T12:26:44,2025-12-09T12:38:25,0.8,4
227,227,1,uMARS,UM24,30240005,2025-12-09T12:26:44,2025-12-09T12:38:25,0.8,5
227,227,1,uMARS,UM25,30250005,2025-12-09T12:26:44,2025-12-09T12:38:25,0.8,5
229,229,1,ME1,M002_01,10020106,2025-12-09T13:38:37,2025-12-09T13:40:32,1.37,6
229,229,1,ME1,M003_01,10030106,2025-12-09T13:38:37,2025-12-09T13:40:32,1.37,6
229,229,1,ME1,M004_01,10040108,2025-12-09T13:38:37,2025-12-09T13:40:32,1.37,8
229,229,1,ME1,M005,10050003,2025-12-09T13:38:37,2025-12-09T13:40:32,1.37,3
229,229,1,ME1,M006_01,10060108,2025-12-09T13:38:37,2025-12-09T13:40:32,1.37,8
229,229,1,ME1,M007_01,10070101,2025-12-09T13:38:37,2025-12-09T13:40:32,1.37,Gut verständlich dargestellt.
229,229,1,ME1,M008_01,10080102,2025-12-09T13:38:37,2025-12-09T13:40:32,1.37,NO_RECORDED_RESPONSE
229,229,1,ME1,M010_01,10100106,2025-12-09T13:38:37,2025-12-09T13:40:32,1.37,6
230,230,1,ME1,M002_01,10020108,2025-12-09T15:58:09,2025-12-09T16:04:12,0.28,8
230,230,1,ME1,M003_01,10030110,2025-12-09T15:58:09,2025-12-09T16:04:12,0.28,10
230,230,1,ME1,M004_01,10040108,2025-12-09T15:58:09,2025-12-09T16:04:12,0.28,8
230,230,1,ME1,M005,10050002,2025-12-09T15:58:09,2025-12-09T16:04:12,0.28,2
230,230,1,ME1,M006_01,10060109,2025-12-09T15:58:09,2025-12-09T16:04:12,0.28,9
230,230,1,ME1,M007_01,10070101,2025-12-09T15:58:09,2025-12-09T16:04:12,0.28,Umgang mit der Situation nach erfolgtem Herzstillstand und erfolgreicher Reanimation und der Umgang mit dem implantierte ICD am Lebensende
230,230,1,ME1,M008_01,10080102,2025-12-09T15:58:09,2025-12-09T16:04:12,0.28,NO_RECORDED_RESPONSE
230,230,1,ME1,M010_01,10100109,2025-12-09T15:58:09,2025-12-09T16:04:12,0.28,9
231,231,1,ME1,M002_01,10020108,2025-12-09T16:37:34,2025-12-09T16:39:01,1.45,8
231,231,1,ME1,M003_01,10030108,2025-12-09T16:37:34,2025-12-09T16:39:01,1.45,8
231,231,1,ME1,M004_01,10040108,2025-12-09T16:37:34,2025-12-09T16:39:01,1.45,8
231,231,1,ME1,M005,10050002,2025-12-09T16:37:34,2025-12-09T16:39:01,1.45,2
231,231,1,ME1,M006_01,10060107,2025-12-09T16:37:34,2025-12-09T16:39:01,1.45,7
231,231,1,ME1,M007_01,10070102,2025-12-09T16:37:34,2025-12-09T16:39:01,1.45,NO_RECORDED_RESPONSE
231,231,1,ME1,M008_01,10080102,2025-12-09T16:37:34,2025-12-09T16:39:01,1.45,NO_RECORDED_RESPONSE
231,231,1,ME1,M010_01,10100103,2025-12-09T16:37:34,2025-12-09T16:39:01,1.45,3
232,232,1,ME1,M002_01,10020110,2025-12-09T16:57:01,2025-12-09T16:58:41,1.26,10
232,232,1,ME1,M003_01,10030108,2025-12-09T16:57:01,2025-12-09T16:58:41,1.26,8
232,232,1,ME1,M004_01,10040110,2025-12-09T16:57:01,2025-12-09T16:58:41,1.26,10
232,232,1,ME1,M005,10050001,2025-12-09T16:57:01,2025-12-09T16:58:41,1.26,1
232,232,1,ME1,M006_01,10060110,2025-12-09T16:57:01,2025-12-09T16:58:41,1.26,10
232,232,1,ME1,M007_01,10070102,2025-12-09T16:57:01,2025-12-09T16:58:41,1.26,NO_RECORDED_RESPONSE
232,232,1,ME1,M008_01,10080102,2025-12-09T16:57:01,2025-12-09T16:58:41,1.26,NO_RECORDED_RESPONSE
232,232,1,ME1,M010_01,10100108,2025-12-09T16:57:01,2025-12-09T16:58:41,1.26,8
233,233,1,SUS,SU01_01,20010103,2025-12-10T11:38:40,2025-12-10T11:42:17,0.53,3
233,233,1,SUS,SU01_02,20010204,2025-12-10T11:38:40,2025-12-10T11:42:17,0.53,4
233,233,1,SUS,SU01_03,20010304,2025-12-10T11:38:40,2025-12-10T11:42:17,0.53,4
233,233,1,SUS,SU01_04,20010404,2025-12-10T11:38:40,2025-12-10T11:42:17,0.53,4
233,233,1,SUS,SU01_05,20010504,2025-12-10T11:38:40,2025-12-10T11:42:17,0.53,4
233,233,1,SUS,SU01_06,20010603,2025-12-10T11:38:40,2025-12-10T11:42:17,0.53,3
233,233,1,SUS,SU01_07,20010704,2025-12-10T11:38:40,2025-12-10T11:42:17,0.53,4
233,233,1,SUS,SU01_08,20010804,2025-12-10T11:38:40,2025-12-10T11:42:17,0.53,4
233,233,1,SUS,SU01_09,20010904,2025-12-10T11:38:40,2025-12-10T11:42:17,0.53,4
233,233,1,SUS,SU01_10,20011003,2025-12-10T11:38:40,2025-12-10T11:42:17,0.53,3
234,234,1,SUS,SU01_01,20010103,2025-12-10T17:07:39,2025-12-10T17:10:19,0.72,3
234,234,1,SUS,SU01_02,20010205,2025-12-10T17:07:39,2025-12-10T17:10:19,0.72,5
234,234,1,SUS,SU01_03,20010305,2025-12-10T17:07:39,2025-12-10T17:10:19,0.72,5
234,234,1,SUS,SU01_04,20010405,2025-12-10T17:07:39,2025-12-10T17:10:19,0.72,5
234,234,1,SUS,SU01_05,20010505,2025-12-10T17:07:39,2025-12-10T17:10:19,0.72,5
234,234,1,SUS,SU01_06,20010604,2025-12-10T17:07:39,2025-12-10T17:10:19,0.72,4
234,234,1,SUS,SU01_07,20010704,2025-12-10T17:07:39,2025-12-10T17:10:19,0.72,4
234,234,1,SUS,SU01_08,20010805,2025-12-10T17:07:39,2025-12-10T17:10:19,0.72,5
234,234,1,SUS,SU01_09,20010905,2025-12-10T17:07:39,2025-12-10T17:10:19,0.72,5
234,234,1,SUS,SU01_10,20011001,2025-12-10T17:07:39,2025-12-10T17:10:19,0.72,1
235,235,1,uMARS,UM01,30010003,2025-12-10T17:10:48,2025-12-10T17:25:05,0.53,4
235,235,1,uMARS,UM02,30020005,2025-12-10T17:10:48,2025-12-10T17:25:05,0.53,5
235,235,1,uMARS,UM03,30030003,2025-12-10T17:10:48,2025-12-10T17:25:05,0.53,3
235,235,1,uMARS,UM04,30040004,2025-12-10T17:10:48,2025-12-10T17:25:05,0.53,4
235,235,1,uMARS,UM06,30060004,2025-12-10T17:10:48,2025-12-10T17:25:05,0.53,4
235,235,1,uMARS,UM07,30070004,2025-12-10T17:10:48,2025-12-10T17:25:05,0.53,4
235,235,1,uMARS,UM08,30080005,2025-12-10T17:10:48,2025-12-10T17:25:05,0.53,5
235,235,1,uMARS,UM09,30090004,2025-12-10T17:10:48,2025-12-10T17:25:05,0.53,4
235,235,1,uMARS,UM10,30100004,2025-12-10T17:10:48,2025-12-10T17:25:05,0.53,4
235,235,1,uMARS,UM11,30110004,2025-12-10T17:10:48,2025-12-10T17:25:05,0.53,4
235,235,1,uMARS,UM12,30120005,2025-12-10T17:10:48,2025-12-10T17:25:05,0.53,4
235,235,1,uMARS,UM13,30130005,2025-12-10T17:10:48,2025-12-10T17:25:05,0.53,4
235,235,1,uMARS,UM14,30140005,2025-12-10T17:10:48,2025-12-10T17:25:05,0.53,4
235,235,1,uMARS,UM15,30150005,2025-12-10T17:10:48,2025-12-10T17:25:05,0.53,4
235,235,1,uMARS,UM16,30160003,2025-12-10T17:10:48,2025-12-10T17:25:05,0.53,3
235,235,1,uMARS,UM17,30170003,2025-12-10T17:10:48,2025-12-10T17:25:05,0.53,3
235,235,1,uMARS,UM18,30180002,2025-12-10T17:10:48,2025-12-10T17:25:05,0.53,2
235,235,1,uMARS,UM19,30190003,2025-12-10T17:10:48,2025-12-10T17:25:05,0.53,3
235,235,1,uMARS,UM20,30200003,2025-12-10T17:10:48,2025-12-10T17:25:05,0.53,3
235,235,1,uMARS,UM21,30210004,2025-12-10T17:10:48,2025-12-10T17:25:05,0.53,4
235,235,1,uMARS,UM22,30220003,2025-12-10T17:10:48,2025-12-10T17:25:05,0.53,3
235,235,1,uMARS,UM23,30230003,2025-12-10T17:10:48,2025-12-10T17:25:05,0.53,3
235,235,1,uMARS,UM24,30240003,2025-12-10T17:10:48,2025-12-10T17:25:05,0.53,3
235,235,1,uMARS,UM25,30250003,2025-12-10T17:10:48,2025-12-10T17:25:05,0.53,3
237,237,1,SUS,SU01_01,20010103,2025-12-13T08:37:54,2025-12-13T08:39:52,0.97,3
237,237,1,SUS,SU01_02,20010204,2025-12-13T08:37:54,2025-12-13T08:39:52,0.97,4
237,237,1,SUS,SU01_03,20010305,2025-12-13T08:37:54,2025-12-13T08:39:52,0.97,5
237,237,1,SUS,SU01_04,20010405,2025-12-13T08:37:54,2025-12-13T08:39:52,0.97,5
237,237,1,SUS,SU01_05,20010503,2025-12-13T08:37:54,2025-12-13T08:39:52,0.97,3
237,237,1,SUS,SU01_06,20010604,2025-12-13T08:37:54,2025-12-13T08:39:52,0.97,4
237,237,1,SUS,SU01_07,20010703,2025-12-13T08:37:54,2025-12-13T08:39:52,0.97,3
237,237,1,SUS,SU01_08,20010804,2025-12-13T08:37:54,2025-12-13T08:39:52,0.97,4
237,237,1,SUS,SU01_09,20010904,2025-12-13T08:37:54,2025-12-13T08:39:52,0.97,4
237,237,1,SUS,SU01_10,20011005,2025-12-13T08:37:54,2025-12-13T08:39:52,0.97,5
238,238,1,ME1,M002_01,10020108,2025-12-14T12:44:56,2025-12-14T12:45:48,2.0,8
238,238,1,ME1,M003_01,10030107,2025-12-14T12:44:56,2025-12-14T12:45:48,2.0,7
238,238,1,ME1,M004_01,10040108,2025-12-14T12:44:56,2025-12-14T12:45:48,2.0,8
238,238,1,ME1,M005,10050002,2025-12-14T12:44:56,2025-12-14T12:45:48,2.0,2
238,238,1,ME1,M006_01,10060108,2025-12-14T12:44:56,2025-12-14T12:45:48,2.0,8
238,238,1,ME1,M007_01,10070102,2025-12-14T12:44:56,2025-12-14T12:45:48,2.0,NO_RECORDED_RESPONSE
238,238,1,ME1,M008_01,10080102,2025-12-14T12:44:56,2025-12-14T12:45:48,2.0,NO_RECORDED_RESPONSE
238,238,1,ME1,M010_01,10100106,2025-12-14T12:44:56,2025-12-14T12:45:48,2.0,6
239,239,1,ME1,M002_01,10020107,2025-12-14T13:05:12,2025-12-14T13:05:50,2.63,7
239,239,1,ME1,M003_01,10030107,2025-12-14T13:05:12,2025-12-14T13:05:50,2.63,7
239,239,1,ME1,M004_01,10040107,2025-12-14T13:05:12,2025-12-14T13:05:50,2.63,7
239,239,1,ME1,M005,10050002,2025-12-14T13:05:12,2025-12-14T13:05:50,2.63,2
239,239,1,ME1,M006_01,10060108,2025-12-14T13:05:12,2025-12-14T13:05:50,2.63,8
239,239,1,ME1,M007_01,10070102,2025-12-14T13:05:12,2025-12-14T13:05:50,2.63,NO_RECORDED_RESPONSE
239,239,1,ME1,M008_01,10080102,2025-12-14T13:05:12,2025-12-14T13:05:50,2.63,NO_RECORDED_RESPONSE
239,239,1,ME1,M010_01,10100108,2025-12-14T13:05:12,2025-12-14T13:05:50,2.63,8
240,240,1,SUS,SU01_01,20010103,2025-12-14T13:06:44,2025-12-14T13:08:03,1.47,3
240,240,1,SUS,SU01_02,20010204,2025-12-14T13:06:44,2025-12-14T13:08:03,1.47,4
240,240,1,SUS,SU01_03,20010304,2025-12-14T13:06:44,2025-12-14T13:08:03,1.47,4
240,240,1,SUS,SU01_04,20010405,2025-12-14T13:06:44,2025-12-14T13:08:03,1.47,5
240,240,1,SUS,SU01_05,20010503,2025-12-14T13:06:44,2025-12-14T13:08:03,1.47,3
240,240,1,SUS,SU01_06,20010604,2025-12-14T13:06:44,2025-12-14T13:08:03,1.47,4
240,240,1,SUS,SU01_07,20010704,2025-12-14T13:06:44,2025-12-14T13:08:03,1.47,4
240,240,1,SUS,SU01_08,20010805,2025-12-14T13:06:44,2025-12-14T13:08:03,1.47,5
240,240,1,SUS,SU01_09,20010904,2025-12-14T13:06:44,2025-12-14T13:08:03,1.47,4
240,240,1,SUS,SU01_10,20011005,2025-12-14T13:06:44,2025-12-14T13:08:03,1.47,5
241,241,1,uMARS,UM01,30010002,2025-12-14T13:08:07,2025-12-14T13:13:41,1.44,3
241,241,1,uMARS,UM02,30020004,2025-12-14T13:08:07,2025-12-14T13:13:41,1.44,4
241,241,1,uMARS,UM03,30030002,2025-12-14T13:08:07,2025-12-14T13:13:41,1.44,2
241,241,1,uMARS,UM04,30040004,2025-12-14T13:08:07,2025-12-14T13:13:41,1.44,4
241,241,1,uMARS,UM06,30060004,2025-12-14T13:08:07,2025-12-14T13:13:41,1.44,4
241,241,1,uMARS,UM07,30070004,2025-12-14T13:08:07,2025-12-14T13:13:41,1.44,4
241,241,1,uMARS,UM08,30080004,2025-12-14T13:08:07,2025-12-14T13:13:41,1.44,4
241,241,1,uMARS,UM09,30090004,2025-12-14T13:08:07,2025-12-14T13:13:41,1.44,4
241,241,1,uMARS,UM10,30100004,2025-12-14T13:08:07,2025-12-14T13:13:41,1.44,4
241,241,1,uMARS,UM11,30110004,2025-12-14T13:08:07,2025-12-14T13:13:41,1.44,4
241,241,1,uMARS,UM12,30120005,2025-12-14T13:08:07,2025-12-14T13:13:41,1.44,4
241,241,1,uMARS,UM13,30130005,2025-12-14T13:08:07,2025-12-14T13:13:41,1.44,4
241,241,1,uMARS,UM14,30140005,2025-12-14T13:08:07,2025-12-14T13:13:41,1.44,4
241,241,1,uMARS,UM15,30150005,2025-12-14T13:08:07,2025-12-14T13:13:41,1.44,4
241,241,1,uMARS,UM16,30160003,2025-12-14T13:08:07,2025-12-14T13:13:41,1.44,3
241,241,1,uMARS,UM17,30170002,2025-12-14T13:08:07,2025-12-14T13:13:41,1.44,2
241,241,1,uMARS,UM18,30180002,2025-12-14T13:08:07,2025-12-14T13:13:41,1.44,2
241,241,1,uMARS,UM19,30190004,2025-12-14T13:08:07,2025-12-14T13:13:41,1.44,4
241,241,1,uMARS,UM20,30200004,2025-12-14T13:08:07,2025-12-14T13:13:41,1.44,4
241,241,1,uMARS,UM21,30210004,2025-12-14T13:08:07,2025-12-14T13:13:41,1.44,4
241,241,1,uMARS,UM22,30220003,2025-12-14T13:08:07,2025-12-14T13:13:41,1.44,3
241,241,1,uMARS,UM23,30230004,2025-12-14T13:08:07,2025-12-14T13:13:41,1.44,4
241,241,1,uMARS,UM24,30240004,2025-12-14T13:08:07,2025-12-14T13:13:41,1.44,4
241,241,1,uMARS,UM25,30250003,2025-12-14T13:08:07,2025-12-14T13:13:41,1.44,3
242,242,1,SUS,SU01_01,20010105,2025-12-15T17:13:01,2025-12-15T17:16:04,0.63,5
242,242,1,SUS,SU01_02,20010205,2025-12-15T17:13:01,2025-12-15T17:16:04,0.63,5
242,242,1,SUS,SU01_03,20010305,2025-12-15T17:13:01,2025-12-15T17:16:04,0.63,5
242,242,1,SUS,SU01_04,20010405,2025-12-15T17:13:01,2025-12-15T17:16:04,0.63,5
242,242,1,SUS,SU01_05,20010505,2025-12-15T17:13:01,2025-12-15T17:16:04,0.63,5
242,242,1,SUS,SU01_06,20010605,2025-12-15T17:13:01,2025-12-15T17:16:04,0.63,5
242,242,1,SUS,SU01_07,20010705,2025-12-15T17:13:01,2025-12-15T17:16:04,0.63,5
242,242,1,SUS,SU01_08,20010805,2025-12-15T17:13:01,2025-12-15T17:16:04,0.63,5
242,242,1,SUS,SU01_09,20010905,2025-12-15T17:13:01,2025-12-15T17:16:04,0.63,5
242,242,1,SUS,SU01_10,20011005,2025-12-15T17:13:01,2025-12-15T17:16:04,0.63,5
243,243,1,uMARS,UM01,30010004,2025-12-15T17:16:21,2025-12-15T17:54:22,0.32,5
243,243,1,uMARS,UM02,30020005,2025-12-15T17:16:21,2025-12-15T17:54:22,0.32,5
243,243,1,uMARS,UM03,30030004,2025-12-15T17:16:21,2025-12-15T17:54:22,0.32,4
243,243,1,uMARS,UM04,30040005,2025-12-15T17:16:21,2025-12-15T17:54:22,0.32,5
243,243,1,uMARS,UM06,30060005,2025-12-15T17:16:21,2025-12-15T17:54:22,0.32,5
243,243,1,uMARS,UM07,30070004,2025-12-15T17:16:21,2025-12-15T17:54:22,0.32,4
243,243,1,uMARS,UM08,30080005,2025-12-15T17:16:21,2025-12-15T17:54:22,0.32,5
243,243,1,uMARS,UM09,30090004,2025-12-15T17:16:21,2025-12-15T17:54:22,0.32,4
243,243,1,uMARS,UM10,30100005,2025-12-15T17:16:21,2025-12-15T17:54:22,0.32,5
243,243,1,uMARS,UM11,30110005,2025-12-15T17:16:21,2025-12-15T17:54:22,0.32,5
243,243,1,uMARS,UM12,30120006,2025-12-15T17:16:21,2025-12-15T17:54:22,0.32,5
243,243,1,uMARS,UM13,30130005,2025-12-15T17:16:21,2025-12-15T17:54:22,0.32,4
243,243,1,uMARS,UM14,30140006,2025-12-15T17:16:21,2025-12-15T17:54:22,0.32,5
243,243,1,uMARS,UM15,30150001,2025-12-15T17:16:21,2025-12-15T17:54:22,0.32,6
243,243,1,uMARS,UM16,30160004,2025-12-15T17:16:21,2025-12-15T17:54:22,0.32,4
243,243,1,uMARS,UM17,30170004,2025-12-15T17:16:21,2025-12-15T17:54:22,0.32,4
243,243,1,uMARS,UM18,30180003,2025-12-15T17:16:21,2025-12-15T17:54:22,0.32,3
243,243,1,uMARS,UM19,30190004,2025-12-15T17:16:21,2025-12-15T17:54:22,0.32,4
243,243,1,uMARS,UM20,30200005,2025-12-15T17:16:21,2025-12-15T17:54:22,0.32,5
243,243,1,uMARS,UM21,30210005,2025-12-15T17:16:21,2025-12-15T17:54:22,0.32,5
243,243,1,uMARS,UM22,30220005,2025-12-15T17:16:21,2025-12-15T17:54:22,0.32,5
243,243,1,uMARS,UM23,30230005,2025-12-15T17:16:21,2025-12-15T17:54:22,0.32,5
243,243,1,uMARS,UM24,30240003,2025-12-15T17:16:21,2025-12-15T17:54:22,0.32,3
243,243,1,uMARS,UM25,30250004,2025-12-15T17:16:21,2025-12-15T17:54:22,0.32,4
244,244,1,ME1,M002_01,10020107,2025-12-16T13:05:50,2025-12-16T13:07:30,1.57,7
244,244,1,ME1,M003_01,10030110,2025-12-16T13:05:50,2025-12-16T13:07:30,1.57,10
244,244,1,ME1,M004_01,10040108,2025-12-16T13:05:50,2025-12-16T13:07:30,1.57,8
244,244,1,ME1,M005,10050002,2025-12-16T13:05:50,2025-12-16T13:07:30,1.57,2
244,244,1,ME1,M006_01,10060109,2025-12-16T13:05:50,2025-12-16T13:07:30,1.57,9
244,244,1,ME1,M007_01,10070102,2025-12-16T13:05:50,2025-12-16T13:07:30,1.57,NO_RECORDED_RESPONSE
244,244,1,ME1,M008_01,10080102,2025-12-16T13:05:50,2025-12-16T13:07:30,1.57,NO_RECORDED_RESPONSE
244,244,1,ME1,M010_01,10100107,2025-12-16T13:05:50,2025-12-16T13:07:30,1.57,7
246,246,1,ME1,M002_01,10020108,2025-12-16T18:33:31,2025-12-16T18:36:05,1.02,8
246,246,1,ME1,M003_01,10030109,2025-12-16T18:33:31,2025-12-16T18:36:05,1.02,9
246,246,1,ME1,M004_01,10040106,2025-12-16T18:33:31,2025-12-16T18:36:05,1.02,6
246,246,1,ME1,M005,10050002,2025-12-16T18:33:31,2025-12-16T18:36:05,1.02,2
246,246,1,ME1,M006_01,10060108,2025-12-16T18:33:31,2025-12-16T18:36:05,1.02,8
246,246,1,ME1,M007_01,10070101,2025-12-16T18:33:31,2025-12-16T18:36:05,1.02,Gute Information
246,246,1,ME1,M008_01,10080101,2025-12-16T18:33:31,2025-12-16T18:36:05,1.02,Für nicht Mediziner schwer zu verstehen
246,246,1,ME1,M010_01,10100107,2025-12-16T18:33:31,2025-12-16T18:36:05,1.02,7
247,247,1,ME1,M002_01,10020109,2025-12-17T13:57:01,2025-12-17T13:57:48,2.93,9
247,247,1,ME1,M003_01,10030110,2025-12-17T13:57:01,2025-12-17T13:57:48,2.93,10
247,247,1,ME1,M004_01,10040110,2025-12-17T13:57:01,2025-12-17T13:57:48,2.93,10
247,247,1,ME1,M005,10050003,2025-12-17T13:57:01,2025-12-17T13:57:48,2.93,3
247,247,1,ME1,M006_01,10060108,2025-12-17T13:57:01,2025-12-17T13:57:48,2.93,8
247,247,1,ME1,M007_01,10070102,2025-12-17T13:57:01,2025-12-17T13:57:48,2.93,NO_RECORDED_RESPONSE
247,247,1,ME1,M008_01,10080102,2025-12-17T13:57:01,2025-12-17T13:57:48,2.93,NO_RECORDED_RESPONSE
247,247,1,ME1,M010_01,10100109,2025-12-17T13:57:01,2025-12-17T13:57:48,2.93,9
248,248,1,ME1,M002_01,10020110,2025-12-19T13:30:17,2025-12-19T13:34:17,0.65,10
248,248,1,ME1,M003_01,10030110,2025-12-19T13:30:17,2025-12-19T13:34:17,0.65,10
248,248,1,ME1,M004_01,10040110,2025-12-19T13:30:17,2025-12-19T13:34:17,0.65,10
248,248,1,ME1,M005,10050002,2025-12-19T13:30:17,2025-12-19T13:34:17,0.65,2
248,248,1,ME1,M006_01,10060110,2025-12-19T13:30:17,2025-12-19T13:34:17,0.65,10
248,248,1,ME1,M007_01,10070101,2025-12-19T13:30:17,2025-12-19T13:34:17,0.65,VIDEO
248,248,1,ME1,M008_01,10080101,2025-12-19T13:30:17,2025-12-19T13:34:17,0.65,Spielanleitung
248,248,1,ME1,M010_01,10100110,2025-12-19T13:30:17,2025-12-19T13:34:17,0.65,10
249,249,1,ME1,M002_01,10020110,2025-12-19T13:39:01,2025-12-19T13:44:55,0.44,10
249,249,1,ME1,M003_01,10030110,2025-12-19T13:39:01,2025-12-19T13:44:55,0.44,10
249,249,1,ME1,M004_01,10040110,2025-12-19T13:39:01,2025-12-19T13:44:55,0.44,10
249,249,1,ME1,M005,10050002,2025-12-19T13:39:01,2025-12-19T13:44:55,0.44,2
249,249,1,ME1,M006_01,10060110,2025-12-19T13:39:01,2025-12-19T13:44:55,0.44,10
249,249,1,ME1,M007_01,10070101,2025-12-19T13:39:01,2025-12-19T13:44:55,0.44,Video
249,249,1,ME1,M008_01,10080101,2025-12-19T13:39:01,2025-12-19T13:44:55,0.44,Spieleanleitung
249,249,1,ME1,M010_01,10100110,2025-12-19T13:39:01,2025-12-19T13:44:55,0.44,10
251,251,1,SUS,SU01_01,20010102,2025-12-22T18:42:26,2025-12-22T18:44:27,0.95,2
251,251,1,SUS,SU01_02,20010202,2025-12-22T18:42:26,2025-12-22T18:44:27,0.95,2
251,251,1,SUS,SU01_03,20010304,2025-12-22T18:42:26,2025-12-22T18:44:27,0.95,4
251,251,1,SUS,SU01_04,20010401,2025-12-22T18:42:26,2025-12-22T18:44:27,0.95,1
251,251,1,SUS,SU01_05,20010503,2025-12-22T18:42:26,2025-12-22T18:44:27,0.95,3
251,251,1,SUS,SU01_06,20010603,2025-12-22T18:42:26,2025-12-22T18:44:27,0.95,3
251,251,1,SUS,SU01_07,20010702,2025-12-22T18:42:26,2025-12-22T18:44:27,0.95,2
251,251,1,SUS,SU01_08,20010801,2025-12-22T18:42:26,2025-12-22T18:44:27,0.95,1
251,251,1,SUS,SU01_09,20010902,2025-12-22T18:42:26,2025-12-22T18:44:27,0.95,2
251,251,1,SUS,SU01_10,20011003,2025-12-22T18:42:26,2025-12-22T18:44:27,0.95,3
252,252,1,uMARS,UM01,30010002,2025-12-22T18:45:00,2025-12-22T18:53:13,0.99,3
252,252,1,uMARS,UM02,30020003,2025-12-22T18:45:00,2025-12-22T18:53:13,0.99,3
252,252,1,uMARS,UM03,30030003,2025-12-22T18:45:00,2025-12-22T18:53:13,0.99,3
252,252,1,uMARS,UM04,30040003,2025-12-22T18:45:00,2025-12-22T18:53:13,0.99,3
252,252,1,uMARS,UM06,30060004,2025-12-22T18:45:00,2025-12-22T18:53:13,0.99,4
252,252,1,uMARS,UM07,30070003,2025-12-22T18:45:00,2025-12-22T18:53:13,0.99,3
252,252,1,uMARS,UM08,30080002,2025-12-22T18:45:00,2025-12-22T18:53:13,0.99,2
252,252,1,uMARS,UM09,30090003,2025-12-22T18:45:00,2025-12-22T18:53:13,0.99,3
252,252,1,uMARS,UM10,30100003,2025-12-22T18:45:00,2025-12-22T18:53:13,0.99,3
252,252,1,uMARS,UM11,30110003,2025-12-22T18:45:00,2025-12-22T18:53:13,0.99,3
252,252,1,uMARS,UM12,30120004,2025-12-22T18:45:00,2025-12-22T18:53:13,0.99,3
252,252,1,uMARS,UM13,30130004,2025-12-22T18:45:00,2025-12-22T18:53:13,0.99,3
252,252,1,uMARS,UM14,30140004,2025-12-22T18:45:00,2025-12-22T18:53:13,0.99,3
252,252,1,uMARS,UM15,30150005,2025-12-22T18:45:00,2025-12-22T18:53:13,0.99,4
252,252,1,uMARS,UM16,30160003,2025-12-22T18:45:00,2025-12-22T18:53:13,0.99,3
252,252,1,uMARS,UM17,30170002,2025-12-22T18:45:00,2025-12-22T18:53:13,0.99,2
252,252,1,uMARS,UM18,30180001,2025-12-22T18:45:00,2025-12-22T18:53:13,0.99,1
252,252,1,uMARS,UM19,30190003,2025-12-22T18:45:00,2025-12-22T18:53:13,0.99,3
252,252,1,uMARS,UM20,30200004,2025-12-22T18:45:00,2025-12-22T18:53:13,0.99,4
252,252,1,uMARS,UM21,30210003,2025-12-22T18:45:00,2025-12-22T18:53:13,0.99,3
252,252,1,uMARS,UM22,30220003,2025-12-22T18:45:00,2025-12-22T18:53:13,0.99,3
252,252,1,uMARS,UM23,30230003,2025-12-22T18:45:00,2025-12-22T18:53:13,0.99,3
252,252,1,uMARS,UM24,30240004,2025-12-22T18:45:00,2025-12-22T18:53:13,0.99,4
252,252,1,uMARS,UM25,30250003,2025-12-22T18:45:00,2025-12-22T18:53:13,0.99,3
253,253,1,ME1,M002_01,10020108,2025-12-22T21:56:53,2025-12-22T21:59:12,1.13,8
253,253,1,ME1,M003_01,10030110,2025-12-22T21:56:53,2025-12-22T21:59:12,1.13,10
253,253,1,ME1,M004_01,10040110,2025-12-22T21:56:53,2025-12-22T21:59:12,1.13,10
253,253,1,ME1,M005,10050001,2025-12-22T21:56:53,2025-12-22T21:59:12,1.13,1
253,253,1,ME1,M006_01,10060110,2025-12-22T21:56:53,2025-12-22T21:59:12,1.13,10
253,253,1,ME1,M007_01,10070101,2025-12-22T21:56:53,2025-12-22T21:59:12,1.13,Nichts Neues
253,253,1,ME1,M008_01,10080102,2025-12-22T21:56:53,2025-12-22T21:59:12,1.13,NO_RECORDED_RESPONSE
253,253,1,ME1,M010_01,10100102,2025-12-22T21:56:53,2025-12-22T21:59:12,1.13,2
255,255,1,ME1,M002_01,10020106,2025-12-22T22:11:00,2025-12-22T22:14:40,0.63,6
255,255,1,ME1,M003_01,10030106,2025-12-22T22:11:00,2025-12-22T22:14:40,0.63,6
255,255,1,ME1,M004_01,10040109,2025-12-22T22:11:00,2025-12-22T22:14:40,0.63,9
255,255,1,ME1,M005,10050001,2025-12-22T22:11:00,2025-12-22T22:14:40,0.63,1
255,255,1,ME1,M006_01,10060106,2025-12-22T22:11:00,2025-12-22T22:14:40,0.63,6
255,255,1,ME1,M007_01,10070102,2025-12-22T22:11:00,2025-12-22T22:14:40,0.63,NO_RECORDED_RESPONSE
255,255,1,ME1,M008_01,10080101,2025-12-22T22:11:00,2025-12-22T22:14:40,0.63,"Interessiert mich kaum, ist Aufgebe des Arztes, das richtige Medikament zu wählen. Ich habe vollstes Vertrauen zum Arzt!"
255,255,1,ME1,M010_01,10100107,2025-12-22T22:11:00,2025-12-22T22:14:40,0.63,7
256,256,1,ME1,M002_01,10020108,2025-12-23T00:10:58,2025-12-23T00:18:00,0.33,8
256,256,1,ME1,M003_01,10030110,2025-12-23T00:10:58,2025-12-23T00:18:00,0.33,10
256,256,1,ME1,M004_01,10040109,2025-12-23T00:10:58,2025-12-23T00:18:00,0.33,9
256,256,1,ME1,M005,10050002,2025-12-23T00:10:58,2025-12-23T00:18:00,0.33,2
256,256,1,ME1,M006_01,10060108,2025-12-23T00:10:58,2025-12-23T00:18:00,0.33,8
256,256,1,ME1,M007_01,10070101,2025-12-23T00:10:58,2025-12-23T00:18:00,0.33,"Es existieren zu viele Medikamente. Nach 1 Woche dürfte man min. 50 % schon wieder vergessen haben. Dann läuft man mit gefährlichem Halbwissen herum.
:-)"
256,256,1,ME1,M008_01,10080101,2025-12-23T00:10:58,2025-12-23T00:18:00,0.33,"So eine Art Merkzettel. D.h. wenn man bestimmte Begriffe/Erklärungen sucht, dass die wichtigsten Zusammhänge schnell gefunden werden."
256,256,1,ME1,M010_01,10100103,2025-12-23T00:10:58,2025-12-23T00:18:00,0.33,3
257,257,1,ME1,M002_01,10020110,2025-12-29T13:46:16,2025-12-29T14:11:48,0.1,10
257,257,1,ME1,M003_01,10030109,2025-12-29T13:46:16,2025-12-29T14:11:48,0.1,9
257,257,1,ME1,M004_01,10040108,2025-12-29T13:46:16,2025-12-29T14:11:48,0.1,8
257,257,1,ME1,M005,10050001,2025-12-29T13:46:16,2025-12-29T14:11:48,0.1,1
257,257,1,ME1,M006_01,10060109,2025-12-29T13:46:16,2025-12-29T14:11:48,0.1,9
257,257,1,ME1,M007_01,10070101,2025-12-29T13:46:16,2025-12-29T14:11:48,0.1,Besonders gut ist die Text-Bild-Erklärung für Patienten ohne Hintergrundwissen.
257,257,1,ME1,M008_01,10080101,2025-12-29T13:46:16,2025-12-29T14:11:48,0.1,Nichts
257,257,1,ME1,M010_01,10100110,2025-12-29T13:46:16,2025-12-29T14:11:48,0.1,10
258,258,1,ME1,M002_01,10020108,2025-12-29T17:39:48,2025-12-29T17:44:53,0.45,8
258,258,1,ME1,M003_01,10030109,2025-12-29T17:39:48,2025-12-29T17:44:53,0.45,9
258,258,1,ME1,M004_01,10040108,2025-12-29T17:39:48,2025-12-29T17:44:53,0.45,8
258,258,1,ME1,M005,10050002,2025-12-29T17:39:48,2025-12-29T17:44:53,0.45,2
258,258,1,ME1,M006_01,10060109,2025-12-29T17:39:48,2025-12-29T17:44:53,0.45,9
258,258,1,ME1,M007_01,10070101,2025-12-29T17:39:48,2025-12-29T17:44:53,0.45,"Das Video und das Quiz waren für mich ein guter Einblick, da es sehr verständlich und ausreichend erklärt wurde."
258,258,1,ME1,M008_01,10080101,2025-12-29T17:39:48,2025-12-29T17:44:53,0.45,Nichts
258,258,1,ME1,M010_01,10100109,2025-12-29T17:39:48,2025-12-29T17:44:53,0.45,9
259,259,1,ME1,M002_01,10020112,2025-12-29T17:45:03,2025-12-29T17:45:08,3.0,NO_RECORDED_RESPONSE
259,259,1,ME1,M003_01,10030112,2025-12-29T17:45:03,2025-12-29T17:45:08,3.0,NO_RECORDED_RESPONSE
259,259,1,ME1,M004_01,10040112,2025-12-29T17:45:03,2025-12-29T17:45:08,3.0,NO_RECORDED_RESPONSE
259,259,1,ME1,M005,10050005,2025-12-29T17:45:03,2025-12-29T17:45:08,3.0,NO_RECORDED_RESPONSE
259,259,1,ME1,M006_01,10060112,2025-12-29T17:45:03,2025-12-29T17:45:08,3.0,NO_RECORDED_RESPONSE
259,259,1,ME1,M007_01,10070102,2025-12-29T17:45:03,2025-12-29T17:45:08,3.0,NO_RECORDED_RESPONSE
259,259,1,ME1,M008_01,10080102,2025-12-29T17:45:03,2025-12-29T17:45:08,3.0,NO_RECORDED_RESPONSE
259,259,1,ME1,M010_01,10100112,2025-12-29T17:45:03,2025-12-29T17:45:08,3.0,NO_RECORDED_RESPONSE
262,262,1,ME1,M002_01,10020110,2025-12-29T18:44:33,2025-12-29T18:46:37,1.27,10
262,262,1,ME1,M003_01,10030110,2025-12-29T18:44:33,2025-12-29T18:46:37,1.27,10
262,262,1,ME1,M004_01,10040109,2025-12-29T18:44:33,2025-12-29T18:46:37,1.27,9
262,262,1,ME1,M005,10050001,2025-12-29T18:44:33,2025-12-29T18:46:37,1.27,1
262,262,1,ME1,M006_01,10060110,2025-12-29T18:44:33,2025-12-29T18:46:37,1.27,10
262,262,1,ME1,M007_01,10070101,2025-12-29T18:44:33,2025-12-29T18:46:37,1.27,Alles war super erklärt!
262,262,1,ME1,M008_01,10080101,2025-12-29T18:44:33,2025-12-29T18:46:37,1.27,Nichts
262,262,1,ME1,M010_01,10100109,2025-12-29T18:44:33,2025-12-29T18:46:37,1.27,9
263,263,1,ME1,M002_01,10020108,2025-12-30T12:26:15,2025-12-30T12:28:18,1.28,8
263,263,1,ME1,M003_01,10030110,2025-12-30T12:26:15,2025-12-30T12:28:18,1.28,10
263,263,1,ME1,M004_01,10040110,2025-12-30T12:26:15,2025-12-30T12:28:18,1.28,10
263,263,1,ME1,M005,10050001,2025-12-30T12:26:15,2025-12-30T12:28:18,1.28,1
263,263,1,ME1,M006_01,10060108,2025-12-30T12:26:15,2025-12-30T12:28:18,1.28,8
263,263,1,ME1,M007_01,10070101,2025-12-30T12:26:15,2025-12-30T12:28:18,1.28,Verständlich erklärt
263,263,1,ME1,M008_01,10080102,2025-12-30T12:26:15,2025-12-30T12:28:18,1.28,NO_RECORDED_RESPONSE
263,263,1,ME1,M010_01,10100104,2025-12-30T12:26:15,2025-12-30T12:28:18,1.28,4
264,264,1,ME1,M002_01,10020109,2025-12-30T12:52:50,2025-12-30T12:53:59,1.99,9
264,264,1,ME1,M003_01,10030110,2025-12-30T12:52:50,2025-12-30T12:53:59,1.99,10
264,264,1,ME1,M004_01,10040110,2025-12-30T12:52:50,2025-12-30T12:53:59,1.99,10
264,264,1,ME1,M005,10050001,2025-12-30T12:52:50,2025-12-30T12:53:59,1.99,1
264,264,1,ME1,M006_01,10060110,2025-12-30T12:52:50,2025-12-30T12:53:59,1.99,10
264,264,1,ME1,M007_01,10070101,2025-12-30T12:52:50,2025-12-30T12:53:59,1.99,verständlich erklärt
264,264,1,ME1,M008_01,10080102,2025-12-30T12:52:50,2025-12-30T12:53:59,1.99,NO_RECORDED_RESPONSE
264,264,1,ME1,M010_01,10100102,2025-12-30T12:52:50,2025-12-30T12:53:59,1.99,2
266,266,1,ME1,M002_01,10020108,2025-12-30T16:12:01,2025-12-30T16:13:21,1.28,8
266,266,1,ME1,M003_01,10030108,2025-12-30T16:12:01,2025-12-30T16:13:21,1.28,8
266,266,1,ME1,M004_01,10040109,2025-12-30T16:12:01,2025-12-30T16:13:21,1.28,9
266,266,1,ME1,M005,10050001,2025-12-30T16:12:01,2025-12-30T16:13:21,1.28,1
266,266,1,ME1,M006_01,10060108,2025-12-30T16:12:01,2025-12-30T16:13:21,1.28,8
266,266,1,ME1,M007_01,10070102,2025-12-30T16:12:01,2025-12-30T16:13:21,1.28,NO_RECORDED_RESPONSE
266,266,1,ME1,M008_01,10080102,2025-12-30T16:12:01,2025-12-30T16:13:21,1.28,NO_RECORDED_RESPONSE
266,266,1,ME1,M010_01,10100108,2025-12-30T16:12:01,2025-12-30T16:13:21,1.28,8
273,273,1,uMARS,UM01,30010003,2026-01-05T13:31:22,2026-01-05T13:38:26,1.04,4
273,273,1,uMARS,UM02,30020005,2026-01-05T13:31:22,2026-01-05T13:38:26,1.04,5
273,273,1,uMARS,UM03,30030003,2026-01-05T13:31:22,2026-01-05T13:38:26,1.04,3
273,273,1,uMARS,UM04,30040004,2026-01-05T13:31:22,2026-01-05T13:38:26,1.04,4
273,273,1,uMARS,UM06,30060005,2026-01-05T13:31:22,2026-01-05T13:38:26,1.04,5
273,273,1,uMARS,UM07,30070004,2026-01-05T13:31:22,2026-01-05T13:38:26,1.04,4
273,273,1,uMARS,UM08,30080004,2026-01-05T13:31:22,2026-01-05T13:38:26,1.04,4
273,273,1,uMARS,UM09,30090004,2026-01-05T13:31:22,2026-01-05T13:38:26,1.04,4
273,273,1,uMARS,UM10,30100004,2026-01-05T13:31:22,2026-01-05T13:38:26,1.04,4
273,273,1,uMARS,UM11,30110004,2026-01-05T13:31:22,2026-01-05T13:38:26,1.04,4
273,273,1,uMARS,UM12,30120006,2026-01-05T13:31:22,2026-01-05T13:38:26,1.04,5
273,273,1,uMARS,UM13,30130005,2026-01-05T13:31:22,2026-01-05T13:38:26,1.04,4
273,273,1,uMARS,UM14,30140006,2026-01-05T13:31:22,2026-01-05T13:38:26,1.04,5
273,273,1,uMARS,UM15,30150006,2026-01-05T13:31:22,2026-01-05T13:38:26,1.04,5
273,273,1,uMARS,UM16,30160005,2026-01-05T13:31:22,2026-01-05T13:38:26,1.04,5
273,273,1,uMARS,UM17,30170003,2026-01-05T13:31:22,2026-01-05T13:38:26,1.04,3
273,273,1,uMARS,UM18,30180002,2026-01-05T13:31:22,2026-01-05T13:38:26,1.04,2
273,273,1,uMARS,UM19,30190004,2026-01-05T13:31:22,2026-01-05T13:38:26,1.04,4
273,273,1,uMARS,UM20,30200003,2026-01-05T13:31:22,2026-01-05T13:38:26,1.04,3
273,273,1,uMARS,UM21,30210005,2026-01-05T13:31:22,2026-01-05T13:38:26,1.04,5
273,273,1,uMARS,UM22,30220003,2026-01-05T13:31:22,2026-01-05T13:38:26,1.04,3
273,273,1,uMARS,UM23,30230003,2026-01-05T13:31:22,2026-01-05T13:38:26,1.04,3
273,273,1,uMARS,UM24,30240004,2026-01-05T13:31:22,2026-01-05T13:38:26,1.04,4
273,273,1,uMARS,UM25,30250003,2026-01-05T13:31:22,2026-01-05T13:38:26,1.04,3
274,274,1,SUS,SU01_01,20010103,2026-01-05T13:38:37,2026-01-05T13:40:45,0.9,3
274,274,1,SUS,SU01_02,20010204,2026-01-05T13:38:37,2026-01-05T13:40:45,0.9,4
274,274,1,SUS,SU01_03,20010304,2026-01-05T13:38:37,2026-01-05T13:40:45,0.9,4
274,274,1,SUS,SU01_04,20010405,2026-01-05T13:38:37,2026-01-05T13:40:45,0.9,5
274,274,1,SUS,SU01_05,20010504,2026-01-05T13:38:37,2026-01-05T13:40:45,0.9,4
274,274,1,SUS,SU01_06,20010603,2026-01-05T13:38:37,2026-01-05T13:40:45,0.9,3
274,274,1,SUS,SU01_07,20010704,2026-01-05T13:38:37,2026-01-05T13:40:45,0.9,4
274,274,1,SUS,SU01_08,20010805,2026-01-05T13:38:37,2026-01-05T13:40:45,0.9,5
274,274,1,SUS,SU01_09,20010904,2026-01-05T13:38:37,2026-01-05T13:40:45,0.9,4
274,274,1,SUS,SU01_10,20011004,2026-01-05T13:38:37,2026-01-05T13:40:45,0.9,4
275,275,1,uMARS,UM01,30010002,2026-01-06T10:45:27,2026-01-06T10:50:58,1.85,3
275,275,1,uMARS,UM02,30020003,2026-01-06T10:45:27,2026-01-06T10:50:58,1.85,3
275,275,1,uMARS,UM03,30030003,2026-01-06T10:45:27,2026-01-06T10:50:58,1.85,3
275,275,1,uMARS,UM04,30040004,2026-01-06T10:45:27,2026-01-06T10:50:58,1.85,4
275,275,1,uMARS,UM06,30060004,2026-01-06T10:45:27,2026-01-06T10:50:58,1.85,4
275,275,1,uMARS,UM07,30070004,2026-01-06T10:45:27,2026-01-06T10:50:58,1.85,4
275,275,1,uMARS,UM08,30080002,2026-01-06T10:45:27,2026-01-06T10:50:58,1.85,2
275,275,1,uMARS,UM09,30090003,2026-01-06T10:45:27,2026-01-06T10:50:58,1.85,3
275,275,1,uMARS,UM10,30100004,2026-01-06T10:45:27,2026-01-06T10:50:58,1.85,4
275,275,1,uMARS,UM11,30110003,2026-01-06T10:45:27,2026-01-06T10:50:58,1.85,3
275,275,1,uMARS,UM12,30120005,2026-01-06T10:45:27,2026-01-06T10:50:58,1.85,4
275,275,1,uMARS,UM13,30130005,2026-01-06T10:45:27,2026-01-06T10:50:58,1.85,4
275,275,1,uMARS,UM14,30140005,2026-01-06T10:45:27,2026-01-06T10:50:58,1.85,4
275,275,1,uMARS,UM15,30150005,2026-01-06T10:45:27,2026-01-06T10:50:58,1.85,4
275,275,1,uMARS,UM16,30160003,2026-01-06T10:45:27,2026-01-06T10:50:58,1.85,3
275,275,1,uMARS,UM17,30170002,2026-01-06T10:45:27,2026-01-06T10:50:58,1.85,2
275,275,1,uMARS,UM18,30180001,2026-01-06T10:45:27,2026-01-06T10:50:58,1.85,1
275,275,1,uMARS,UM19,30190003,2026-01-06T10:45:27,2026-01-06T10:50:58,1.85,3
275,275,1,uMARS,UM20,30200004,2026-01-06T10:45:27,2026-01-06T10:50:58,1.85,4
275,275,1,uMARS,UM21,30210004,2026-01-06T10:45:27,2026-01-06T10:50:58,1.85,4
275,275,1,uMARS,UM22,30220003,2026-01-06T10:45:27,2026-01-06T10:50:58,1.85,3
275,275,1,uMARS,UM23,30230003,2026-01-06T10:45:27,2026-01-06T10:50:58,1.85,3
275,275,1,uMARS,UM24,30240003,2026-01-06T10:45:27,2026-01-06T10:50:58,1.85,3
275,275,1,uMARS,UM25,30250003,2026-01-06T10:45:27,2026-01-06T10:50:58,1.85,3
278,278,1,uMARS,UM01,30010002,2026-01-07T09:12:22,2026-01-07T09:16:18,1.92,3
278,278,1,uMARS,UM02,30020003,2026-01-07T09:12:22,2026-01-07T09:16:18,1.92,3
278,278,1,uMARS,UM03,30030003,2026-01-07T09:12:22,2026-01-07T09:16:18,1.92,3
278,278,1,uMARS,UM04,30040004,2026-01-07T09:12:22,2026-01-07T09:16:18,1.92,4
278,278,1,uMARS,UM06,30060004,2026-01-07T09:12:22,2026-01-07T09:16:18,1.92,4
278,278,1,uMARS,UM07,30070004,2026-01-07T09:12:22,2026-01-07T09:16:18,1.92,4
278,278,1,uMARS,UM08,30080004,2026-01-07T09:12:22,2026-01-07T09:16:18,1.92,4
278,278,1,uMARS,UM09,30090004,2026-01-07T09:12:22,2026-01-07T09:16:18,1.92,4
278,278,1,uMARS,UM10,30100004,2026-01-07T09:12:22,2026-01-07T09:16:18,1.92,4
278,278,1,uMARS,UM11,30110003,2026-01-07T09:12:22,2026-01-07T09:16:18,1.92,3
278,278,1,uMARS,UM12,30120005,2026-01-07T09:12:22,2026-01-07T09:16:18,1.92,4
278,278,1,uMARS,UM13,30130005,2026-01-07T09:12:22,2026-01-07T09:16:18,1.92,4
278,278,1,uMARS,UM14,30140005,2026-01-07T09:12:22,2026-01-07T09:16:18,1.92,4
278,278,1,uMARS,UM15,30150005,2026-01-07T09:12:22,2026-01-07T09:16:18,1.92,4
278,278,1,uMARS,UM16,30160003,2026-01-07T09:12:22,2026-01-07T09:16:18,1.92,3
278,278,1,uMARS,UM17,30170002,2026-01-07T09:12:22,2026-01-07T09:16:18,1.92,2
278,278,1,uMARS,UM18,30180001,2026-01-07T09:12:22,2026-01-07T09:16:18,1.92,1
278,278,1,uMARS,UM19,30190003,2026-01-07T09:12:22,2026-01-07T09:16:18,1.92,3
278,278,1,uMARS,UM20,30200002,2026-01-07T09:12:22,2026-01-07T09:16:18,1.92,2
278,278,1,uMARS,UM21,30210003,2026-01-07T09:12:22,2026-01-07T09:16:18,1.92,3
278,278,1,uMARS,UM22,30220002,2026-01-07T09:12:22,2026-01-07T09:16:18,1.92,2
278,278,1,uMARS,UM23,30230003,2026-01-07T09:12:22,2026-01-07T09:16:18,1.92,3
278,278,1,uMARS,UM24,30240002,2026-01-07T09:12:22,2026-01-07T09:16:18,1.92,2
278,278,1,uMARS,UM25,30250002,2026-01-07T09:12:22,2026-01-07T09:16:18,1.92,2
287,287,1,uMARS,UM01,30010002,2026-01-14T17:16:43,2026-01-14T17:22:45,1.18,3
287,287,1,uMARS,UM02,30020004,2026-01-14T17:16:43,2026-01-14T17:22:45,1.18,4
287,287,1,uMARS,UM03,30030003,2026-01-14T17:16:43,2026-01-14T17:22:45,1.18,3
287,287,1,uMARS,UM04,30040004,2026-01-14T17:16:43,2026-01-14T17:22:45,1.18,4
287,287,1,uMARS,UM06,30060005,2026-01-14T17:16:43,2026-01-14T17:22:45,1.18,5
287,287,1,uMARS,UM07,30070004,2026-01-14T17:16:43,2026-01-14T17:22:45,1.18,4
287,287,1,uMARS,UM08,30080005,2026-01-14T17:16:43,2026-01-14T17:22:45,1.18,5
287,287,1,uMARS,UM09,30090004,2026-01-14T17:16:43,2026-01-14T17:22:45,1.18,4
287,287,1,uMARS,UM10,30100004,2026-01-14T17:16:43,2026-01-14T17:22:45,1.18,4
287,287,1,uMARS,UM11,30110003,2026-01-14T17:16:43,2026-01-14T17:22:45,1.18,3
287,287,1,uMARS,UM12,30120005,2026-01-14T17:16:43,2026-01-14T17:22:45,1.18,4
287,287,1,uMARS,UM13,30130005,2026-01-14T17:16:43,2026-01-14T17:22:45,1.18,4
287,287,1,uMARS,UM14,30140005,2026-01-14T17:16:43,2026-01-14T17:22:45,1.18,4
287,287,1,uMARS,UM15,30150005,2026-01-14T17:16:43,2026-01-14T17:22:45,1.18,4
287,287,1,uMARS,UM16,30160004,2026-01-14T17:16:43,2026-01-14T17:22:45,1.18,4
287,287,1,uMARS,UM17,30170003,2026-01-14T17:16:43,2026-01-14T17:22:45,1.18,3
287,287,1,uMARS,UM18,30180002,2026-01-14T17:16:43,2026-01-14T17:22:45,1.18,2
287,287,1,uMARS,UM19,30190004,2026-01-14T17:16:43,2026-01-14T17:22:45,1.18,4
287,287,1,uMARS,UM20,30200003,2026-01-14T17:16:43,2026-01-14T17:22:45,1.18,3
287,287,1,uMARS,UM21,30210004,2026-01-14T17:16:43,2026-01-14T17:22:45,1.18,4
287,287,1,uMARS,UM22,30220003,2026-01-14T17:16:43,2026-01-14T17:22:45,1.18,3
287,287,1,uMARS,UM23,30230004,2026-01-14T17:16:43,2026-01-14T17:22:45,1.18,4
287,287,1,uMARS,UM24,30240004,2026-01-14T17:16:43,2026-01-14T17:22:45,1.18,4
287,287,1,uMARS,UM25,30250004,2026-01-14T17:16:43,2026-01-14T17:22:45,1.18,4
288,288,1,SUS,SU01_01,20010103,2026-01-14T17:23:12,2026-01-14T17:24:34,1.4,3
288,288,1,SUS,SU01_02,20010204,2026-01-14T17:23:12,2026-01-14T17:24:34,1.4,4
288,288,1,SUS,SU01_03,20010305,2026-01-14T17:23:12,2026-01-14T17:24:34,1.4,5
288,288,1,SUS,SU01_04,20010405,2026-01-14T17:23:12,2026-01-14T17:24:34,1.4,5
288,288,1,SUS,SU01_05,20010504,2026-01-14T17:23:12,2026-01-14T17:24:34,1.4,4
288,288,1,SUS,SU01_06,20010605,2026-01-14T17:23:12,2026-01-14T17:24:34,1.4,5
288,288,1,SUS,SU01_07,20010703,2026-01-14T17:23:12,2026-01-14T17:24:34,1.4,3
288,288,1,SUS,SU01_08,20010805,2026-01-14T17:23:12,2026-01-14T17:24:34,1.4,5
288,288,1,SUS,SU01_09,20010904,2026-01-14T17:23:12,2026-01-14T17:24:34,1.4,4
288,288,1,SUS,SU01_10,20011005,2026-01-14T17:23:12,2026-01-14T17:24:34,1.4,5
297,297,1,uMARS,UM01,30010002,2026-01-30T11:30:55,2026-01-30T11:34:55,1.8,3
297,297,1,uMARS,UM02,30020003,2026-01-30T11:30:55,2026-01-30T11:34:55,1.8,3
297,297,1,uMARS,UM03,30030003,2026-01-30T11:30:55,2026-01-30T11:34:55,1.8,3
297,297,1,uMARS,UM04,30040004,2026-01-30T11:30:55,2026-01-30T11:34:55,1.8,4
297,297,1,uMARS,UM06,30060004,2026-01-30T11:30:55,2026-01-30T11:34:55,1.8,4
297,297,1,uMARS,UM07,30070004,2026-01-30T11:30:55,2026-01-30T11:34:55,1.8,4
297,297,1,uMARS,UM08,30080005,2026-01-30T11:30:55,2026-01-30T11:34:55,1.8,5
297,297,1,uMARS,UM09,30090004,2026-01-30T11:30:55,2026-01-30T11:34:55,1.8,4
297,297,1,uMARS,UM10,30100004,2026-01-30T11:30:55,2026-01-30T11:34:55,1.8,4
297,297,1,uMARS,UM11,30110004,2026-01-30T11:30:55,2026-01-30T11:34:55,1.8,4
297,297,1,uMARS,UM12,30120004,2026-01-30T11:30:55,2026-01-30T11:34:55,1.8,3
297,297,1,uMARS,UM13,30130005,2026-01-30T11:30:55,2026-01-30T11:34:55,1.8,4
297,297,1,uMARS,UM14,30140005,2026-01-30T11:30:55,2026-01-30T11:34:55,1.8,4
297,297,1,uMARS,UM15,30150005,2026-01-30T11:30:55,2026-01-30T11:34:55,1.8,4
297,297,1,uMARS,UM16,30160004,2026-01-30T11:30:55,2026-01-30T11:34:55,1.8,4
297,297,1,uMARS,UM17,30170003,2026-01-30T11:30:55,2026-01-30T11:34:55,1.8,3
297,297,1,uMARS,UM18,30180001,2026-01-30T11:30:55,2026-01-30T11:34:55,1.8,1
297,297,1,uMARS,UM19,30190003,2026-01-30T11:30:55,2026-01-30T11:34:55,1.8,3
297,297,1,uMARS,UM20,30200003,2026-01-30T11:30:55,2026-01-30T11:34:55,1.8,3
297,297,1,uMARS,UM21,30210004,2026-01-30T11:30:55,2026-01-30T11:34:55,1.8,4
297,297,1,uMARS,UM22,30220004,2026-01-30T11:30:55,2026-01-30T11:34:55,1.8,4
297,297,1,uMARS,UM23,30230003,2026-01-30T11:30:55,2026-01-30T11:34:55,1.8,3
297,297,1,uMARS,UM24,30240004,2026-01-30T11:30:55,2026-01-30T11:34:55,1.8,4
297,297,1,uMARS,UM25,30250004,2026-01-30T11:30:55,2026-01-30T11:34:55,1.8,4
298,298,1,SUS,SU01_01,20010103,2026-01-30T11:35:08,2026-01-30T11:36:50,1.13,3
298,298,1,SUS,SU01_02,20010203,2026-01-30T11:35:08,2026-01-30T11:36:50,1.13,3
298,298,1,SUS,SU01_03,20010303,2026-01-30T11:35:08,2026-01-30T11:36:50,1.13,3
298,298,1,SUS,SU01_04,20010403,2026-01-30T11:35:08,2026-01-30T11:36:50,1.13,3
298,298,1,SUS,SU01_05,20010503,2026-01-30T11:35:08,2026-01-30T11:36:50,1.13,3
298,298,1,SUS,SU01_06,20010603,2026-01-30T11:35:08,2026-01-30T11:36:50,1.13,3
298,298,1,SUS,SU01_07,20010703,2026-01-30T11:35:08,2026-01-30T11:36:50,1.13,3
298,298,1,SUS,SU01_08,20010803,2026-01-30T11:35:08,2026-01-30T11:36:50,1.13,3
298,298,1,SUS,SU01_09,20010903,2026-01-30T11:35:08,2026-01-30T11:36:50,1.13,3
298,298,1,SUS,SU01_10,20011002,2026-01-30T11:35:08,2026-01-30T11:36:50,1.13,2
299,299,1,uMARS,UM01,30010003,2026-01-31T14:24:04,2026-01-31T14:29:38,1.42,4
299,299,1,uMARS,UM02,30020004,2026-01-31T14:24:04,2026-01-31T14:29:38,1.42,4
299,299,1,uMARS,UM03,30030004,2026-01-31T14:24:04,2026-01-31T14:29:38,1.42,4
299,299,1,uMARS,UM04,30040004,2026-01-31T14:24:04,2026-01-31T14:29:38,1.42,4
299,299,1,uMARS,UM06,30060005,2026-01-31T14:24:04,2026-01-31T14:29:38,1.42,5
299,299,1,uMARS,UM07,30070005,2026-01-31T14:24:04,2026-01-31T14:29:38,1.42,5
299,299,1,uMARS,UM08,30080004,2026-01-31T14:24:04,2026-01-31T14:29:38,1.42,4
299,299,1,uMARS,UM09,30090004,2026-01-31T14:24:04,2026-01-31T14:29:38,1.42,4
299,299,1,uMARS,UM10,30100004,2026-01-31T14:24:04,2026-01-31T14:29:38,1.42,4
299,299,1,uMARS,UM11,30110003,2026-01-31T14:24:04,2026-01-31T14:29:38,1.42,3
299,299,1,uMARS,UM12,30120005,2026-01-31T14:24:04,2026-01-31T14:29:38,1.42,4
299,299,1,uMARS,UM13,30130005,2026-01-31T14:24:04,2026-01-31T14:29:38,1.42,4
299,299,1,uMARS,UM14,30140005,2026-01-31T14:24:04,2026-01-31T14:29:38,1.42,4
299,299,1,uMARS,UM15,30150006,2026-01-31T14:24:04,2026-01-31T14:29:38,1.42,5
299,299,1,uMARS,UM16,30160004,2026-01-31T14:24:04,2026-01-31T14:29:38,1.42,4
299,299,1,uMARS,UM17,30170003,2026-01-31T14:24:04,2026-01-31T14:29:38,1.42,3
299,299,1,uMARS,UM18,30180003,2026-01-31T14:24:04,2026-01-31T14:29:38,1.42,3
299,299,1,uMARS,UM19,30190003,2026-01-31T14:24:04,2026-01-31T14:29:38,1.42,3
299,299,1,uMARS,UM20,30200005,2026-01-31T14:24:04,2026-01-31T14:29:38,1.42,5
299,299,1,uMARS,UM21,30210005,2026-01-31T14:24:04,2026-01-31T14:29:38,1.42,5
299,299,1,uMARS,UM22,30220004,2026-01-31T14:24:04,2026-01-31T14:29:38,1.42,4
299,299,1,uMARS,UM23,30230004,2026-01-31T14:24:04,2026-01-31T14:29:38,1.42,4
299,299,1,uMARS,UM24,30240003,2026-01-31T14:24:04,2026-01-31T14:29:38,1.42,3
299,299,1,uMARS,UM25,30250003,2026-01-31T14:24:04,2026-01-31T14:29:38,1.42,3
300,300,1,SUS,SU01_01,20010103,2026-01-31T14:29:48,2026-01-31T14:31:32,1.11,3
300,300,1,SUS,SU01_02,20010205,2026-01-31T14:29:48,2026-01-31T14:31:32,1.11,5
300,300,1,SUS,SU01_03,20010304,2026-01-31T14:29:48,2026-01-31T14:31:32,1.11,4
300,300,1,SUS,SU01_04,20010405,2026-01-31T14:29:48,2026-01-31T14:31:32,1.11,5
300,300,1,SUS,SU01_05,20010504,2026-01-31T14:29:48,2026-01-31T14:31:32,1.11,4
300,300,1,SUS,SU01_06,20010604,2026-01-31T14:29:48,2026-01-31T14:31:32,1.11,4
300,300,1,SUS,SU01_07,20010704,2026-01-31T14:29:48,2026-01-31T14:31:32,1.11,4
300,300,1,SUS,SU01_08,20010805,2026-01-31T14:29:48,2026-01-31T14:31:32,1.11,5
300,300,1,SUS,SU01_09,20010904,2026-01-31T14:29:48,2026-01-31T14:31:32,1.11,4
300,300,1,SUS,SU01_10,20011005,2026-01-31T14:29:48,2026-01-31T14:31:32,1.11,5
305,305,1,uMARS,UM01,30010002,2026-02-06T09:18:19,2026-02-06T09:33:28,0.49,3
305,305,1,uMARS,UM02,30020004,2026-02-06T09:18:19,2026-02-06T09:33:28,0.49,4
305,305,1,uMARS,UM03,30030003,2026-02-06T09:18:19,2026-02-06T09:33:28,0.49,3
305,305,1,uMARS,UM04,30040004,2026-02-06T09:18:19,2026-02-06T09:33:28,0.49,4
305,305,1,uMARS,UM06,30060003,2026-02-06T09:18:19,2026-02-06T09:33:28,0.49,3
305,305,1,uMARS,UM07,30070004,2026-02-06T09:18:19,2026-02-06T09:33:28,0.49,4
305,305,1,uMARS,UM08,30080005,2026-02-06T09:18:19,2026-02-06T09:33:28,0.49,5
305,305,1,uMARS,UM09,30090003,2026-02-06T09:18:19,2026-02-06T09:33:28,0.49,3
305,305,1,uMARS,UM10,30100005,2026-02-06T09:18:19,2026-02-06T09:33:28,0.49,5
305,305,1,uMARS,UM11,30110003,2026-02-06T09:18:19,2026-02-06T09:33:28,0.49,3
305,305,1,uMARS,UM12,30120005,2026-02-06T09:18:19,2026-02-06T09:33:28,0.49,4
305,305,1,uMARS,UM13,30130005,2026-02-06T09:18:19,2026-02-06T09:33:28,0.49,4
305,305,1,uMARS,UM14,30140005,2026-02-06T09:18:19,2026-02-06T09:33:28,0.49,4
305,305,1,uMARS,UM15,30150005,2026-02-06T09:18:19,2026-02-06T09:33:28,0.49,4
305,305,1,uMARS,UM16,30160004,2026-02-06T09:18:19,2026-02-06T09:33:28,0.49,4
305,305,1,uMARS,UM17,30170002,2026-02-06T09:18:19,2026-02-06T09:33:28,0.49,2
305,305,1,uMARS,UM18,30180001,2026-02-06T09:18:19,2026-02-06T09:33:28,0.49,1
305,305,1,uMARS,UM19,30190005,2026-02-06T09:18:19,2026-02-06T09:33:28,0.49,5
305,305,1,uMARS,UM20,30200004,2026-02-06T09:18:19,2026-02-06T09:33:28,0.49,4
305,305,1,uMARS,UM21,30210003,2026-02-06T09:18:19,2026-02-06T09:33:28,0.49,3
305,305,1,uMARS,UM22,30220003,2026-02-06T09:18:19,2026-02-06T09:33:28,0.49,3
305,305,1,uMARS,UM23,30230003,2026-02-06T09:18:19,2026-02-06T09:33:28,0.49,3
305,305,1,uMARS,UM24,30240002,2026-02-06T09:18:19,2026-02-06T09:33:28,0.49,2
305,305,1,uMARS,UM25,30250003,2026-02-06T09:18:19,2026-02-06T09:33:28,0.49,3
306,306,1,uMARS,UM01,30010001,2026-02-06T13:57:31,2026-02-06T14:02:43,0.9,2
306,306,1,uMARS,UM02,30020002,2026-02-06T13:57:31,2026-02-06T14:02:43,0.9,2
306,306,1,uMARS,UM03,30030001,2026-02-06T13:57:31,2026-02-06T14:02:43,0.9,1
306,306,1,uMARS,UM04,30040002,2026-02-06T13:57:31,2026-02-06T14:02:43,0.9,2
306,306,1,uMARS,UM06,30060001,2026-02-06T13:57:31,2026-02-06T14:02:43,0.9,1
306,306,1,uMARS,UM07,30070001,2026-02-06T13:57:31,2026-02-06T14:02:43,0.9,1
306,306,1,uMARS,UM08,30080001,2026-02-06T13:57:31,2026-02-06T14:02:43,0.9,1
306,306,1,uMARS,UM09,30090001,2026-02-06T13:57:31,2026-02-06T14:02:43,0.9,1
306,306,1,uMARS,UM10,30100001,2026-02-06T13:57:31,2026-02-06T14:02:43,0.9,1
306,306,1,uMARS,UM11,30110001,2026-02-06T13:57:31,2026-02-06T14:02:43,0.9,1
306,306,1,uMARS,UM12,30120008,2026-02-06T13:57:31,2026-02-06T14:02:43,0.9,NO_RECORDED_RESPONSE
306,306,1,uMARS,UM13,30130008,2026-02-06T13:57:31,2026-02-06T14:02:43,0.9,NO_RECORDED_RESPONSE
306,306,1,uMARS,UM14,30140008,2026-02-06T13:57:31,2026-02-06T14:02:43,0.9,NO_RECORDED_RESPONSE
306,306,1,uMARS,UM15,30150008,2026-02-06T13:57:31,2026-02-06T14:02:43,0.9,NO_RECORDED_RESPONSE
306,306,1,uMARS,UM16,30160007,2026-02-06T13:57:31,2026-02-06T14:02:43,0.9,NO_RECORDED_RESPONSE
306,306,1,uMARS,UM17,30170007,2026-02-06T13:57:31,2026-02-06T14:02:43,0.9,NO_RECORDED_RESPONSE
306,306,1,uMARS,UM18,30180007,2026-02-06T13:57:31,2026-02-06T14:02:43,0.9,NO_RECORDED_RESPONSE
306,306,1,uMARS,UM19,30190007,2026-02-06T13:57:31,2026-02-06T14:02:43,0.9,NO_RECORDED_RESPONSE
306,306,1,uMARS,UM20,30200007,2026-02-06T13:57:31,2026-02-06T14:02:43,0.9,NO_RECORDED_RESPONSE
306,306,1,uMARS,UM21,30210007,2026-02-06T13:57:31,2026-02-06T14:02:43,0.9,NO_RECORDED_RESPONSE
306,306,1,uMARS,UM22,30220007,2026-02-06T13:57:31,2026-02-06T14:02:43,0.9,NO_RECORDED_RESPONSE
306,306,1,uMARS,UM23,30230007,2026-02-06T13:57:31,2026-02-06T14:02:43,0.9,NO_RECORDED_RESPONSE
306,306,1,uMARS,UM24,30240007,2026-02-06T13:57:31,2026-02-06T14:02:43,0.9,NO_RECORDED_RESPONSE
306,306,1,uMARS,UM25,30250007,2026-02-06T13:57:31,2026-02-06T14:02:43,0.9,NO_RECORDED_RESPONSE
307,307,1,SUS,SU01_01,20010101,2026-02-06T14:04:14,2026-02-06T14:06:26,0.87,1
307,307,1,SUS,SU01_02,20010205,2026-02-06T14:04:14,2026-02-06T14:06:26,0.87,5
307,307,1,SUS,SU01_03,20010302,2026-02-06T14:04:14,2026-02-06T14:06:26,0.87,2
307,307,1,SUS,SU01_04,20010405,2026-02-06T14:04:14,2026-02-06T14:06:26,0.87,5
307,307,1,SUS,SU01_05,20010503,2026-02-06T14:04:14,2026-02-06T14:06:26,0.87,3
307,307,1,SUS,SU01_06,20010602,2026-02-06T14:04:14,2026-02-06T14:06:26,0.87,2
307,307,1,SUS,SU01_07,20010703,2026-02-06T14:04:14,2026-02-06T14:06:26,0.87,3
307,307,1,SUS,SU01_08,20010803,2026-02-06T14:04:14,2026-02-06T14:06:26,0.87,3
307,307,1,SUS,SU01_09,20010904,2026-02-06T14:04:14,2026-02-06T14:06:26,0.87,4
307,307,1,SUS,SU01_10,20011002,2026-02-06T14:04:14,2026-02-06T14:06:26,0.87,2
309,309,1,uMARS,UM01,30010002,2026-02-06T14:06:50,2026-02-06T14:16:09,0.96,3
309,309,1,uMARS,UM02,30020003,2026-02-06T14:06:50,2026-02-06T14:16:09,0.96,3
309,309,1,uMARS,UM03,30030003,2026-02-06T14:06:50,2026-02-06T14:16:09,0.96,3
309,309,1,uMARS,UM04,30040003,2026-02-06T14:06:50,2026-02-06T14:16:09,0.96,3
309,309,1,uMARS,UM06,30060003,2026-02-06T14:06:50,2026-02-06T14:16:09,0.96,3
309,309,1,uMARS,UM07,30070004,2026-02-06T14:06:50,2026-02-06T14:16:09,0.96,4
309,309,1,uMARS,UM08,30080003,2026-02-06T14:06:50,2026-02-06T14:16:09,0.96,3
309,309,1,uMARS,UM09,30090004,2026-02-06T14:06:50,2026-02-06T14:16:09,0.96,4
309,309,1,uMARS,UM10,30100004,2026-02-06T14:06:50,2026-02-06T14:16:09,0.96,4
309,309,1,uMARS,UM11,30110004,2026-02-06T14:06:50,2026-02-06T14:16:09,0.96,4
309,309,1,uMARS,UM12,30120005,2026-02-06T14:06:50,2026-02-06T14:16:09,0.96,4
309,309,1,uMARS,UM13,30130004,2026-02-06T14:06:50,2026-02-06T14:16:09,0.96,3
309,309,1,uMARS,UM14,30140005,2026-02-06T14:06:50,2026-02-06T14:16:09,0.96,4
309,309,1,uMARS,UM15,30150005,2026-02-06T14:06:50,2026-02-06T14:16:09,0.96,4
309,309,1,uMARS,UM16,30160001,2026-02-06T14:06:50,2026-02-06T14:16:09,0.96,1
309,309,1,uMARS,UM17,30170001,2026-02-06T14:06:50,2026-02-06T14:16:09,0.96,1
309,309,1,uMARS,UM18,30180001,2026-02-06T14:06:50,2026-02-06T14:16:09,0.96,1
309,309,1,uMARS,UM19,30190003,2026-02-06T14:06:50,2026-02-06T14:16:09,0.96,3
309,309,1,uMARS,UM20,30200002,2026-02-06T14:06:50,2026-02-06T14:16:09,0.96,2
309,309,1,uMARS,UM21,30210004,2026-02-06T14:06:50,2026-02-06T14:16:09,0.96,4
309,309,1,uMARS,UM22,30220002,2026-02-06T14:06:50,2026-02-06T14:16:09,0.96,2
309,309,1,uMARS,UM23,30230002,2026-02-06T14:06:50,2026-02-06T14:16:09,0.96,2
309,309,1,uMARS,UM24,30240002,2026-02-06T14:06:50,2026-02-06T14:16:09,0.96,2
309,309,1,uMARS,UM25,30250003,2026-02-06T14:06:50,2026-02-06T14:16:09,0.96,3
312,312,1,uMARS,UM01,30010006,2026-02-09T14:44:39,2026-02-09T14:45:34,2.08,NO_RECORDED_RESPONSE
312,312,1,uMARS,UM02,30020007,2026-02-09T14:44:39,2026-02-09T14:45:34,2.08,NO_RECORDED_RESPONSE
312,312,1,uMARS,UM03,30030007,2026-02-09T14:44:39,2026-02-09T14:45:34,2.08,NO_RECORDED_RESPONSE
312,312,1,uMARS,UM04,30040007,2026-02-09T14:44:39,2026-02-09T14:45:34,2.08,NO_RECORDED_RESPONSE
312,312,1,uMARS,UM06,30060007,2026-02-09T14:44:39,2026-02-09T14:45:34,2.08,NO_RECORDED_RESPONSE
312,312,1,uMARS,UM07,30070007,2026-02-09T14:44:39,2026-02-09T14:45:34,2.08,NO_RECORDED_RESPONSE
312,312,1,uMARS,UM08,30080007,2026-02-09T14:44:39,2026-02-09T14:45:34,2.08,NO_RECORDED_RESPONSE
312,312,1,uMARS,UM09,30090007,2026-02-09T14:44:39,2026-02-09T14:45:34,2.08,NO_RECORDED_RESPONSE
312,312,1,uMARS,UM10,30100007,2026-02-09T14:44:39,2026-02-09T14:45:34,2.08,NO_RECORDED_RESPONSE
312,312,1,uMARS,UM11,30110007,2026-02-09T14:44:39,2026-02-09T14:45:34,2.08,NO_RECORDED_RESPONSE
312,312,1,uMARS,UM12,30120008,2026-02-09T14:44:39,2026-02-09T14:45:34,2.08,NO_RECORDED_RESPONSE
312,312,1,uMARS,UM13,30130008,2026-02-09T14:44:39,2026-02-09T14:45:34,2.08,NO_RECORDED_RESPONSE
312,312,1,uMARS,UM14,30140008,2026-02-09T14:44:39,2026-02-09T14:45:34,2.08,NO_RECORDED_RESPONSE
312,312,1,uMARS,UM15,30150008,2026-02-09T14:44:39,2026-02-09T14:45:34,2.08,NO_RECORDED_RESPONSE
312,312,1,uMARS,UM16,30160007,2026-02-09T14:44:39,2026-02-09T14:45:34,2.08,NO_RECORDED_RESPONSE
312,312,1,uMARS,UM17,30170007,2026-02-09T14:44:39,2026-02-09T14:45:34,2.08,NO_RECORDED_RESPONSE
312,312,1,uMARS,UM18,30180007,2026-02-09T14:44:39,2026-02-09T14:45:34,2.08,NO_RECORDED_RESPONSE
312,312,1,uMARS,UM19,30190007,2026-02-09T14:44:39,2026-02-09T14:45:34,2.08,NO_RECORDED_RESPONSE
312,312,1,uMARS,UM20,30200007,2026-02-09T14:44:39,2026-02-09T14:45:34,2.08,NO_RECORDED_RESPONSE
312,312,1,uMARS,UM21,30210007,2026-02-09T14:44:39,2026-02-09T14:45:34,2.08,NO_RECORDED_RESPONSE
312,312,1,uMARS,UM22,30220007,2026-02-09T14:44:39,2026-02-09T14:45:34,2.08,NO_RECORDED_RESPONSE
312,312,1,uMARS,UM23,30230007,2026-02-09T14:44:39,2026-02-09T14:45:34,2.08,NO_RECORDED_RESPONSE
312,312,1,uMARS,UM24,30240007,2026-02-09T14:44:39,2026-02-09T14:45:34,2.08,NO_RECORDED_RESPONSE
312,312,1,uMARS,UM25,30250007,2026-02-09T14:44:39,2026-02-09T14:45:34,2.08,NO_RECORDED_RESPONSE
315,315,1,uMARS,UM01,30010002,2026-02-11T16:44:24,2026-02-11T16:50:04,1.34,3
315,315,1,uMARS,UM02,30020003,2026-02-11T16:44:24,2026-02-11T16:50:04,1.34,3
315,315,1,uMARS,UM03,30030004,2026-02-11T16:44:24,2026-02-11T16:50:04,1.34,4
315,315,1,uMARS,UM04,30040004,2026-02-11T16:44:24,2026-02-11T16:50:04,1.34,4
315,315,1,uMARS,UM06,30060005,2026-02-11T16:44:24,2026-02-11T16:50:04,1.34,5
315,315,1,uMARS,UM07,30070005,2026-02-11T16:44:24,2026-02-11T16:50:04,1.34,5
315,315,1,uMARS,UM08,30080005,2026-02-11T16:44:24,2026-02-11T16:50:04,1.34,5
315,315,1,uMARS,UM09,30090004,2026-02-11T16:44:24,2026-02-11T16:50:04,1.34,4
315,315,1,uMARS,UM10,30100004,2026-02-11T16:44:24,2026-02-11T16:50:04,1.34,4
315,315,1,uMARS,UM11,30110004,2026-02-11T16:44:24,2026-02-11T16:50:04,1.34,4
315,315,1,uMARS,UM12,30120005,2026-02-11T16:44:24,2026-02-11T16:50:04,1.34,4
315,315,1,uMARS,UM13,30130005,2026-02-11T16:44:24,2026-02-11T16:50:04,1.34,4
315,315,1,uMARS,UM14,30140006,2026-02-11T16:44:24,2026-02-11T16:50:04,1.34,5
315,315,1,uMARS,UM15,30150006,2026-02-11T16:44:24,2026-02-11T16:50:04,1.34,5
315,315,1,uMARS,UM16,30160005,2026-02-11T16:44:24,2026-02-11T16:50:04,1.34,5
315,315,1,uMARS,UM17,30170003,2026-02-11T16:44:24,2026-02-11T16:50:04,1.34,3
315,315,1,uMARS,UM18,30180003,2026-02-11T16:44:24,2026-02-11T16:50:04,1.34,3
315,315,1,uMARS,UM19,30190004,2026-02-11T16:44:24,2026-02-11T16:50:04,1.34,4
315,315,1,uMARS,UM20,30200005,2026-02-11T16:44:24,2026-02-11T16:50:04,1.34,5
315,315,1,uMARS,UM21,30210005,2026-02-11T16:44:24,2026-02-11T16:50:04,1.34,5
315,315,1,uMARS,UM22,30220005,2026-02-11T16:44:24,2026-02-11T16:50:04,1.34,5
315,315,1,uMARS,UM23,30230004,2026-02-11T16:44:24,2026-02-11T16:50:04,1.34,4
315,315,1,uMARS,UM24,30240004,2026-02-11T16:44:24,2026-02-11T16:50:04,1.34,4
315,315,1,uMARS,UM25,30250005,2026-02-11T16:44:24,2026-02-11T16:50:04,1.34,5
316,316,1,uMARS,UM01,30010004,2026-02-13T12:00:46,2026-02-13T12:08:22,0.94,5
316,316,1,uMARS,UM02,30020005,2026-02-13T12:00:46,2026-02-13T12:08:22,0.94,5
316,316,1,uMARS,UM03,30030004,2026-02-13T12:00:46,2026-02-13T12:08:22,0.94,4
316,316,1,uMARS,UM04,30040005,2026-02-13T12:00:46,2026-02-13T12:08:22,0.94,5
316,316,1,uMARS,UM06,30060005,2026-02-13T12:00:46,2026-02-13T12:08:22,0.94,5
316,316,1,uMARS,UM07,30070004,2026-02-13T12:00:46,2026-02-13T12:08:22,0.94,4
316,316,1,uMARS,UM08,30080005,2026-02-13T12:00:46,2026-02-13T12:08:22,0.94,5
316,316,1,uMARS,UM09,30090005,2026-02-13T12:00:46,2026-02-13T12:08:22,0.94,5
316,316,1,uMARS,UM10,30100005,2026-02-13T12:00:46,2026-02-13T12:08:22,0.94,5
316,316,1,uMARS,UM11,30110005,2026-02-13T12:00:46,2026-02-13T12:08:22,0.94,5
316,316,1,uMARS,UM12,30120006,2026-02-13T12:00:46,2026-02-13T12:08:22,0.94,5
316,316,1,uMARS,UM13,30130005,2026-02-13T12:00:46,2026-02-13T12:08:22,0.94,4
316,316,1,uMARS,UM14,30140006,2026-02-13T12:00:46,2026-02-13T12:08:22,0.94,5
316,316,1,uMARS,UM15,30150006,2026-02-13T12:00:46,2026-02-13T12:08:22,0.94,5
316,316,1,uMARS,UM16,30160005,2026-02-13T12:00:46,2026-02-13T12:08:22,0.94,5
316,316,1,uMARS,UM17,30170003,2026-02-13T12:00:46,2026-02-13T12:08:22,0.94,3
316,316,1,uMARS,UM18,30180002,2026-02-13T12:00:46,2026-02-13T12:08:22,0.94,2
316,316,1,uMARS,UM19,30190004,2026-02-13T12:00:46,2026-02-13T12:08:22,0.94,4
316,316,1,uMARS,UM20,30200005,2026-02-13T12:00:46,2026-02-13T12:08:22,0.94,5
316,316,1,uMARS,UM21,30210005,2026-02-13T12:00:46,2026-02-13T12:08:22,0.94,5
316,316,1,uMARS,UM22,30220004,2026-02-13T12:00:46,2026-02-13T12:08:22,0.94,4
316,316,1,uMARS,UM23,30230004,2026-02-13T12:00:46,2026-02-13T12:08:22,0.94,4
316,316,1,uMARS,UM24,30240004,2026-02-13T12:00:46,2026-02-13T12:08:22,0.94,4
316,316,1,uMARS,UM25,30250004,2026-02-13T12:00:46,2026-02-13T12:08:22,0.94,4
317,317,1,SUS,SU01_01,20010104,2026-02-13T12:08:50,2026-02-13T12:10:04,1.55,4
317,317,1,SUS,SU01_02,20010205,2026-02-13T12:08:50,2026-02-13T12:10:04,1.55,5
317,317,1,SUS,SU01_03,20010305,2026-02-13T12:08:50,2026-02-13T12:10:04,1.55,5
317,317,1,SUS,SU01_04,20010405,2026-02-13T12:08:50,2026-02-13T12:10:04,1.55,5
317,317,1,SUS,SU01_05,20010505,2026-02-13T12:08:50,2026-02-13T12:10:04,1.55,5
317,317,1,SUS,SU01_06,20010605,2026-02-13T12:08:50,2026-02-13T12:10:04,1.55,5
317,317,1,SUS,SU01_07,20010704,2026-02-13T12:08:50,2026-02-13T12:10:04,1.55,4
317,317,1,SUS,SU01_08,20010805,2026-02-13T12:08:50,2026-02-13T12:10:04,1.55,5
317,317,1,SUS,SU01_09,20010905,2026-02-13T12:08:50,2026-02-13T12:10:04,1.55,5
317,317,1,SUS,SU01_10,20011005,2026-02-13T12:08:50,2026-02-13T12:10:04,1.55,5
319,319,1,uMARS,UM01,30010003,2026-02-13T17:22:31,2026-02-13T17:33:23,0.88,4
319,319,1,uMARS,UM02,30020005,2026-02-13T17:22:31,2026-02-13T17:33:23,0.88,5
319,319,1,uMARS,UM03,30030004,2026-02-13T17:22:31,2026-02-13T17:33:23,0.88,4
319,319,1,uMARS,UM04,30040005,2026-02-13T17:22:31,2026-02-13T17:33:23,0.88,5
319,319,1,uMARS,UM06,30060003,2026-02-13T17:22:31,2026-02-13T17:33:23,0.88,3
319,319,1,uMARS,UM07,30070004,2026-02-13T17:22:31,2026-02-13T17:33:23,0.88,4
319,319,1,uMARS,UM08,30080004,2026-02-13T17:22:31,2026-02-13T17:33:23,0.88,4
319,319,1,uMARS,UM09,30090005,2026-02-13T17:22:31,2026-02-13T17:33:23,0.88,5
319,319,1,uMARS,UM10,30100004,2026-02-13T17:22:31,2026-02-13T17:33:23,0.88,4
319,319,1,uMARS,UM11,30110004,2026-02-13T17:22:31,2026-02-13T17:33:23,0.88,4
319,319,1,uMARS,UM12,30120005,2026-02-13T17:22:31,2026-02-13T17:33:23,0.88,4
319,319,1,uMARS,UM13,30130005,2026-02-13T17:22:31,2026-02-13T17:33:23,0.88,4
319,319,1,uMARS,UM14,30140006,2026-02-13T17:22:31,2026-02-13T17:33:23,0.88,5
319,319,1,uMARS,UM15,30150005,2026-02-13T17:22:31,2026-02-13T17:33:23,0.88,4
319,319,1,uMARS,UM16,30160005,2026-02-13T17:22:31,2026-02-13T17:33:23,0.88,5
319,319,1,uMARS,UM17,30170001,2026-02-13T17:22:31,2026-02-13T17:33:23,0.88,1
319,319,1,uMARS,UM18,30180001,2026-02-13T17:22:31,2026-02-13T17:33:23,0.88,1
319,319,1,uMARS,UM19,30190004,2026-02-13T17:22:31,2026-02-13T17:33:23,0.88,4
319,319,1,uMARS,UM20,30200005,2026-02-13T17:22:31,2026-02-13T17:33:23,0.88,5
319,319,1,uMARS,UM21,30210005,2026-02-13T17:22:31,2026-02-13T17:33:23,0.88,5
319,319,1,uMARS,UM22,30220005,2026-02-13T17:22:31,2026-02-13T17:33:23,0.88,5
319,319,1,uMARS,UM23,30230005,2026-02-13T17:22:31,2026-02-13T17:33:23,0.88,5
319,319,1,uMARS,UM24,30240005,2026-02-13T17:22:31,2026-02-13T17:33:23,0.88,5
319,319,1,uMARS,UM25,30250005,2026-02-13T17:22:31,2026-02-13T17:33:23,0.88,5
320,320,1,SUS,SU01_01,20010104,2026-02-13T17:33:46,2026-02-13T17:36:22,0.74,4
320,320,1,SUS,SU01_02,20010204,2026-02-13T17:33:46,2026-02-13T17:36:22,0.74,4
320,320,1,SUS,SU01_03,20010305,2026-02-13T17:33:46,2026-02-13T17:36:22,0.74,5
320,320,1,SUS,SU01_04,20010405,2026-02-13T17:33:46,2026-02-13T17:36:22,0.74,5
320,320,1,SUS,SU01_05,20010505,2026-02-13T17:33:46,2026-02-13T17:36:22,0.74,5
320,320,1,SUS,SU01_06,20010605,2026-02-13T17:33:46,2026-02-13T17:36:22,0.74,5
320,320,1,SUS,SU01_07,20010705,2026-02-13T17:33:46,2026-02-13T17:36:22,0.74,5
320,320,1,SUS,SU01_08,20010805,2026-02-13T17:33:46,2026-02-13T17:36:22,0.74,5
320,320,1,SUS,SU01_09,20010905,2026-02-13T17:33:46,2026-02-13T17:36:22,0.74,5
320,320,1,SUS,SU01_10,20011005,2026-02-13T17:33:46,2026-02-13T17:36:22,0.74,5
321,321,1,uMARS,UM01,30010003,2026-02-13T17:52:49,2026-02-13T18:10:49,0.44,4
321,321,1,uMARS,UM02,30020005,2026-02-13T17:52:49,2026-02-13T18:10:49,0.44,5
321,321,1,uMARS,UM03,30030004,2026-02-13T17:52:49,2026-02-13T18:10:49,0.44,4
321,321,1,uMARS,UM04,30040005,2026-02-13T17:52:49,2026-02-13T18:10:49,0.44,5
321,321,1,uMARS,UM06,30060005,2026-02-13T17:52:49,2026-02-13T18:10:49,0.44,5
321,321,1,uMARS,UM07,30070004,2026-02-13T17:52:49,2026-02-13T18:10:49,0.44,4
321,321,1,uMARS,UM08,30080004,2026-02-13T17:52:49,2026-02-13T18:10:49,0.44,4
321,321,1,uMARS,UM09,30090005,2026-02-13T17:52:49,2026-02-13T18:10:49,0.44,5
321,321,1,uMARS,UM10,30100005,2026-02-13T17:52:49,2026-02-13T18:10:49,0.44,5
321,321,1,uMARS,UM11,30110004,2026-02-13T17:52:49,2026-02-13T18:10:49,0.44,4
321,321,1,uMARS,UM12,30120005,2026-02-13T17:52:49,2026-02-13T18:10:49,0.44,4
321,321,1,uMARS,UM13,30130006,2026-02-13T17:52:49,2026-02-13T18:10:49,0.44,5
321,321,1,uMARS,UM14,30140006,2026-02-13T17:52:49,2026-02-13T18:10:49,0.44,5
321,321,1,uMARS,UM15,30150005,2026-02-13T17:52:49,2026-02-13T18:10:49,0.44,4
321,321,1,uMARS,UM16,30160005,2026-02-13T17:52:49,2026-02-13T18:10:49,0.44,5
321,321,1,uMARS,UM17,30170003,2026-02-13T17:52:49,2026-02-13T18:10:49,0.44,3
321,321,1,uMARS,UM18,30180003,2026-02-13T17:52:49,2026-02-13T18:10:49,0.44,3
321,321,1,uMARS,UM19,30190004,2026-02-13T17:52:49,2026-02-13T18:10:49,0.44,4
321,321,1,uMARS,UM20,30200005,2026-02-13T17:52:49,2026-02-13T18:10:49,0.44,5
321,321,1,uMARS,UM21,30210005,2026-02-13T17:52:49,2026-02-13T18:10:49,0.44,5
321,321,1,uMARS,UM22,30220004,2026-02-13T17:52:49,2026-02-13T18:10:49,0.44,4
321,321,1,uMARS,UM23,30230004,2026-02-13T17:52:49,2026-02-13T18:10:49,0.44,4
321,321,1,uMARS,UM24,30240004,2026-02-13T17:52:49,2026-02-13T18:10:49,0.44,4
321,321,1,uMARS,UM25,30250004,2026-02-13T17:52:49,2026-02-13T18:10:49,0.44,4
322,322,1,SUS,SU01_01,20010105,2026-02-13T18:11:03,2026-02-13T18:14:16,0.6,5
322,322,1,SUS,SU01_02,20010205,2026-02-13T18:11:03,2026-02-13T18:14:16,0.6,5
322,322,1,SUS,SU01_03,20010304,2026-02-13T18:11:03,2026-02-13T18:14:16,0.6,4
322,322,1,SUS,SU01_04,20010404,2026-02-13T18:11:03,2026-02-13T18:14:16,0.6,4
322,322,1,SUS,SU01_05,20010504,2026-02-13T18:11:03,2026-02-13T18:14:16,0.6,4
322,322,1,SUS,SU01_06,20010605,2026-02-13T18:11:03,2026-02-13T18:14:16,0.6,5
322,322,1,SUS,SU01_07,20010704,2026-02-13T18:11:03,2026-02-13T18:14:16,0.6,4
322,322,1,SUS,SU01_08,20010805,2026-02-13T18:11:03,2026-02-13T18:14:16,0.6,5
322,322,1,SUS,SU01_09,20010905,2026-02-13T18:11:03,2026-02-13T18:14:16,0.6,5
322,322,1,SUS,SU01_10,20011005,2026-02-13T18:11:03,2026-02-13T18:14:16,0.6,5
323,323,1,ME1,M002_01,10020108,2026-02-13T20:57:09,2026-02-13T21:19:23,0.12,8
323,323,1,ME1,M003_01,10030110,2026-02-13T20:57:09,2026-02-13T21:19:23,0.12,10
323,323,1,ME1,M004_01,10040110,2026-02-13T20:57:09,2026-02-13T21:19:23,0.12,10
323,323,1,ME1,M005,10050001,2026-02-13T20:57:09,2026-02-13T21:19:23,0.12,1
323,323,1,ME1,M006_01,10060110,2026-02-13T20:57:09,2026-02-13T21:19:23,0.12,10
323,323,1,ME1,M007_01,10070101,2026-02-13T20:57:09,2026-02-13T21:19:23,0.12,Mit dem Quiz konnte ich nicht umgehen. Meine Antworten wurden scheinbar gar nicht bearbeitet. Meine Antworten waren alle nicht richtig. Auch nicht bei meinen Wiederholungen. Die Texte waren sehr verständlich und die Videos waren auch sehr gut und anschaulich.
323,323,1,ME1,M008_01,10080101,2026-02-13T20:57:09,2026-02-13T21:19:23,0.12,"Nein, nur das Quiz war verwirrend weil man nicht nachvollziehen konnte wie das mit den Antworten war. Aber warscheinlich liegt es an mir."
323,323,1,ME1,M010_01,10100109,2026-02-13T20:57:09,2026-02-13T21:19:23,0.12,9
324,324,1,ME1,M002_01,10020107,2026-02-14T10:27:27,2026-02-14T10:33:42,0.27,7
324,324,1,ME1,M003_01,10030110,2026-02-14T10:27:27,2026-02-14T10:33:42,0.27,10
324,324,1,ME1,M004_01,10040107,2026-02-14T10:27:27,2026-02-14T10:33:42,0.27,7
324,324,1,ME1,M005,10050001,2026-02-14T10:27:27,2026-02-14T10:33:42,0.27,1
324,324,1,ME1,M006_01,10060106,2026-02-14T10:27:27,2026-02-14T10:33:42,0.27,6
324,324,1,ME1,M007_01,10070101,2026-02-14T10:27:27,2026-02-14T10:33:42,0.27,Infos über die  Ernährung
324,324,1,ME1,M008_01,10080101,2026-02-14T10:27:27,2026-02-14T10:33:42,0.27,War in ordnung
324,324,1,ME1,M010_01,10100106,2026-02-14T10:27:27,2026-02-14T10:33:42,0.27,6
325,325,1,ME1,M002_01,10020107,2026-02-14T11:04:08,2026-02-14T11:08:52,0.35,7
325,325,1,ME1,M003_01,10030108,2026-02-14T11:04:08,2026-02-14T11:08:52,0.35,8
325,325,1,ME1,M004_01,10040106,2026-02-14T11:04:08,2026-02-14T11:08:52,0.35,6
325,325,1,ME1,M005,10050002,2026-02-14T11:04:08,2026-02-14T11:08:52,0.35,2
325,325,1,ME1,M006_01,10060107,2026-02-14T11:04:08,2026-02-14T11:08:52,0.35,7
325,325,1,ME1,M007_01,10070101,2026-02-14T11:04:08,2026-02-14T11:08:52,0.35,Quiz am Ende war spannend
325,325,1,ME1,M008_01,10080101,2026-02-14T11:04:08,2026-02-14T11:08:52,0.35,Es wurde alles gut geklärt
325,325,1,ME1,M010_01,10100106,2026-02-14T11:04:08,2026-02-14T11:08:52,0.35,6
326,326,1,ME1,M002_01,10020107,2026-02-14T11:40:18,2026-02-14T11:43:52,0.59,7
326,326,1,ME1,M003_01,10030108,2026-02-14T11:40:18,2026-02-14T11:43:52,0.59,8
326,326,1,ME1,M004_01,10040108,2026-02-14T11:40:18,2026-02-14T11:43:52,0.59,8
326,326,1,ME1,M005,10050001,2026-02-14T11:40:18,2026-02-14T11:43:52,0.59,1
326,326,1,ME1,M006_01,10060108,2026-02-14T11:40:18,2026-02-14T11:43:52,0.59,8
326,326,1,ME1,M007_01,10070101,2026-02-14T11:40:18,2026-02-14T11:43:52,0.59,Das Video
326,326,1,ME1,M008_01,10080101,2026-02-14T11:40:18,2026-02-14T11:43:52,0.59,Ich glaube es wurde alles geschrieben was wichtig ist
326,326,1,ME1,M010_01,10100107,2026-02-14T11:40:18,2026-02-14T11:43:52,0.59,7
328,328,1,ME1,M002_01,10020112,2026-02-14T11:44:29,2026-02-14T11:44:35,3.0,NO_RECORDED_RESPONSE
328,328,1,ME1,M003_01,10030112,2026-02-14T11:44:29,2026-02-14T11:44:35,3.0,NO_RECORDED_RESPONSE
328,328,1,ME1,M004_01,10040112,2026-02-14T11:44:29,2026-02-14T11:44:35,3.0,NO_RECORDED_RESPONSE
328,328,1,ME1,M005,10050005,2026-02-14T11:44:29,2026-02-14T11:44:35,3.0,NO_RECORDED_RESPONSE
328,328,1,ME1,M006_01,10060112,2026-02-14T11:44:29,2026-02-14T11:44:35,3.0,NO_RECORDED_RESPONSE
328,328,1,ME1,M007_01,10070102,2026-02-14T11:44:29,2026-02-14T11:44:35,3.0,NO_RECORDED_RESPONSE
328,328,1,ME1,M008_01,10080102,2026-02-14T11:44:29,2026-02-14T11:44:35,3.0,NO_RECORDED_RESPONSE
328,328,1,ME1,M010_01,10100112,2026-02-14T11:44:29,2026-02-14T11:44:35,3.0,NO_RECORDED_RESPONSE
334,334,1,ME1,M002_01,10020104,2026-02-14T14:25:42,2026-02-14T14:27:12,1.74,4
334,334,1,ME1,M003_01,10030108,2026-02-14T14:25:42,2026-02-14T14:27:12,1.74,8
334,334,1,ME1,M004_01,10040109,2026-02-14T14:25:42,2026-02-14T14:27:12,1.74,9
334,334,1,ME1,M005,10050001,2026-02-14T14:25:42,2026-02-14T14:27:12,1.74,1
334,334,1,ME1,M006_01,10060103,2026-02-14T14:25:42,2026-02-14T14:27:12,1.74,3
334,334,1,ME1,M007_01,10070101,2026-02-14T14:25:42,2026-02-14T14:27:12,1.74,War ok
334,334,1,ME1,M008_01,10080101,2026-02-14T14:25:42,2026-02-14T14:27:12,1.74,War ok so
334,334,1,ME1,M010_01,10100101,2026-02-14T14:25:42,2026-02-14T14:27:12,1.74,1
335,335,1,SUS,SU01_01,20010105,2026-02-16T10:19:02,2026-02-16T10:21:50,0.68,5
335,335,1,SUS,SU01_02,20010205,2026-02-16T10:19:02,2026-02-16T10:21:50,0.68,5
335,335,1,SUS,SU01_03,20010305,2026-02-16T10:19:02,2026-02-16T10:21:50,0.68,5
335,335,1,SUS,SU01_04,20010403,2026-02-16T10:19:02,2026-02-16T10:21:50,0.68,3
335,335,1,SUS,SU01_05,20010505,2026-02-16T10:19:02,2026-02-16T10:21:50,0.68,5
335,335,1,SUS,SU01_06,20010601,2026-02-16T10:19:02,2026-02-16T10:21:50,0.68,1
335,335,1,SUS,SU01_07,20010703,2026-02-16T10:19:02,2026-02-16T10:21:50,0.68,3
335,335,1,SUS,SU01_08,20010805,2026-02-16T10:19:02,2026-02-16T10:21:50,0.68,5
335,335,1,SUS,SU01_09,20010904,2026-02-16T10:19:02,2026-02-16T10:21:50,0.68,4
335,335,1,SUS,SU01_10,20011002,2026-02-16T10:19:02,2026-02-16T10:21:50,0.68,2
336,336,1,SUS,SU01_01,20010107,2026-02-16T10:22:08,2026-02-16T10:22:19,3.0,NO_RECORDED_RESPONSE
336,336,1,SUS,SU01_02,20010207,2026-02-16T10:22:08,2026-02-16T10:22:19,3.0,NO_RECORDED_RESPONSE
336,336,1,SUS,SU01_03,20010307,2026-02-16T10:22:08,2026-02-16T10:22:19,3.0,NO_RECORDED_RESPONSE
336,336,1,SUS,SU01_04,20010407,2026-02-16T10:22:08,2026-02-16T10:22:19,3.0,NO_RECORDED_RESPONSE
336,336,1,SUS,SU01_05,20010507,2026-02-16T10:22:08,2026-02-16T10:22:19,3.0,NO_RECORDED_RESPONSE
336,336,1,SUS,SU01_06,20010607,2026-02-16T10:22:08,2026-02-16T10:22:19,3.0,NO_RECORDED_RESPONSE
336,336,1,SUS,SU01_07,20010707,2026-02-16T10:22:08,2026-02-16T10:22:19,3.0,NO_RECORDED_RESPONSE
336,336,1,SUS,SU01_08,20010807,2026-02-16T10:22:08,2026-02-16T10:22:19,3.0,NO_RECORDED_RESPONSE
336,336,1,SUS,SU01_09,20010907,2026-02-16T10:22:08,2026-02-16T10:22:19,3.0,NO_RECORDED_RESPONSE
336,336,1,SUS,SU01_10,20011007,2026-02-16T10:22:08,2026-02-16T10:22:19,3.0,NO_RECORDED_RESPONSE
337,337,1,uMARS,UM01,30010004,2026-02-16T10:22:26,2026-02-16T10:29:35,1.14,5
337,337,1,uMARS,UM02,30020005,2026-02-16T10:22:26,2026-02-16T10:29:35,1.14,5
337,337,1,uMARS,UM03,30030004,2026-02-16T10:22:26,2026-02-16T10:29:35,1.14,4
337,337,1,uMARS,UM04,30040005,2026-02-16T10:22:26,2026-02-16T10:29:35,1.14,5
337,337,1,uMARS,UM06,30060004,2026-02-16T10:22:26,2026-02-16T10:29:35,1.14,4
337,337,1,uMARS,UM07,30070005,2026-02-16T10:22:26,2026-02-16T10:29:35,1.14,5
337,337,1,uMARS,UM08,30080005,2026-02-16T10:22:26,2026-02-16T10:29:35,1.14,5
337,337,1,uMARS,UM09,30090004,2026-02-16T10:22:26,2026-02-16T10:29:35,1.14,4
337,337,1,uMARS,UM10,30100005,2026-02-16T10:22:26,2026-02-16T10:29:35,1.14,5
337,337,1,uMARS,UM11,30110005,2026-02-16T10:22:26,2026-02-16T10:29:35,1.14,5
337,337,1,uMARS,UM12,30120006,2026-02-16T10:22:26,2026-02-16T10:29:35,1.14,5
337,337,1,uMARS,UM13,30130006,2026-02-16T10:22:26,2026-02-16T10:29:35,1.14,5
337,337,1,uMARS,UM14,30140005,2026-02-16T10:22:26,2026-02-16T10:29:35,1.14,4
337,337,1,uMARS,UM15,30150006,2026-02-16T10:22:26,2026-02-16T10:29:35,1.14,5
337,337,1,uMARS,UM16,30160005,2026-02-16T10:22:26,2026-02-16T10:29:35,1.14,5
337,337,1,uMARS,UM17,30170003,2026-02-16T10:22:26,2026-02-16T10:29:35,1.14,3
337,337,1,uMARS,UM18,30180003,2026-02-16T10:22:26,2026-02-16T10:29:35,1.14,3
337,337,1,uMARS,UM19,30190005,2026-02-16T10:22:26,2026-02-16T10:29:35,1.14,5
337,337,1,uMARS,UM20,30200005,2026-02-16T10:22:26,2026-02-16T10:29:35,1.14,5
337,337,1,uMARS,UM21,30210005,2026-02-16T10:22:26,2026-02-16T10:29:35,1.14,5
337,337,1,uMARS,UM22,30220004,2026-02-16T10:22:26,2026-02-16T10:29:35,1.14,4
337,337,1,uMARS,UM23,30230005,2026-02-16T10:22:26,2026-02-16T10:29:35,1.14,5
337,337,1,uMARS,UM24,30240005,2026-02-16T10:22:26,2026-02-16T10:29:35,1.14,5
337,337,1,uMARS,UM25,30250005,2026-02-16T10:22:26,2026-02-16T10:29:35,1.14,5
339,339,1,uMARS,UM01,30010006,2026-02-16T10:30:15,2026-02-16T10:30:22,3.0,NO_RECORDED_RESPONSE
339,339,1,uMARS,UM02,30020007,2026-02-16T10:30:15,2026-02-16T10:30:22,3.0,NO_RECORDED_RESPONSE
339,339,1,uMARS,UM03,30030007,2026-02-16T10:30:15,2026-02-16T10:30:22,3.0,NO_RECORDED_RESPONSE
339,339,1,uMARS,UM04,30040007,2026-02-16T10:30:15,2026-02-16T10:30:22,3.0,NO_RECORDED_RESPONSE
339,339,1,uMARS,UM06,30060007,2026-02-16T10:30:15,2026-02-16T10:30:22,3.0,NO_RECORDED_RESPONSE
339,339,1,uMARS,UM07,30070007,2026-02-16T10:30:15,2026-02-16T10:30:22,3.0,NO_RECORDED_RESPONSE
339,339,1,uMARS,UM08,30080007,2026-02-16T10:30:15,2026-02-16T10:30:22,3.0,NO_RECORDED_RESPONSE
339,339,1,uMARS,UM09,30090007,2026-02-16T10:30:15,2026-02-16T10:30:22,3.0,NO_RECORDED_RESPONSE
339,339,1,uMARS,UM10,30100007,2026-02-16T10:30:15,2026-02-16T10:30:22,3.0,NO_RECORDED_RESPONSE
339,339,1,uMARS,UM11,30110007,2026-02-16T10:30:15,2026-02-16T10:30:22,3.0,NO_RECORDED_RESPONSE
339,339,1,uMARS,UM12,30120008,2026-02-16T10:30:15,2026-02-16T10:30:22,3.0,NO_RECORDED_RESPONSE
339,339,1,uMARS,UM13,30130008,2026-02-16T10:30:15,2026-02-16T10:30:22,3.0,NO_RECORDED_RESPONSE
339,339,1,uMARS,UM14,30140008,2026-02-16T10:30:15,2026-02-16T10:30:22,3.0,NO_RECORDED_RESPONSE
339,339,1,uMARS,UM15,30150008,2026-02-16T10:30:15,2026-02-16T10:30:22,3.0,NO_RECORDED_RESPONSE
339,339,1,uMARS,UM16,30160007,2026-02-16T10:30:15,2026-02-16T10:30:22,3.0,NO_RECORDED_RESPONSE
339,339,1,uMARS,UM17,30170007,2026-02-16T10:30:15,2026-02-16T10:30:22,3.0,NO_RECORDED_RESPONSE
339,339,1,uMARS,UM18,30180007,2026-02-16T10:30:15,2026-02-16T10:30:22,3.0,NO_RECORDED_RESPONSE
339,339,1,uMARS,UM19,30190007,2026-02-16T10:30:15,2026-02-16T10:30:22,3.0,NO_RECORDED_RESPONSE
339,339,1,uMARS,UM20,30200007,2026-02-16T10:30:15,2026-02-16T10:30:22,3.0,NO_RECORDED_RESPONSE
339,339,1,uMARS,UM21,30210007,2026-02-16T10:30:15,2026-02-16T10:30:22,3.0,NO_RECORDED_RESPONSE
339,339,1,uMARS,UM22,30220007,2026-02-16T10:30:15,2026-02-16T10:30:22,3.0,NO_RECORDED_RESPONSE
339,339,1,uMARS,UM23,30230007,2026-02-16T10:30:15,2026-02-16T10:30:22,3.0,NO_RECORDED_RESPONSE
339,339,1,uMARS,UM24,30240007,2026-02-16T10:30:15,2026-02-16T10:30:22,3.0,NO_RECORDED_RESPONSE
339,339,1,uMARS,UM25,30250007,2026-02-16T10:30:15,2026-02-16T10:30:22,3.0,NO_RECORDED_RESPONSE
343,343,1,SUS,SU01_01,20010104,2026-02-17T15:46:11,2026-02-17T15:50:55,0.4,4
343,343,1,SUS,SU01_02,20010205,2026-02-17T15:46:11,2026-02-17T15:50:55,0.4,5
343,343,1,SUS,SU01_03,20010305,2026-02-17T15:46:11,2026-02-17T15:50:55,0.4,5
343,343,1,SUS,SU01_04,20010405,2026-02-17T15:46:11,2026-02-17T15:50:55,0.4,5
343,343,1,SUS,SU01_05,20010505,2026-02-17T15:46:11,2026-02-17T15:50:55,0.4,5
343,343,1,SUS,SU01_06,20010605,2026-02-17T15:46:11,2026-02-17T15:50:55,0.4,5
343,343,1,SUS,SU01_07,20010705,2026-02-17T15:46:11,2026-02-17T15:50:55,0.4,5
343,343,1,SUS,SU01_08,20010805,2026-02-17T15:46:11,2026-02-17T15:50:55,0.4,5
343,343,1,SUS,SU01_09,20010905,2026-02-17T15:46:11,2026-02-17T15:50:55,0.4,5
343,343,1,SUS,SU01_10,20011005,2026-02-17T15:46:11,2026-02-17T15:50:55,0.4,5
344,344,1,uMARS,UM01,30010002,2026-02-17T15:51:17,2026-02-17T15:59:17,0.95,3
344,344,1,uMARS,UM02,30020005,2026-02-17T15:51:17,2026-02-17T15:59:17,0.95,5
344,344,1,uMARS,UM03,30030005,2026-02-17T15:51:17,2026-02-17T15:59:17,0.95,5
344,344,1,uMARS,UM04,30040005,2026-02-17T15:51:17,2026-02-17T15:59:17,0.95,5
344,344,1,uMARS,UM06,30060005,2026-02-17T15:51:17,2026-02-17T15:59:17,0.95,5
344,344,1,uMARS,UM07,30070005,2026-02-17T15:51:17,2026-02-17T15:59:17,0.95,5
344,344,1,uMARS,UM08,30080005,2026-02-17T15:51:17,2026-02-17T15:59:17,0.95,5
344,344,1,uMARS,UM09,30090005,2026-02-17T15:51:17,2026-02-17T15:59:17,0.95,5
344,344,1,uMARS,UM10,30100005,2026-02-17T15:51:17,2026-02-17T15:59:17,0.95,5
344,344,1,uMARS,UM11,30110005,2026-02-17T15:51:17,2026-02-17T15:59:17,0.95,5
344,344,1,uMARS,UM12,30120006,2026-02-17T15:51:17,2026-02-17T15:59:17,0.95,5
344,344,1,uMARS,UM13,30130006,2026-02-17T15:51:17,2026-02-17T15:59:17,0.95,5
344,344,1,uMARS,UM14,30140006,2026-02-17T15:51:17,2026-02-17T15:59:17,0.95,5
344,344,1,uMARS,UM15,30150006,2026-02-17T15:51:17,2026-02-17T15:59:17,0.95,5
344,344,1,uMARS,UM16,30160005,2026-02-17T15:51:17,2026-02-17T15:59:17,0.95,5
344,344,1,uMARS,UM17,30170003,2026-02-17T15:51:17,2026-02-17T15:59:17,0.95,3
344,344,1,uMARS,UM18,30180001,2026-02-17T15:51:17,2026-02-17T15:59:17,0.95,1
344,344,1,uMARS,UM19,30190004,2026-02-17T15:51:17,2026-02-17T15:59:17,0.95,4
344,344,1,uMARS,UM20,30200005,2026-02-17T15:51:17,2026-02-17T15:59:17,0.95,5
344,344,1,uMARS,UM21,30210005,2026-02-17T15:51:17,2026-02-17T15:59:17,0.95,5
344,344,1,uMARS,UM22,30220005,2026-02-17T15:51:17,2026-02-17T15:59:17,0.95,5
344,344,1,uMARS,UM23,30230005,2026-02-17T15:51:17,2026-02-17T15:59:17,0.95,5
344,344,1,uMARS,UM24,30240005,2026-02-17T15:51:17,2026-02-17T15:59:17,0.95,5
344,344,1,uMARS,UM25,30250005,2026-02-17T15:51:17,2026-02-17T15:59:17,0.95,5
346,346,1,ME1,M002_01,10020109,2026-02-17T18:07:45,2026-02-17T18:09:50,1.26,9
346,346,1,ME1,M003_01,10030106,2026-02-17T18:07:45,2026-02-17T18:09:50,1.26,6
346,346,1,ME1,M004_01,10040108,2026-02-17T18:07:45,2026-02-17T18:09:50,1.26,8
346,346,1,ME1,M005,10050001,2026-02-17T18:07:45,2026-02-17T18:09:50,1.26,1
346,346,1,ME1,M006_01,10060108,2026-02-17T18:07:45,2026-02-17T18:09:50,1.26,8
346,346,1,ME1,M007_01,10070101,2026-02-17T18:07:45,2026-02-17T18:09:50,1.26,"Text plus Grafik
Hervorheben wichtiger Textstellen"
346,346,1,ME1,M008_01,10080102,2026-02-17T18:07:45,2026-02-17T18:09:50,1.26,NO_RECORDED_RESPONSE
346,346,1,ME1,M010_01,10100109,2026-02-17T18:07:45,2026-02-17T18:09:50,1.26,9
347,347,1,ME1,M002_01,10020110,2026-02-18T00:03:46,2026-02-18T00:09:35,0.45,10
347,347,1,ME1,M003_01,10030110,2026-02-18T00:03:46,2026-02-18T00:09:35,0.45,10
347,347,1,ME1,M004_01,10040110,2026-02-18T00:03:46,2026-02-18T00:09:35,0.45,10
347,347,1,ME1,M005,10050001,2026-02-18T00:03:46,2026-02-18T00:09:35,0.45,1
347,347,1,ME1,M006_01,10060110,2026-02-18T00:03:46,2026-02-18T00:09:35,0.45,10
347,347,1,ME1,M007_01,10070101,2026-02-18T00:03:46,2026-02-18T00:09:35,0.45,Die klare Struktur - hervorragend dokumentiert durch die PDF-Datei !!! Ideal zum Wiederholen daheim.
347,347,1,ME1,M008_01,10080101,2026-02-18T00:03:46,2026-02-18T00:09:35,0.45,Da fällt mir nichts ein - wunschlos glücklich!
347,347,1,ME1,M010_01,10100109,2026-02-18T00:03:46,2026-02-18T00:09:35,0.45,9
348,348,1,ME1,M002_01,10020110,2026-02-18T00:29:01,2026-02-18T00:31:45,0.84,10
348,348,1,ME1,M003_01,10030110,2026-02-18T00:29:01,2026-02-18T00:31:45,0.84,10
348,348,1,ME1,M004_01,10040110,2026-02-18T00:29:01,2026-02-18T00:31:45,0.84,10
348,348,1,ME1,M005,10050001,2026-02-18T00:29:01,2026-02-18T00:31:45,0.84,1
348,348,1,ME1,M006_01,10060110,2026-02-18T00:29:01,2026-02-18T00:31:45,0.84,10
348,348,1,ME1,M007_01,10070101,2026-02-18T00:29:01,2026-02-18T00:31:45,0.84,Klare Struktur - dokumentiert durch die hervorragende PDF-Datei
348,348,1,ME1,M008_01,10080101,2026-02-18T00:29:01,2026-02-18T00:31:45,0.84,wunschlos glücklich
348,348,1,ME1,M010_01,10100109,2026-02-18T00:29:01,2026-02-18T00:31:45,0.84,9
349,349,1,ME1,M002_01,10020110,2026-02-18T07:40:27,2026-02-18T07:45:09,0.56,10
349,349,1,ME1,M003_01,10030110,2026-02-18T07:40:27,2026-02-18T07:45:09,0.56,10
349,349,1,ME1,M004_01,10040110,2026-02-18T07:40:27,2026-02-18T07:45:09,0.56,10
349,349,1,ME1,M005,10050001,2026-02-18T07:40:27,2026-02-18T07:45:09,0.56,1
349,349,1,ME1,M006_01,10060110,2026-02-18T07:40:27,2026-02-18T07:45:09,0.56,10
349,349,1,ME1,M007_01,10070101,2026-02-18T07:40:27,2026-02-18T07:45:09,0.56,Die klare Struktur und auch farblichen Hervorhebungen - wie schon in Modul 1 und 2 !!!
349,349,1,ME1,M008_01,10080101,2026-02-18T07:40:27,2026-02-18T07:45:09,0.56,Bin wunschlos glücklich!
349,349,1,ME1,M010_01,10100109,2026-02-18T07:40:27,2026-02-18T07:45:09,0.56,9
350,350,1,ME1,M002_01,10020110,2026-02-18T08:16:04,2026-02-18T08:17:46,1.0,10
350,350,1,ME1,M003_01,10030110,2026-02-18T08:16:04,2026-02-18T08:17:46,1.0,10
350,350,1,ME1,M004_01,10040110,2026-02-18T08:16:04,2026-02-18T08:17:46,1.0,10
350,350,1,ME1,M005,10050001,2026-02-18T08:16:04,2026-02-18T08:17:46,1.0,1
350,350,1,ME1,M006_01,10060110,2026-02-18T08:16:04,2026-02-18T08:17:46,1.0,10
350,350,1,ME1,M007_01,10070101,2026-02-18T08:16:04,2026-02-18T08:17:46,1.0,Alles !!!
350,350,1,ME1,M008_01,10080101,2026-02-18T08:16:04,2026-02-18T08:17:46,1.0,Wunschlos glücklich !!!
350,350,1,ME1,M010_01,10100109,2026-02-18T08:16:04,2026-02-18T08:17:46,1.0,9
351,351,1,ME1,M002_01,10020110,2026-02-18T08:33:09,2026-02-18T08:35:07,0.85,10
351,351,1,ME1,M003_01,10030110,2026-02-18T08:33:09,2026-02-18T08:35:07,0.85,10
351,351,1,ME1,M004_01,10040110,2026-02-18T08:33:09,2026-02-18T08:35:07,0.85,10
351,351,1,ME1,M005,10050001,2026-02-18T08:33:09,2026-02-18T08:35:07,0.85,1
351,351,1,ME1,M006_01,10060110,2026-02-18T08:33:09,2026-02-18T08:35:07,0.85,10
351,351,1,ME1,M007_01,10070101,2026-02-18T08:33:09,2026-02-18T08:35:07,0.85,Der Abschnitt über das Lebensende !!!
351,351,1,ME1,M008_01,10080101,2026-02-18T08:33:09,2026-02-18T08:35:07,0.85,Wunschlos glücklich !!!
351,351,1,ME1,M010_01,10100110,2026-02-18T08:33:09,2026-02-18T08:35:07,0.85,10
352,352,1,ME1,M002_01,10020110,2026-02-18T09:31:01,2026-02-18T09:32:43,1.24,10
352,352,1,ME1,M003_01,10030110,2026-02-18T09:31:01,2026-02-18T09:32:43,1.24,10
352,352,1,ME1,M004_01,10040110,2026-02-18T09:31:01,2026-02-18T09:32:43,1.24,10
352,352,1,ME1,M005,10050001,2026-02-18T09:31:01,2026-02-18T09:32:43,1.24,1
352,352,1,ME1,M006_01,10060110,2026-02-18T09:31:01,2026-02-18T09:32:43,1.24,10
352,352,1,ME1,M007_01,10070101,2026-02-18T09:31:01,2026-02-18T09:32:43,1.24,Alles !!!
352,352,1,ME1,M008_01,10080101,2026-02-18T09:31:01,2026-02-18T09:32:43,1.24,Keine Idee !
352,352,1,ME1,M010_01,10100110,2026-02-18T09:31:01,2026-02-18T09:32:43,1.24,10
353,353,1,SUS,SU01_01,20010105,2026-02-18T09:42:11,2026-02-18T09:43:58,1.07,5
353,353,1,SUS,SU01_02,20010205,2026-02-18T09:42:11,2026-02-18T09:43:58,1.07,5
353,353,1,SUS,SU01_03,20010305,2026-02-18T09:42:11,2026-02-18T09:43:58,1.07,5
353,353,1,SUS,SU01_04,20010405,2026-02-18T09:42:11,2026-02-18T09:43:58,1.07,5
353,353,1,SUS,SU01_05,20010505,2026-02-18T09:42:11,2026-02-18T09:43:58,1.07,5
353,353,1,SUS,SU01_06,20010605,2026-02-18T09:42:11,2026-02-18T09:43:58,1.07,5
353,353,1,SUS,SU01_07,20010705,2026-02-18T09:42:11,2026-02-18T09:43:58,1.07,5
353,353,1,SUS,SU01_08,20010805,2026-02-18T09:42:11,2026-02-18T09:43:58,1.07,5
353,353,1,SUS,SU01_09,20010905,2026-02-18T09:42:11,2026-02-18T09:43:58,1.07,5
353,353,1,SUS,SU01_10,20011005,2026-02-18T09:42:11,2026-02-18T09:43:58,1.07,5
354,354,1,uMARS,UM01,30010004,2026-02-18T09:44:24,2026-02-18T09:51:52,1.03,5
354,354,1,uMARS,UM02,30020005,2026-02-18T09:44:24,2026-02-18T09:51:52,1.03,5
354,354,1,uMARS,UM03,30030004,2026-02-18T09:44:24,2026-02-18T09:51:52,1.03,4
354,354,1,uMARS,UM04,30040005,2026-02-18T09:44:24,2026-02-18T09:51:52,1.03,5
354,354,1,uMARS,UM06,30060005,2026-02-18T09:44:24,2026-02-18T09:51:52,1.03,5
354,354,1,uMARS,UM07,30070005,2026-02-18T09:44:24,2026-02-18T09:51:52,1.03,5
354,354,1,uMARS,UM08,30080005,2026-02-18T09:44:24,2026-02-18T09:51:52,1.03,5
354,354,1,uMARS,UM09,30090005,2026-02-18T09:44:24,2026-02-18T09:51:52,1.03,5
354,354,1,uMARS,UM10,30100005,2026-02-18T09:44:24,2026-02-18T09:51:52,1.03,5
354,354,1,uMARS,UM11,30110005,2026-02-18T09:44:24,2026-02-18T09:51:52,1.03,5
354,354,1,uMARS,UM12,30120006,2026-02-18T09:44:24,2026-02-18T09:51:52,1.03,5
354,354,1,uMARS,UM13,30130006,2026-02-18T09:44:24,2026-02-18T09:51:52,1.03,5
354,354,1,uMARS,UM14,30140006,2026-02-18T09:44:24,2026-02-18T09:51:52,1.03,5
354,354,1,uMARS,UM15,30150006,2026-02-18T09:44:24,2026-02-18T09:51:52,1.03,5
354,354,1,uMARS,UM16,30160005,2026-02-18T09:44:24,2026-02-18T09:51:52,1.03,5
354,354,1,uMARS,UM17,30170005,2026-02-18T09:44:24,2026-02-18T09:51:52,1.03,5
354,354,1,uMARS,UM18,30180005,2026-02-18T09:44:24,2026-02-18T09:51:52,1.03,5
354,354,1,uMARS,UM19,30190005,2026-02-18T09:44:24,2026-02-18T09:51:52,1.03,5
354,354,1,uMARS,UM20,30200005,2026-02-18T09:44:24,2026-02-18T09:51:52,1.03,5
354,354,1,uMARS,UM21,30210005,2026-02-18T09:44:24,2026-02-18T09:51:52,1.03,5
354,354,1,uMARS,UM22,30220005,2026-02-18T09:44:24,2026-02-18T09:51:52,1.03,5
354,354,1,uMARS,UM23,30230005,2026-02-18T09:44:24,2026-02-18T09:51:52,1.03,5
354,354,1,uMARS,UM24,30240005,2026-02-18T09:44:24,2026-02-18T09:51:52,1.03,5
354,354,1,uMARS,UM25,30250005,2026-02-18T09:44:24,2026-02-18T09:51:52,1.03,5
356,356,1,uMARS,UM01,30010004,2026-02-18T09:45:35,2026-02-18T09:49:46,1.89,5
356,356,1,uMARS,UM02,30020004,2026-02-18T09:45:35,2026-02-18T09:49:46,1.89,4
356,356,1,uMARS,UM03,30030004,2026-02-18T09:45:35,2026-02-18T09:49:46,1.89,4
356,356,1,uMARS,UM04,30040002,2026-02-18T09:45:35,2026-02-18T09:49:46,1.89,2
356,356,1,uMARS,UM06,30060003,2026-02-18T09:45:35,2026-02-18T09:49:46,1.89,3
356,356,1,uMARS,UM07,30070003,2026-02-18T09:45:35,2026-02-18T09:49:46,1.89,3
356,356,1,uMARS,UM08,30080003,2026-02-18T09:45:35,2026-02-18T09:49:46,1.89,3
356,356,1,uMARS,UM09,30090003,2026-02-18T09:45:35,2026-02-18T09:49:46,1.89,3
356,356,1,uMARS,UM10,30100004,2026-02-18T09:45:35,2026-02-18T09:49:46,1.89,4
356,356,1,uMARS,UM11,30110004,2026-02-18T09:45:35,2026-02-18T09:49:46,1.89,4
356,356,1,uMARS,UM12,30120006,2026-02-18T09:45:35,2026-02-18T09:49:46,1.89,5
356,356,1,uMARS,UM13,30130003,2026-02-18T09:45:35,2026-02-18T09:49:46,1.89,2
356,356,1,uMARS,UM14,30140005,2026-02-18T09:45:35,2026-02-18T09:49:46,1.89,4
356,356,1,uMARS,UM15,30150006,2026-02-18T09:45:35,2026-02-18T09:49:46,1.89,5
356,356,1,uMARS,UM16,30160003,2026-02-18T09:45:35,2026-02-18T09:49:46,1.89,3
356,356,1,uMARS,UM17,30170003,2026-02-18T09:45:35,2026-02-18T09:49:46,1.89,3
356,356,1,uMARS,UM18,30180001,2026-02-18T09:45:35,2026-02-18T09:49:46,1.89,1
356,356,1,uMARS,UM19,30190004,2026-02-18T09:45:35,2026-02-18T09:49:46,1.89,4
356,356,1,uMARS,UM20,30200005,2026-02-18T09:45:35,2026-02-18T09:49:46,1.89,5
356,356,1,uMARS,UM21,30210005,2026-02-18T09:45:35,2026-02-18T09:49:46,1.89,5
356,356,1,uMARS,UM22,30220004,2026-02-18T09:45:35,2026-02-18T09:49:46,1.89,4
356,356,1,uMARS,UM23,30230004,2026-02-18T09:45:35,2026-02-18T09:49:46,1.89,4
356,356,1,uMARS,UM24,30240004,2026-02-18T09:45:35,2026-02-18T09:49:46,1.89,4
356,356,1,uMARS,UM25,30250003,2026-02-18T09:45:35,2026-02-18T09:49:46,1.89,3
357,357,1,SUS,SU01_01,20010103,2026-02-18T09:48:41,2026-02-18T09:51:37,0.65,3
357,357,1,SUS,SU01_02,20010203,2026-02-18T09:48:41,2026-02-18T09:51:37,0.65,3
357,357,1,SUS,SU01_03,20010303,2026-02-18T09:48:41,2026-02-18T09:51:37,0.65,3
357,357,1,SUS,SU01_04,20010403,2026-02-18T09:48:41,2026-02-18T09:51:37,0.65,3
357,357,1,SUS,SU01_05,20010504,2026-02-18T09:48:41,2026-02-18T09:51:37,0.65,4
357,357,1,SUS,SU01_06,20010604,2026-02-18T09:48:41,2026-02-18T09:51:37,0.65,4
357,357,1,SUS,SU01_07,20010703,2026-02-18T09:48:41,2026-02-18T09:51:37,0.65,3
357,357,1,SUS,SU01_08,20010802,2026-02-18T09:48:41,2026-02-18T09:51:37,0.65,2
357,357,1,SUS,SU01_09,20010902,2026-02-18T09:48:41,2026-02-18T09:51:37,0.65,2
357,357,1,SUS,SU01_10,20011002,2026-02-18T09:48:41,2026-02-18T09:51:37,0.65,2
358,358,1,uMARS,UM01,30010002,2026-02-18T09:51:46,2026-02-18T10:00:40,0.82,3
358,358,1,uMARS,UM02,30020004,2026-02-18T09:51:46,2026-02-18T10:00:40,0.82,4
358,358,1,uMARS,UM03,30030003,2026-02-18T09:51:46,2026-02-18T10:00:40,0.82,3
358,358,1,uMARS,UM04,30040003,2026-02-18T09:51:46,2026-02-18T10:00:40,0.82,3
358,358,1,uMARS,UM06,30060003,2026-02-18T09:51:46,2026-02-18T10:00:40,0.82,3
358,358,1,uMARS,UM07,30070002,2026-02-18T09:51:46,2026-02-18T10:00:40,0.82,2
358,358,1,uMARS,UM08,30080002,2026-02-18T09:51:46,2026-02-18T10:00:40,0.82,2
358,358,1,uMARS,UM09,30090002,2026-02-18T09:51:46,2026-02-18T10:00:40,0.82,2
358,358,1,uMARS,UM10,30100004,2026-02-18T09:51:46,2026-02-18T10:00:40,0.82,4
358,358,1,uMARS,UM11,30110003,2026-02-18T09:51:46,2026-02-18T10:00:40,0.82,3
358,358,1,uMARS,UM12,30120004,2026-02-18T09:51:46,2026-02-18T10:00:40,0.82,3
358,358,1,uMARS,UM13,30130004,2026-02-18T09:51:46,2026-02-18T10:00:40,0.82,3
358,358,1,uMARS,UM14,30140004,2026-02-18T09:51:46,2026-02-18T10:00:40,0.82,3
358,358,1,uMARS,UM15,30150005,2026-02-18T09:51:46,2026-02-18T10:00:40,0.82,4
358,358,1,uMARS,UM16,30160004,2026-02-18T09:51:46,2026-02-18T10:00:40,0.82,4
358,358,1,uMARS,UM17,30170003,2026-02-18T09:51:46,2026-02-18T10:00:40,0.82,3
358,358,1,uMARS,UM18,30180003,2026-02-18T09:51:46,2026-02-18T10:00:40,0.82,3
358,358,1,uMARS,UM19,30190003,2026-02-18T09:51:46,2026-02-18T10:00:40,0.82,3
358,358,1,uMARS,UM20,30200003,2026-02-18T09:51:46,2026-02-18T10:00:40,0.82,3
358,358,1,uMARS,UM21,30210003,2026-02-18T09:51:46,2026-02-18T10:00:40,0.82,3
358,358,1,uMARS,UM22,30220003,2026-02-18T09:51:46,2026-02-18T10:00:40,0.82,3
358,358,1,uMARS,UM23,30230003,2026-02-18T09:51:46,2026-02-18T10:00:40,0.82,3
358,358,1,uMARS,UM24,30240003,2026-02-18T09:51:46,2026-02-18T10:00:40,0.82,3
358,358,1,uMARS,UM25,30250003,2026-02-18T09:51:46,2026-02-18T10:00:40,0.82,3
359,359,1,ME1,M002_01,10020107,2026-02-18T10:19:36,2026-02-18T10:24:06,0.59,7
359,359,1,ME1,M003_01,10030108,2026-02-18T10:19:36,2026-02-18T10:24:06,0.59,8
359,359,1,ME1,M004_01,10040108,2026-02-18T10:19:36,2026-02-18T10:24:06,0.59,8
359,359,1,ME1,M005,10050001,2026-02-18T10:19:36,2026-02-18T10:24:06,0.59,1
359,359,1,ME1,M006_01,10060108,2026-02-18T10:19:36,2026-02-18T10:24:06,0.59,8
359,359,1,ME1,M007_01,10070101,2026-02-18T10:19:36,2026-02-18T10:24:06,0.59,conoscere tutte le consequenze del defribillatore
359,359,1,ME1,M008_01,10080102,2026-02-18T10:19:36,2026-02-18T10:24:06,0.59,NO_RECORDED_RESPONSE
359,359,1,ME1,M010_01,10100108,2026-02-18T10:19:36,2026-02-18T10:24:06,0.59,8
360,360,1,ME1,M002_01,10020108,2026-02-18T10:50:16,2026-02-18T10:51:14,1.72,8
360,360,1,ME1,M003_01,10030108,2026-02-18T10:50:16,2026-02-18T10:51:14,1.72,8
360,360,1,ME1,M004_01,10040108,2026-02-18T10:50:16,2026-02-18T10:51:14,1.72,8
360,360,1,ME1,M005,10050001,2026-02-18T10:50:16,2026-02-18T10:51:14,1.72,1
360,360,1,ME1,M006_01,10060108,2026-02-18T10:50:16,2026-02-18T10:51:14,1.72,8
360,360,1,ME1,M007_01,10070102,2026-02-18T10:50:16,2026-02-18T10:51:14,1.72,NO_RECORDED_RESPONSE
360,360,1,ME1,M008_01,10080102,2026-02-18T10:50:16,2026-02-18T10:51:14,1.72,NO_RECORDED_RESPONSE
360,360,1,ME1,M010_01,10100108,2026-02-18T10:50:16,2026-02-18T10:51:14,1.72,8
361,361,1,ME1,M002_01,10020108,2026-02-18T11:00:54,2026-02-18T11:01:50,2.25,8
361,361,1,ME1,M003_01,10030108,2026-02-18T11:00:54,2026-02-18T11:01:50,2.25,8
361,361,1,ME1,M004_01,10040108,2026-02-18T11:00:54,2026-02-18T11:01:50,2.25,8
361,361,1,ME1,M005,10050001,2026-02-18T11:00:54,2026-02-18T11:01:50,2.25,1
361,361,1,ME1,M006_01,10060108,2026-02-18T11:00:54,2026-02-18T11:01:50,2.25,8
361,361,1,ME1,M007_01,10070102,2026-02-18T11:00:54,2026-02-18T11:01:50,2.25,NO_RECORDED_RESPONSE
361,361,1,ME1,M008_01,10080102,2026-02-18T11:00:54,2026-02-18T11:01:50,2.25,NO_RECORDED_RESPONSE
361,361,1,ME1,M010_01,10100108,2026-02-18T11:00:54,2026-02-18T11:01:50,2.25,8
362,362,1,SUS,SU01_01,20010104,2026-02-18T11:02:07,2026-02-18T11:04:28,0.82,4
362,362,1,SUS,SU01_02,20010204,2026-02-18T11:02:07,2026-02-18T11:04:28,0.82,4
362,362,1,SUS,SU01_03,20010303,2026-02-18T11:02:07,2026-02-18T11:04:28,0.82,3
362,362,1,SUS,SU01_04,20010404,2026-02-18T11:02:07,2026-02-18T11:04:28,0.82,4
362,362,1,SUS,SU01_05,20010504,2026-02-18T11:02:07,2026-02-18T11:04:28,0.82,4
362,362,1,SUS,SU01_06,20010604,2026-02-18T11:02:07,2026-02-18T11:04:28,0.82,4
362,362,1,SUS,SU01_07,20010703,2026-02-18T11:02:07,2026-02-18T11:04:28,0.82,3
362,362,1,SUS,SU01_08,20010804,2026-02-18T11:02:07,2026-02-18T11:04:28,0.82,4
362,362,1,SUS,SU01_09,20010904,2026-02-18T11:02:07,2026-02-18T11:04:28,0.82,4
362,362,1,SUS,SU01_10,20011002,2026-02-18T11:02:07,2026-02-18T11:04:28,0.82,2
363,363,1,uMARS,UM01,30010002,2026-02-18T11:04:34,2026-02-18T11:19:07,0.82,3
363,363,1,uMARS,UM02,30020004,2026-02-18T11:04:34,2026-02-18T11:19:07,0.82,4
363,363,1,uMARS,UM03,30030003,2026-02-18T11:04:34,2026-02-18T11:19:07,0.82,3
363,363,1,uMARS,UM04,30040003,2026-02-18T11:04:34,2026-02-18T11:19:07,0.82,3
363,363,1,uMARS,UM06,30060004,2026-02-18T11:04:34,2026-02-18T11:19:07,0.82,4
363,363,1,uMARS,UM07,30070003,2026-02-18T11:04:34,2026-02-18T11:19:07,0.82,3
363,363,1,uMARS,UM08,30080003,2026-02-18T11:04:34,2026-02-18T11:19:07,0.82,3
363,363,1,uMARS,UM09,30090004,2026-02-18T11:04:34,2026-02-18T11:19:07,0.82,4
363,363,1,uMARS,UM10,30100003,2026-02-18T11:04:34,2026-02-18T11:19:07,0.82,3
363,363,1,uMARS,UM11,30110003,2026-02-18T11:04:34,2026-02-18T11:19:07,0.82,3
363,363,1,uMARS,UM12,30120005,2026-02-18T11:04:34,2026-02-18T11:19:07,0.82,4
363,363,1,uMARS,UM13,30130005,2026-02-18T11:04:34,2026-02-18T11:19:07,0.82,4
363,363,1,uMARS,UM14,30140005,2026-02-18T11:04:34,2026-02-18T11:19:07,0.82,4
363,363,1,uMARS,UM15,30150005,2026-02-18T11:04:34,2026-02-18T11:19:07,0.82,4
363,363,1,uMARS,UM16,30160004,2026-02-18T11:04:34,2026-02-18T11:19:07,0.82,4
363,363,1,uMARS,UM17,30170004,2026-02-18T11:04:34,2026-02-18T11:19:07,0.82,4
363,363,1,uMARS,UM18,30180003,2026-02-18T11:04:34,2026-02-18T11:19:07,0.82,3
363,363,1,uMARS,UM19,30190003,2026-02-18T11:04:34,2026-02-18T11:19:07,0.82,3
363,363,1,uMARS,UM20,30200004,2026-02-18T11:04:34,2026-02-18T11:19:07,0.82,4
363,363,1,uMARS,UM21,30210004,2026-02-18T11:04:34,2026-02-18T11:19:07,0.82,4
363,363,1,uMARS,UM22,30220004,2026-02-18T11:04:34,2026-02-18T11:19:07,0.82,4
363,363,1,uMARS,UM23,30230004,2026-02-18T11:04:34,2026-02-18T11:19:07,0.82,4
363,363,1,uMARS,UM24,30240004,2026-02-18T11:04:34,2026-02-18T11:19:07,0.82,4
363,363,1,uMARS,UM25,30250003,2026-02-18T11:04:34,2026-02-18T11:19:07,0.82,3
364,364,1,SUS,SU01_01,20010104,2026-02-18T11:22:57,2026-02-18T11:24:54,0.99,4
364,364,1,SUS,SU01_02,20010204,2026-02-18T11:22:57,2026-02-18T11:24:54,0.99,4
364,364,1,SUS,SU01_03,20010304,2026-02-18T11:22:57,2026-02-18T11:24:54,0.99,4
364,364,1,SUS,SU01_04,20010404,2026-02-18T11:22:57,2026-02-18T11:24:54,0.99,4
364,364,1,SUS,SU01_05,20010504,2026-02-18T11:22:57,2026-02-18T11:24:54,0.99,4
364,364,1,SUS,SU01_06,20010604,2026-02-18T11:22:57,2026-02-18T11:24:54,0.99,4
364,364,1,SUS,SU01_07,20010703,2026-02-18T11:22:57,2026-02-18T11:24:54,0.99,3
364,364,1,SUS,SU01_08,20010804,2026-02-18T11:22:57,2026-02-18T11:24:54,0.99,4
364,364,1,SUS,SU01_09,20010904,2026-02-18T11:22:57,2026-02-18T11:24:54,0.99,4
364,364,1,SUS,SU01_10,20011002,2026-02-18T11:22:57,2026-02-18T11:24:54,0.99,2
365,365,1,uMARS,UM01,30010006,2026-02-18T11:24:59,2026-02-18T11:25:37,0.95,NO_RECORDED_RESPONSE
365,365,1,uMARS,UM02,30020007,2026-02-18T11:24:59,2026-02-18T11:25:37,0.95,NO_RECORDED_RESPONSE
365,365,1,uMARS,UM03,30030007,2026-02-18T11:24:59,2026-02-18T11:25:37,0.95,NO_RECORDED_RESPONSE
365,365,1,uMARS,UM04,30040007,2026-02-18T11:24:59,2026-02-18T11:25:37,0.95,NO_RECORDED_RESPONSE
365,365,1,uMARS,UM06,30060007,2026-02-18T11:24:59,2026-02-18T11:25:37,0.95,NO_RECORDED_RESPONSE
365,365,1,uMARS,UM07,30070007,2026-02-18T11:24:59,2026-02-18T11:25:37,0.95,NO_RECORDED_RESPONSE
365,365,1,uMARS,UM08,30080007,2026-02-18T11:24:59,2026-02-18T11:25:37,0.95,NO_RECORDED_RESPONSE
365,365,1,uMARS,UM09,30090007,2026-02-18T11:24:59,2026-02-18T11:25:37,0.95,NO_RECORDED_RESPONSE
365,365,1,uMARS,UM10,30100007,2026-02-18T11:24:59,2026-02-18T11:25:37,0.95,NO_RECORDED_RESPONSE
365,365,1,uMARS,UM11,30110007,2026-02-18T11:24:59,2026-02-18T11:25:37,0.95,NO_RECORDED_RESPONSE
365,365,1,uMARS,UM12,30120008,2026-02-18T11:24:59,2026-02-18T11:25:37,0.95,NO_RECORDED_RESPONSE
365,365,1,uMARS,UM13,30130008,2026-02-18T11:24:59,2026-02-18T11:25:37,0.95,NO_RECORDED_RESPONSE
365,365,1,uMARS,UM14,30140008,2026-02-18T11:24:59,2026-02-18T11:25:37,0.95,NO_RECORDED_RESPONSE
365,365,1,uMARS,UM15,30150008,2026-02-18T11:24:59,2026-02-18T11:25:37,0.95,NO_RECORDED_RESPONSE
365,365,1,uMARS,UM16,30160007,2026-02-18T11:24:59,2026-02-18T11:25:37,0.95,NO_RECORDED_RESPONSE
365,365,1,uMARS,UM17,30170007,2026-02-18T11:24:59,2026-02-18T11:25:37,0.95,NO_RECORDED_RESPONSE
365,365,1,uMARS,UM18,30180007,2026-02-18T11:24:59,2026-02-18T11:25:37,0.95,NO_RECORDED_RESPONSE
365,365,1,uMARS,UM19,30190007,2026-02-18T11:24:59,2026-02-18T11:25:37,0.95,NO_RECORDED_RESPONSE
365,365,1,uMARS,UM20,30200007,2026-02-18T11:24:59,2026-02-18T11:25:37,0.95,NO_RECORDED_RESPONSE
365,365,1,uMARS,UM21,30210007,2026-02-18T11:24:59,2026-02-18T11:25:37,0.95,NO_RECORDED_RESPONSE
365,365,1,uMARS,UM22,30220007,2026-02-18T11:24:59,2026-02-18T11:25:37,0.95,NO_RECORDED_RESPONSE
365,365,1,uMARS,UM23,30230007,2026-02-18T11:24:59,2026-02-18T11:25:37,0.95,NO_RECORDED_RESPONSE
365,365,1,uMARS,UM24,30240007,2026-02-18T11:24:59,2026-02-18T11:25:37,0.95,NO_RECORDED_RESPONSE
365,365,1,uMARS,UM25,30250007,2026-02-18T11:24:59,2026-02-18T11:25:37,0.95,NO_RECORDED_RESPONSE
367,367,1,ME1,M002_01,10020108,2026-02-18T11:32:38,2026-02-18T11:33:32,2.91,8
367,367,1,ME1,M003_01,10030108,2026-02-18T11:32:38,2026-02-18T11:33:32,2.91,8
367,367,1,ME1,M004_01,10040108,2026-02-18T11:32:38,2026-02-18T11:33:32,2.91,8
367,367,1,ME1,M005,10050001,2026-02-18T11:32:38,2026-02-18T11:33:32,2.91,1
367,367,1,ME1,M006_01,10060108,2026-02-18T11:32:38,2026-02-18T11:33:32,2.91,8
367,367,1,ME1,M007_01,10070102,2026-02-18T11:32:38,2026-02-18T11:33:32,2.91,NO_RECORDED_RESPONSE
367,367,1,ME1,M008_01,10080102,2026-02-18T11:32:38,2026-02-18T11:33:32,2.91,NO_RECORDED_RESPONSE
367,367,1,ME1,M010_01,10100108,2026-02-18T11:32:38,2026-02-18T11:33:32,2.91,8
368,368,1,SUS,SU01_01,20010104,2026-02-18T11:36:16,2026-02-18T11:37:36,1.44,4
368,368,1,SUS,SU01_02,20010204,2026-02-18T11:36:16,2026-02-18T11:37:36,1.44,4
368,368,1,SUS,SU01_03,20010304,2026-02-18T11:36:16,2026-02-18T11:37:36,1.44,4
368,368,1,SUS,SU01_04,20010404,2026-02-18T11:36:16,2026-02-18T11:37:36,1.44,4
368,368,1,SUS,SU01_05,20010504,2026-02-18T11:36:16,2026-02-18T11:37:36,1.44,4
368,368,1,SUS,SU01_06,20010604,2026-02-18T11:36:16,2026-02-18T11:37:36,1.44,4
368,368,1,SUS,SU01_07,20010704,2026-02-18T11:36:16,2026-02-18T11:37:36,1.44,4
368,368,1,SUS,SU01_08,20010804,2026-02-18T11:36:16,2026-02-18T11:37:36,1.44,4
368,368,1,SUS,SU01_09,20010904,2026-02-18T11:36:16,2026-02-18T11:37:36,1.44,4
368,368,1,SUS,SU01_10,20011003,2026-02-18T11:36:16,2026-02-18T11:37:36,1.44,3
369,369,1,uMARS,UM01,30010003,2026-02-18T11:37:45,2026-02-18T11:42:49,1.48,4
369,369,1,uMARS,UM02,30020004,2026-02-18T11:37:45,2026-02-18T11:42:49,1.48,4
369,369,1,uMARS,UM03,30030004,2026-02-18T11:37:45,2026-02-18T11:42:49,1.48,4
369,369,1,uMARS,UM04,30040004,2026-02-18T11:37:45,2026-02-18T11:42:49,1.48,4
369,369,1,uMARS,UM06,30060004,2026-02-18T11:37:45,2026-02-18T11:42:49,1.48,4
369,369,1,uMARS,UM07,30070004,2026-02-18T11:37:45,2026-02-18T11:42:49,1.48,4
369,369,1,uMARS,UM08,30080004,2026-02-18T11:37:45,2026-02-18T11:42:49,1.48,4
369,369,1,uMARS,UM09,30090004,2026-02-18T11:37:45,2026-02-18T11:42:49,1.48,4
369,369,1,uMARS,UM10,30100004,2026-02-18T11:37:45,2026-02-18T11:42:49,1.48,4
369,369,1,uMARS,UM11,30110004,2026-02-18T11:37:45,2026-02-18T11:42:49,1.48,4
369,369,1,uMARS,UM12,30120005,2026-02-18T11:37:45,2026-02-18T11:42:49,1.48,4
369,369,1,uMARS,UM13,30130005,2026-02-18T11:37:45,2026-02-18T11:42:49,1.48,4
369,369,1,uMARS,UM14,30140005,2026-02-18T11:37:45,2026-02-18T11:42:49,1.48,4
369,369,1,uMARS,UM15,30150005,2026-02-18T11:37:45,2026-02-18T11:42:49,1.48,4
369,369,1,uMARS,UM16,30160004,2026-02-18T11:37:45,2026-02-18T11:42:49,1.48,4
369,369,1,uMARS,UM17,30170004,2026-02-18T11:37:45,2026-02-18T11:42:49,1.48,4
369,369,1,uMARS,UM18,30180002,2026-02-18T11:37:45,2026-02-18T11:42:49,1.48,2
369,369,1,uMARS,UM19,30190003,2026-02-18T11:37:45,2026-02-18T11:42:49,1.48,3
369,369,1,uMARS,UM20,30200004,2026-02-18T11:37:45,2026-02-18T11:42:49,1.48,4
369,369,1,uMARS,UM21,30210004,2026-02-18T11:37:45,2026-02-18T11:42:49,1.48,4
369,369,1,uMARS,UM22,30220004,2026-02-18T11:37:45,2026-02-18T11:42:49,1.48,4
369,369,1,uMARS,UM23,30230004,2026-02-18T11:37:45,2026-02-18T11:42:49,1.48,4
369,369,1,uMARS,UM24,30240004,2026-02-18T11:37:45,2026-02-18T11:42:49,1.48,4
369,369,1,uMARS,UM25,30250004,2026-02-18T11:37:45,2026-02-18T11:42:49,1.48,4
370,370,1,SUS,SU01_01,20010101,2026-02-18T21:42:30,2026-02-18T21:44:59,0.77,1
370,370,1,SUS,SU01_02,20010205,2026-02-18T21:42:30,2026-02-18T21:44:59,0.77,5
370,370,1,SUS,SU01_03,20010305,2026-02-18T21:42:30,2026-02-18T21:44:59,0.77,5
370,370,1,SUS,SU01_04,20010405,2026-02-18T21:42:30,2026-02-18T21:44:59,0.77,5
370,370,1,SUS,SU01_05,20010505,2026-02-18T21:42:30,2026-02-18T21:44:59,0.77,5
370,370,1,SUS,SU01_06,20010605,2026-02-18T21:42:30,2026-02-18T21:44:59,0.77,5
370,370,1,SUS,SU01_07,20010705,2026-02-18T21:42:30,2026-02-18T21:44:59,0.77,5
370,370,1,SUS,SU01_08,20010805,2026-02-18T21:42:30,2026-02-18T21:44:59,0.77,5
370,370,1,SUS,SU01_09,20010905,2026-02-18T21:42:30,2026-02-18T21:44:59,0.77,5
370,370,1,SUS,SU01_10,20011005,2026-02-18T21:42:30,2026-02-18T21:44:59,0.77,5
371,371,1,uMARS,UM01,30010002,2026-02-18T21:45:07,2026-02-18T21:57:06,1.1,3
371,371,1,uMARS,UM02,30020003,2026-02-18T21:45:07,2026-02-18T21:57:06,1.1,3
371,371,1,uMARS,UM03,30030003,2026-02-18T21:45:07,2026-02-18T21:57:06,1.1,3
371,371,1,uMARS,UM04,30040005,2026-02-18T21:45:07,2026-02-18T21:57:06,1.1,5
371,371,1,uMARS,UM06,30060005,2026-02-18T21:45:07,2026-02-18T21:57:06,1.1,5
371,371,1,uMARS,UM07,30070005,2026-02-18T21:45:07,2026-02-18T21:57:06,1.1,5
371,371,1,uMARS,UM08,30080005,2026-02-18T21:45:07,2026-02-18T21:57:06,1.1,5
371,371,1,uMARS,UM09,30090005,2026-02-18T21:45:07,2026-02-18T21:57:06,1.1,5
371,371,1,uMARS,UM10,30100004,2026-02-18T21:45:07,2026-02-18T21:57:06,1.1,4
371,371,1,uMARS,UM11,30110005,2026-02-18T21:45:07,2026-02-18T21:57:06,1.1,5
371,371,1,uMARS,UM12,30120006,2026-02-18T21:45:07,2026-02-18T21:57:06,1.1,5
371,371,1,uMARS,UM13,30130006,2026-02-18T21:45:07,2026-02-18T21:57:06,1.1,5
371,371,1,uMARS,UM14,30140006,2026-02-18T21:45:07,2026-02-18T21:57:06,1.1,5
371,371,1,uMARS,UM15,30150006,2026-02-18T21:45:07,2026-02-18T21:57:06,1.1,5
371,371,1,uMARS,UM16,30160005,2026-02-18T21:45:07,2026-02-18T21:57:06,1.1,5
371,371,1,uMARS,UM17,30170002,2026-02-18T21:45:07,2026-02-18T21:57:06,1.1,2
371,371,1,uMARS,UM18,30180001,2026-02-18T21:45:07,2026-02-18T21:57:06,1.1,1
371,371,1,uMARS,UM19,30190004,2026-02-18T21:45:07,2026-02-18T21:57:06,1.1,4
371,371,1,uMARS,UM20,30200004,2026-02-18T21:45:07,2026-02-18T21:57:06,1.1,4
371,371,1,uMARS,UM21,30210004,2026-02-18T21:45:07,2026-02-18T21:57:06,1.1,4
371,371,1,uMARS,UM22,30220003,2026-02-18T21:45:07,2026-02-18T21:57:06,1.1,3
371,371,1,uMARS,UM23,30230003,2026-02-18T21:45:07,2026-02-18T21:57:06,1.1,3
371,371,1,uMARS,UM24,30240002,2026-02-18T21:45:07,2026-02-18T21:57:06,1.1,2
371,371,1,uMARS,UM25,30250002,2026-02-18T21:45:07,2026-02-18T21:57:06,1.1,2
375,375,1,SUS,SU01_01,20010107,2026-02-19T13:47:37,2026-02-19T13:48:10,3.0,NO_RECORDED_RESPONSE
375,375,1,SUS,SU01_02,20010207,2026-02-19T13:47:37,2026-02-19T13:48:10,3.0,NO_RECORDED_RESPONSE
375,375,1,SUS,SU01_03,20010307,2026-02-19T13:47:37,2026-02-19T13:48:10,3.0,NO_RECORDED_RESPONSE
375,375,1,SUS,SU01_04,20010407,2026-02-19T13:47:37,2026-02-19T13:48:10,3.0,NO_RECORDED_RESPONSE
375,375,1,SUS,SU01_05,20010507,2026-02-19T13:47:37,2026-02-19T13:48:10,3.0,NO_RECORDED_RESPONSE
375,375,1,SUS,SU01_06,20010607,2026-02-19T13:47:37,2026-02-19T13:48:10,3.0,NO_RECORDED_RESPONSE
375,375,1,SUS,SU01_07,20010707,2026-02-19T13:47:37,2026-02-19T13:48:10,3.0,NO_RECORDED_RESPONSE
375,375,1,SUS,SU01_08,20010807,2026-02-19T13:47:37,2026-02-19T13:48:10,3.0,NO_RECORDED_RESPONSE
375,375,1,SUS,SU01_09,20010907,2026-02-19T13:47:37,2026-02-19T13:48:10,3.0,NO_RECORDED_RESPONSE
375,375,1,SUS,SU01_10,20011007,2026-02-19T13:47:37,2026-02-19T13:48:10,3.0,NO_RECORDED_RESPONSE
376,376,1,SUS,SU01_01,20010107,2026-02-19T13:48:16,2026-02-19T13:49:05,2.35,NO_RECORDED_RESPONSE
376,376,1,SUS,SU01_02,20010207,2026-02-19T13:48:16,2026-02-19T13:49:05,2.35,NO_RECORDED_RESPONSE
376,376,1,SUS,SU01_03,20010307,2026-02-19T13:48:16,2026-02-19T13:49:05,2.35,NO_RECORDED_RESPONSE
376,376,1,SUS,SU01_04,20010407,2026-02-19T13:48:16,2026-02-19T13:49:05,2.35,NO_RECORDED_RESPONSE
376,376,1,SUS,SU01_05,20010507,2026-02-19T13:48:16,2026-02-19T13:49:05,2.35,NO_RECORDED_RESPONSE
376,376,1,SUS,SU01_06,20010607,2026-02-19T13:48:16,2026-02-19T13:49:05,2.35,NO_RECORDED_RESPONSE
376,376,1,SUS,SU01_07,20010707,2026-02-19T13:48:16,2026-02-19T13:49:05,2.35,NO_RECORDED_RESPONSE
376,376,1,SUS,SU01_08,20010807,2026-02-19T13:48:16,2026-02-19T13:49:05,2.35,NO_RECORDED_RESPONSE
376,376,1,SUS,SU01_09,20010907,2026-02-19T13:48:16,2026-02-19T13:49:05,2.35,NO_RECORDED_RESPONSE
376,376,1,SUS,SU01_10,20011007,2026-02-19T13:48:16,2026-02-19T13:49:05,2.35,NO_RECORDED_RESPONSE
380,380,1,SUS,SU01_01,20010103,2026-02-19T20:35:00,2026-02-19T20:37:09,0.89,3
380,380,1,SUS,SU01_02,20010203,2026-02-19T20:35:00,2026-02-19T20:37:09,0.89,3
380,380,1,SUS,SU01_03,20010303,2026-02-19T20:35:00,2026-02-19T20:37:09,0.89,3
380,380,1,SUS,SU01_04,20010402,2026-02-19T20:35:00,2026-02-19T20:37:09,0.89,2
380,380,1,SUS,SU01_05,20010503,2026-02-19T20:35:00,2026-02-19T20:37:09,0.89,3
380,380,1,SUS,SU01_06,20010603,2026-02-19T20:35:00,2026-02-19T20:37:09,0.89,3
380,380,1,SUS,SU01_07,20010703,2026-02-19T20:35:00,2026-02-19T20:37:09,0.89,3
380,380,1,SUS,SU01_08,20010803,2026-02-19T20:35:00,2026-02-19T20:37:09,0.89,3
380,380,1,SUS,SU01_09,20010903,2026-02-19T20:35:00,2026-02-19T20:37:09,0.89,3
380,380,1,SUS,SU01_10,20011002,2026-02-19T20:35:00,2026-02-19T20:37:09,0.89,2
381,381,1,SUS,SU01_01,20010107,2026-02-19T20:37:51,2026-02-19T20:37:55,3.0,NO_RECORDED_RESPONSE
381,381,1,SUS,SU01_02,20010207,2026-02-19T20:37:51,2026-02-19T20:37:55,3.0,NO_RECORDED_RESPONSE
381,381,1,SUS,SU01_03,20010307,2026-02-19T20:37:51,2026-02-19T20:37:55,3.0,NO_RECORDED_RESPONSE
381,381,1,SUS,SU01_04,20010407,2026-02-19T20:37:51,2026-02-19T20:37:55,3.0,NO_RECORDED_RESPONSE
381,381,1,SUS,SU01_05,20010507,2026-02-19T20:37:51,2026-02-19T20:37:55,3.0,NO_RECORDED_RESPONSE
381,381,1,SUS,SU01_06,20010607,2026-02-19T20:37:51,2026-02-19T20:37:55,3.0,NO_RECORDED_RESPONSE
381,381,1,SUS,SU01_07,20010707,2026-02-19T20:37:51,2026-02-19T20:37:55,3.0,NO_RECORDED_RESPONSE
381,381,1,SUS,SU01_08,20010807,2026-02-19T20:37:51,2026-02-19T20:37:55,3.0,NO_RECORDED_RESPONSE
381,381,1,SUS,SU01_09,20010907,2026-02-19T20:37:51,2026-02-19T20:37:55,3.0,NO_RECORDED_RESPONSE
381,381,1,SUS,SU01_10,20011007,2026-02-19T20:37:51,2026-02-19T20:37:55,3.0,NO_RECORDED_RESPONSE
382,382,1,uMARS,UM01,30010002,2026-02-19T20:38:11,2026-02-19T20:43:27,0.52,3
382,382,1,uMARS,UM02,30020004,2026-02-19T20:38:11,2026-02-19T20:43:27,0.52,4
382,382,1,uMARS,UM03,30030003,2026-02-19T20:38:11,2026-02-19T20:43:27,0.52,3
382,382,1,uMARS,UM04,30040003,2026-02-19T20:38:11,2026-02-19T20:43:27,0.52,3
382,382,1,uMARS,UM06,30060003,2026-02-19T20:38:11,2026-02-19T20:43:27,0.52,3
382,382,1,uMARS,UM07,30070004,2026-02-19T20:38:11,2026-02-19T20:43:27,0.52,4
382,382,1,uMARS,UM08,30080003,2026-02-19T20:38:11,2026-02-19T20:43:27,0.52,3
382,382,1,uMARS,UM09,30090007,2026-02-19T20:38:11,2026-02-19T20:43:27,0.52,NO_RECORDED_RESPONSE
382,382,1,uMARS,UM10,30100007,2026-02-19T20:38:11,2026-02-19T20:43:27,0.52,NO_RECORDED_RESPONSE
382,382,1,uMARS,UM11,30110007,2026-02-19T20:38:11,2026-02-19T20:43:27,0.52,NO_RECORDED_RESPONSE
382,382,1,uMARS,UM12,30120008,2026-02-19T20:38:11,2026-02-19T20:43:27,0.52,NO_RECORDED_RESPONSE
382,382,1,uMARS,UM13,30130008,2026-02-19T20:38:11,2026-02-19T20:43:27,0.52,NO_RECORDED_RESPONSE
382,382,1,uMARS,UM14,30140008,2026-02-19T20:38:11,2026-02-19T20:43:27,0.52,NO_RECORDED_RESPONSE
382,382,1,uMARS,UM15,30150008,2026-02-19T20:38:11,2026-02-19T20:43:27,0.52,NO_RECORDED_RESPONSE
382,382,1,uMARS,UM16,30160007,2026-02-19T20:38:11,2026-02-19T20:43:27,0.52,NO_RECORDED_RESPONSE
382,382,1,uMARS,UM17,30170007,2026-02-19T20:38:11,2026-02-19T20:43:27,0.52,NO_RECORDED_RESPONSE
382,382,1,uMARS,UM18,30180007,2026-02-19T20:38:11,2026-02-19T20:43:27,0.52,NO_RECORDED_RESPONSE
382,382,1,uMARS,UM19,30190007,2026-02-19T20:38:11,2026-02-19T20:43:27,0.52,NO_RECORDED_RESPONSE
382,382,1,uMARS,UM20,30200007,2026-02-19T20:38:11,2026-02-19T20:43:27,0.52,NO_RECORDED_RESPONSE
382,382,1,uMARS,UM21,30210007,2026-02-19T20:38:11,2026-02-19T20:43:27,0.52,NO_RECORDED_RESPONSE
382,382,1,uMARS,UM22,30220007,2026-02-19T20:38:11,2026-02-19T20:43:27,0.52,NO_RECORDED_RESPONSE
382,382,1,uMARS,UM23,30230007,2026-02-19T20:38:11,2026-02-19T20:43:27,0.52,NO_RECORDED_RESPONSE
382,382,1,uMARS,UM24,30240007,2026-02-19T20:38:11,2026-02-19T20:43:27,0.52,NO_RECORDED_RESPONSE
382,382,1,uMARS,UM25,30250007,2026-02-19T20:38:11,2026-02-19T20:43:27,0.52,NO_RECORDED_RESPONSE
384,384,1,SUS,SU01_01,20010107,2026-02-19T20:44:44,2026-02-19T20:44:58,0.0,NO_RECORDED_RESPONSE
384,384,1,SUS,SU01_02,20010207,2026-02-19T20:44:44,2026-02-19T20:44:58,0.0,NO_RECORDED_RESPONSE
384,384,1,SUS,SU01_03,20010307,2026-02-19T20:44:44,2026-02-19T20:44:58,0.0,NO_RECORDED_RESPONSE
384,384,1,SUS,SU01_04,20010407,2026-02-19T20:44:44,2026-02-19T20:44:58,0.0,NO_RECORDED_RESPONSE
384,384,1,SUS,SU01_05,20010507,2026-02-19T20:44:44,2026-02-19T20:44:58,0.0,NO_RECORDED_RESPONSE
384,384,1,SUS,SU01_06,20010607,2026-02-19T20:44:44,2026-02-19T20:44:58,0.0,NO_RECORDED_RESPONSE
384,384,1,SUS,SU01_07,20010707,2026-02-19T20:44:44,2026-02-19T20:44:58,0.0,NO_RECORDED_RESPONSE
384,384,1,SUS,SU01_08,20010807,2026-02-19T20:44:44,2026-02-19T20:44:58,0.0,NO_RECORDED_RESPONSE
384,384,1,SUS,SU01_09,20010907,2026-02-19T20:44:44,2026-02-19T20:44:58,0.0,NO_RECORDED_RESPONSE
384,384,1,SUS,SU01_10,20011007,2026-02-19T20:44:44,2026-02-19T20:44:58,0.0,NO_RECORDED_RESPONSE
387,387,1,uMARS,UM01,30010002,2026-02-20T11:52:34,2026-02-20T11:56:10,2.2,3
387,387,1,uMARS,UM02,30020003,2026-02-20T11:52:34,2026-02-20T11:56:10,2.2,3
387,387,1,uMARS,UM03,30030003,2026-02-20T11:52:34,2026-02-20T11:56:10,2.2,3
387,387,1,uMARS,UM04,30040005,2026-02-20T11:52:34,2026-02-20T11:56:10,2.2,5
387,387,1,uMARS,UM06,30060005,2026-02-20T11:52:34,2026-02-20T11:56:10,2.2,5
387,387,1,uMARS,UM07,30070004,2026-02-20T11:52:34,2026-02-20T11:56:10,2.2,4
387,387,1,uMARS,UM08,30080004,2026-02-20T11:52:34,2026-02-20T11:56:10,2.2,4
387,387,1,uMARS,UM09,30090004,2026-02-20T11:52:34,2026-02-20T11:56:10,2.2,4
387,387,1,uMARS,UM10,30100004,2026-02-20T11:52:34,2026-02-20T11:56:10,2.2,4
387,387,1,uMARS,UM11,30110003,2026-02-20T11:52:34,2026-02-20T11:56:10,2.2,3
387,387,1,uMARS,UM12,30120005,2026-02-20T11:52:34,2026-02-20T11:56:10,2.2,4
387,387,1,uMARS,UM13,30130004,2026-02-20T11:52:34,2026-02-20T11:56:10,2.2,3
387,387,1,uMARS,UM14,30140005,2026-02-20T11:52:34,2026-02-20T11:56:10,2.2,4
387,387,1,uMARS,UM15,30150005,2026-02-20T11:52:34,2026-02-20T11:56:10,2.2,4
387,387,1,uMARS,UM16,30160004,2026-02-20T11:52:34,2026-02-20T11:56:10,2.2,4
387,387,1,uMARS,UM17,30170003,2026-02-20T11:52:34,2026-02-20T11:56:10,2.2,3
387,387,1,uMARS,UM18,30180002,2026-02-20T11:52:34,2026-02-20T11:56:10,2.2,2
387,387,1,uMARS,UM19,30190004,2026-02-20T11:52:34,2026-02-20T11:56:10,2.2,4
387,387,1,uMARS,UM20,30200004,2026-02-20T11:52:34,2026-02-20T11:56:10,2.2,4
387,387,1,uMARS,UM21,30210004,2026-02-20T11:52:34,2026-02-20T11:56:10,2.2,4
387,387,1,uMARS,UM22,30220003,2026-02-20T11:52:34,2026-02-20T11:56:10,2.2,3
387,387,1,uMARS,UM23,30230003,2026-02-20T11:52:34,2026-02-20T11:56:10,2.2,3
387,387,1,uMARS,UM24,30240003,2026-02-20T11:52:34,2026-02-20T11:56:10,2.2,3
387,387,1,uMARS,UM25,30250003,2026-02-20T11:52:34,2026-02-20T11:56:10,2.2,3
388,388,1,SUS,SU01_01,20010103,2026-02-20T11:56:18,2026-02-20T11:57:11,2.17,3
388,388,1,SUS,SU01_02,20010204,2026-02-20T11:56:18,2026-02-20T11:57:11,2.17,4
388,388,1,SUS,SU01_03,20010304,2026-02-20T11:56:18,2026-02-20T11:57:11,2.17,4
388,388,1,SUS,SU01_04,20010405,2026-02-20T11:56:18,2026-02-20T11:57:11,2.17,5
388,388,1,SUS,SU01_05,20010503,2026-02-20T11:56:18,2026-02-20T11:57:11,2.17,3
388,388,1,SUS,SU01_06,20010604,2026-02-20T11:56:18,2026-02-20T11:57:11,2.17,4
388,388,1,SUS,SU01_07,20010704,2026-02-20T11:56:18,2026-02-20T11:57:11,2.17,4
388,388,1,SUS,SU01_08,20010804,2026-02-20T11:56:18,2026-02-20T11:57:11,2.17,4
388,388,1,SUS,SU01_09,20010904,2026-02-20T11:56:18,2026-02-20T11:57:11,2.17,4
388,388,1,SUS,SU01_10,20011004,2026-02-20T11:56:18,2026-02-20T11:57:11,2.17,4
389,389,1,ME1,M002_01,10020108,2026-02-20T14:13:52,2026-02-20T14:17:35,0.7,8
389,389,1,ME1,M003_01,10030110,2026-02-20T14:13:52,2026-02-20T14:17:35,0.7,10
389,389,1,ME1,M004_01,10040109,2026-02-20T14:13:52,2026-02-20T14:17:35,0.7,9
389,389,1,ME1,M005,10050001,2026-02-20T14:13:52,2026-02-20T14:17:35,0.7,1
389,389,1,ME1,M006_01,10060109,2026-02-20T14:13:52,2026-02-20T14:17:35,0.7,9
389,389,1,ME1,M007_01,10070101,2026-02-20T14:13:52,2026-02-20T14:17:35,0.7,Quiz war auch gut.
389,389,1,ME1,M008_01,10080102,2026-02-20T14:13:52,2026-02-20T14:17:35,0.7,NO_RECORDED_RESPONSE
389,389,1,ME1,M010_01,10100109,2026-02-20T14:13:52,2026-02-20T14:17:35,0.7,9
391,391,1,ME1,M002_01,10020108,2026-02-20T14:18:51,2026-02-20T14:20:51,1.15,8
391,391,1,ME1,M003_01,10030109,2026-02-20T14:18:51,2026-02-20T14:20:51,1.15,9
391,391,1,ME1,M004_01,10040109,2026-02-20T14:18:51,2026-02-20T14:20:51,1.15,9
391,391,1,ME1,M005,10050001,2026-02-20T14:18:51,2026-02-20T14:20:51,1.15,1
391,391,1,ME1,M006_01,10060109,2026-02-20T14:18:51,2026-02-20T14:20:51,1.15,9
391,391,1,ME1,M007_01,10070101,2026-02-20T14:18:51,2026-02-20T14:20:51,1.15,gut.
391,391,1,ME1,M008_01,10080102,2026-02-20T14:18:51,2026-02-20T14:20:51,1.15,NO_RECORDED_RESPONSE
391,391,1,ME1,M010_01,10100109,2026-02-20T14:18:51,2026-02-20T14:20:51,1.15,9
393,393,1,ME1,M002_01,10020108,2026-02-20T14:23:50,2026-02-20T14:25:47,1.35,8
393,393,1,ME1,M003_01,10030109,2026-02-20T14:23:50,2026-02-20T14:25:47,1.35,9
393,393,1,ME1,M004_01,10040109,2026-02-20T14:23:50,2026-02-20T14:25:47,1.35,9
393,393,1,ME1,M005,10050001,2026-02-20T14:23:50,2026-02-20T14:25:47,1.35,1
393,393,1,ME1,M006_01,10060109,2026-02-20T14:23:50,2026-02-20T14:25:47,1.35,9
393,393,1,ME1,M007_01,10070101,2026-02-20T14:23:50,2026-02-20T14:25:47,1.35,gut.
393,393,1,ME1,M008_01,10080102,2026-02-20T14:23:50,2026-02-20T14:25:47,1.35,NO_RECORDED_RESPONSE
393,393,1,ME1,M010_01,10100109,2026-02-20T14:23:50,2026-02-20T14:25:47,1.35,9
395,395,1,ME1,M002_01,10020108,2026-02-20T14:27:18,2026-02-20T14:28:46,1.16,8
395,395,1,ME1,M003_01,10030109,2026-02-20T14:27:18,2026-02-20T14:28:46,1.16,9
395,395,1,ME1,M004_01,10040109,2026-02-20T14:27:18,2026-02-20T14:28:46,1.16,9
395,395,1,ME1,M005,10050001,2026-02-20T14:27:18,2026-02-20T14:28:46,1.16,1
395,395,1,ME1,M006_01,10060109,2026-02-20T14:27:18,2026-02-20T14:28:46,1.16,9
395,395,1,ME1,M007_01,10070101,2026-02-20T14:27:18,2026-02-20T14:28:46,1.16,gut.
395,395,1,ME1,M008_01,10080102,2026-02-20T14:27:18,2026-02-20T14:28:46,1.16,NO_RECORDED_RESPONSE
395,395,1,ME1,M010_01,10100109,2026-02-20T14:27:18,2026-02-20T14:28:46,1.16,9
396,396,1,ME1,M002_01,10020108,2026-02-20T14:29:26,2026-02-20T14:30:35,1.45,8
396,396,1,ME1,M003_01,10030109,2026-02-20T14:29:26,2026-02-20T14:30:35,1.45,9
396,396,1,ME1,M004_01,10040109,2026-02-20T14:29:26,2026-02-20T14:30:35,1.45,9
396,396,1,ME1,M005,10050001,2026-02-20T14:29:26,2026-02-20T14:30:35,1.45,1
396,396,1,ME1,M006_01,10060109,2026-02-20T14:29:26,2026-02-20T14:30:35,1.45,9
396,396,1,ME1,M007_01,10070101,2026-02-20T14:29:26,2026-02-20T14:30:35,1.45,gut.
396,396,1,ME1,M008_01,10080102,2026-02-20T14:29:26,2026-02-20T14:30:35,1.45,NO_RECORDED_RESPONSE
396,396,1,ME1,M010_01,10100109,2026-02-20T14:29:26,2026-02-20T14:30:35,1.45,9
397,397,1,ME1,M002_01,10020108,2026-02-20T14:33:38,2026-02-20T14:34:42,1.97,8
397,397,1,ME1,M003_01,10030109,2026-02-20T14:33:38,2026-02-20T14:34:42,1.97,9
397,397,1,ME1,M004_01,10040109,2026-02-20T14:33:38,2026-02-20T14:34:42,1.97,9
397,397,1,ME1,M005,10050001,2026-02-20T14:33:38,2026-02-20T14:34:42,1.97,1
397,397,1,ME1,M006_01,10060109,2026-02-20T14:33:38,2026-02-20T14:34:42,1.97,9
397,397,1,ME1,M007_01,10070101,2026-02-20T14:33:38,2026-02-20T14:34:42,1.97,gut.
397,397,1,ME1,M008_01,10080102,2026-02-20T14:33:38,2026-02-20T14:34:42,1.97,NO_RECORDED_RESPONSE
397,397,1,ME1,M010_01,10100109,2026-02-20T14:33:38,2026-02-20T14:34:42,1.97,9
398,398,1,SUS,SU01_01,20010104,2026-02-20T14:35:39,2026-02-20T14:38:30,0.67,4
398,398,1,SUS,SU01_02,20010205,2026-02-20T14:35:39,2026-02-20T14:38:30,0.67,5
398,398,1,SUS,SU01_03,20010304,2026-02-20T14:35:39,2026-02-20T14:38:30,0.67,4
398,398,1,SUS,SU01_04,20010405,2026-02-20T14:35:39,2026-02-20T14:38:30,0.67,5
398,398,1,SUS,SU01_05,20010504,2026-02-20T14:35:39,2026-02-20T14:38:30,0.67,4
398,398,1,SUS,SU01_06,20010605,2026-02-20T14:35:39,2026-02-20T14:38:30,0.67,5
398,398,1,SUS,SU01_07,20010704,2026-02-20T14:35:39,2026-02-20T14:38:30,0.67,4
398,398,1,SUS,SU01_08,20010805,2026-02-20T14:35:39,2026-02-20T14:38:30,0.67,5
398,398,1,SUS,SU01_09,20010904,2026-02-20T14:35:39,2026-02-20T14:38:30,0.67,4
398,398,1,SUS,SU01_10,20011005,2026-02-20T14:35:39,2026-02-20T14:38:30,0.67,5
399,399,1,uMARS,UM01,30010004,2026-02-20T14:38:45,2026-02-20T14:53:34,0.49,5
399,399,1,uMARS,UM02,30020005,2026-02-20T14:38:45,2026-02-20T14:53:34,0.49,5
399,399,1,uMARS,UM03,30030004,2026-02-20T14:38:45,2026-02-20T14:53:34,0.49,4
399,399,1,uMARS,UM04,30040005,2026-02-20T14:38:45,2026-02-20T14:53:34,0.49,5
399,399,1,uMARS,UM06,30060004,2026-02-20T14:38:45,2026-02-20T14:53:34,0.49,4
399,399,1,uMARS,UM07,30070004,2026-02-20T14:38:45,2026-02-20T14:53:34,0.49,4
399,399,1,uMARS,UM08,30080004,2026-02-20T14:38:45,2026-02-20T14:53:34,0.49,4
399,399,1,uMARS,UM09,30090004,2026-02-20T14:38:45,2026-02-20T14:53:34,0.49,4
399,399,1,uMARS,UM10,30100004,2026-02-20T14:38:45,2026-02-20T14:53:34,0.49,4
399,399,1,uMARS,UM11,30110004,2026-02-20T14:38:45,2026-02-20T14:53:34,0.49,4
399,399,1,uMARS,UM12,30120005,2026-02-20T14:38:45,2026-02-20T14:53:34,0.49,4
399,399,1,uMARS,UM13,30130005,2026-02-20T14:38:45,2026-02-20T14:53:34,0.49,4
399,399,1,uMARS,UM14,30140005,2026-02-20T14:38:45,2026-02-20T14:53:34,0.49,4
399,399,1,uMARS,UM15,30150005,2026-02-20T14:38:45,2026-02-20T14:53:34,0.49,4
399,399,1,uMARS,UM16,30160004,2026-02-20T14:38:45,2026-02-20T14:53:34,0.49,4
399,399,1,uMARS,UM17,30170004,2026-02-20T14:38:45,2026-02-20T14:53:34,0.49,4
399,399,1,uMARS,UM18,30180003,2026-02-20T14:38:45,2026-02-20T14:53:34,0.49,3
399,399,1,uMARS,UM19,30190004,2026-02-20T14:38:45,2026-02-20T14:53:34,0.49,4
399,399,1,uMARS,UM20,30200005,2026-02-20T14:38:45,2026-02-20T14:53:34,0.49,5
399,399,1,uMARS,UM21,30210005,2026-02-20T14:38:45,2026-02-20T14:53:34,0.49,5
399,399,1,uMARS,UM22,30220005,2026-02-20T14:38:45,2026-02-20T14:53:34,0.49,5
399,399,1,uMARS,UM23,30230005,2026-02-20T14:38:45,2026-02-20T14:53:34,0.49,5
399,399,1,uMARS,UM24,30240004,2026-02-20T14:38:45,2026-02-20T14:53:34,0.49,4
399,399,1,uMARS,UM25,30250004,2026-02-20T14:38:45,2026-02-20T14:53:34,0.49,4
401,401,1,ME1,M002_01,10020108,2026-02-20T17:10:14,2026-02-20T17:12:13,1.32,8
401,401,1,ME1,M003_01,10030108,2026-02-20T17:10:14,2026-02-20T17:12:13,1.32,8
401,401,1,ME1,M004_01,10040105,2026-02-20T17:10:14,2026-02-20T17:12:13,1.32,5
401,401,1,ME1,M005,10050001,2026-02-20T17:10:14,2026-02-20T17:12:13,1.32,1
401,401,1,ME1,M006_01,10060108,2026-02-20T17:10:14,2026-02-20T17:12:13,1.32,8
401,401,1,ME1,M007_01,10070102,2026-02-20T17:10:14,2026-02-20T17:12:13,1.32,NO_RECORDED_RESPONSE
401,401,1,ME1,M008_01,10080102,2026-02-20T17:10:14,2026-02-20T17:12:13,1.32,NO_RECORDED_RESPONSE
401,401,1,ME1,M010_01,10100107,2026-02-20T17:10:14,2026-02-20T17:12:13,1.32,7
402,402,1,ME1,M002_01,10020109,2026-02-20T21:26:48,2026-02-20T21:31:48,0.53,9
402,402,1,ME1,M003_01,10030107,2026-02-20T21:26:48,2026-02-20T21:31:48,0.53,7
402,402,1,ME1,M004_01,10040108,2026-02-20T21:26:48,2026-02-20T21:31:48,0.53,8
402,402,1,ME1,M005,10050001,2026-02-20T21:26:48,2026-02-20T21:31:48,0.53,1
402,402,1,ME1,M006_01,10060108,2026-02-20T21:26:48,2026-02-20T21:31:48,0.53,8
402,402,1,ME1,M007_01,10070101,2026-02-20T21:26:48,2026-02-20T21:31:48,0.53,Die Funktionen alle Geräten wurden sehr gut geklärt
402,402,1,ME1,M008_01,10080101,2026-02-20T21:26:48,2026-02-20T21:31:48,0.53,Paar echte Bilder von op
402,402,1,ME1,M010_01,10100108,2026-02-20T21:26:48,2026-02-20T21:31:48,0.53,8
404,404,1,ME1,M002_01,10020108,2026-02-20T21:45:24,2026-02-20T21:47:59,0.66,8
404,404,1,ME1,M003_01,10030108,2026-02-20T21:45:24,2026-02-20T21:47:59,0.66,8
404,404,1,ME1,M004_01,10040108,2026-02-20T21:45:24,2026-02-20T21:47:59,0.66,8
404,404,1,ME1,M005,10050001,2026-02-20T21:45:24,2026-02-20T21:47:59,0.66,1
404,404,1,ME1,M006_01,10060108,2026-02-20T21:45:24,2026-02-20T21:47:59,0.66,8
404,404,1,ME1,M007_01,10070101,2026-02-20T21:45:24,2026-02-20T21:47:59,0.66,Die Erklärung war für mich sehr interessant
404,404,1,ME1,M008_01,10080101,2026-02-20T21:45:24,2026-02-20T21:47:59,0.66,War schon viel genug
404,404,1,ME1,M010_01,10100108,2026-02-20T21:45:24,2026-02-20T21:47:59,0.66,8
406,406,1,SUS,SU01_01,20010103,2026-02-21T23:32:25,2026-02-21T23:33:48,1.39,3
406,406,1,SUS,SU01_02,20010203,2026-02-21T23:32:25,2026-02-21T23:33:48,1.39,3
406,406,1,SUS,SU01_03,20010303,2026-02-21T23:32:25,2026-02-21T23:33:48,1.39,3
406,406,1,SUS,SU01_04,20010403,2026-02-21T23:32:25,2026-02-21T23:33:48,1.39,3
406,406,1,SUS,SU01_05,20010503,2026-02-21T23:32:25,2026-02-21T23:33:48,1.39,3
406,406,1,SUS,SU01_06,20010603,2026-02-21T23:32:25,2026-02-21T23:33:48,1.39,3
406,406,1,SUS,SU01_07,20010703,2026-02-21T23:32:25,2026-02-21T23:33:48,1.39,3
406,406,1,SUS,SU01_08,20010803,2026-02-21T23:32:25,2026-02-21T23:33:48,1.39,3
406,406,1,SUS,SU01_09,20010903,2026-02-21T23:32:25,2026-02-21T23:33:48,1.39,3
406,406,1,SUS,SU01_10,20011003,2026-02-21T23:32:25,2026-02-21T23:33:48,1.39,3
408,408,1,uMARS,UM01,30010006,2026-02-21T23:34:20,2026-02-22T00:41:05,0.01,NO_RECORDED_RESPONSE
408,408,1,uMARS,UM02,30020007,2026-02-21T23:34:20,2026-02-22T00:41:05,0.01,NO_RECORDED_RESPONSE
408,408,1,uMARS,UM03,30030007,2026-02-21T23:34:20,2026-02-22T00:41:05,0.01,NO_RECORDED_RESPONSE
408,408,1,uMARS,UM04,30040007,2026-02-21T23:34:20,2026-02-22T00:41:05,0.01,NO_RECORDED_RESPONSE
408,408,1,uMARS,UM06,30060007,2026-02-21T23:34:20,2026-02-22T00:41:05,0.01,NO_RECORDED_RESPONSE
408,408,1,uMARS,UM07,30070007,2026-02-21T23:34:20,2026-02-22T00:41:05,0.01,NO_RECORDED_RESPONSE
408,408,1,uMARS,UM08,30080007,2026-02-21T23:34:20,2026-02-22T00:41:05,0.01,NO_RECORDED_RESPONSE
408,408,1,uMARS,UM09,30090007,2026-02-21T23:34:20,2026-02-22T00:41:05,0.01,NO_RECORDED_RESPONSE
408,408,1,uMARS,UM10,30100007,2026-02-21T23:34:20,2026-02-22T00:41:05,0.01,NO_RECORDED_RESPONSE
408,408,1,uMARS,UM11,30110007,2026-02-21T23:34:20,2026-02-22T00:41:05,0.01,NO_RECORDED_RESPONSE
408,408,1,uMARS,UM12,30120008,2026-02-21T23:34:20,2026-02-22T00:41:05,0.01,NO_RECORDED_RESPONSE
408,408,1,uMARS,UM13,30130008,2026-02-21T23:34:20,2026-02-22T00:41:05,0.01,NO_RECORDED_RESPONSE
408,408,1,uMARS,UM14,30140008,2026-02-21T23:34:20,2026-02-22T00:41:05,0.01,NO_RECORDED_RESPONSE
408,408,1,uMARS,UM15,30150008,2026-02-21T23:34:20,2026-02-22T00:41:05,0.01,NO_RECORDED_RESPONSE
408,408,1,uMARS,UM16,30160007,2026-02-21T23:34:20,2026-02-22T00:41:05,0.01,NO_RECORDED_RESPONSE
408,408,1,uMARS,UM17,30170007,2026-02-21T23:34:20,2026-02-22T00:41:05,0.01,NO_RECORDED_RESPONSE
408,408,1,uMARS,UM18,30180007,2026-02-21T23:34:20,2026-02-22T00:41:05,0.01,NO_RECORDED_RESPONSE
408,408,1,uMARS,UM19,30190007,2026-02-21T23:34:20,2026-02-22T00:41:05,0.01,NO_RECORDED_RESPONSE
408,408,1,uMARS,UM20,30200007,2026-02-21T23:34:20,2026-02-22T00:41:05,0.01,NO_RECORDED_RESPONSE
408,408,1,uMARS,UM21,30210007,2026-02-21T23:34:20,2026-02-22T00:41:05,0.01,NO_RECORDED_RESPONSE
408,408,1,uMARS,UM22,30220007,2026-02-21T23:34:20,2026-02-22T00:41:05,0.01,NO_RECORDED_RESPONSE
408,408,1,uMARS,UM23,30230007,2026-02-21T23:34:20,2026-02-22T00:41:05,0.01,NO_RECORDED_RESPONSE
408,408,1,uMARS,UM24,30240007,2026-02-21T23:34:20,2026-02-22T00:41:05,0.01,NO_RECORDED_RESPONSE
408,408,1,uMARS,UM25,30250007,2026-02-21T23:34:20,2026-02-22T00:41:05,0.01,NO_RECORDED_RESPONSE
409,409,1,ME1,M002_01,10020109,2026-02-22T12:50:47,2026-02-22T12:53:56,0.73,9
409,409,1,ME1,M003_01,10030106,2026-02-22T12:50:47,2026-02-22T12:53:56,0.73,6
409,409,1,ME1,M004_01,10040106,2026-02-22T12:50:47,2026-02-22T12:53:56,0.73,6
409,409,1,ME1,M005,10050001,2026-02-22T12:50:47,2026-02-22T12:53:56,0.73,1
409,409,1,ME1,M006_01,10060108,2026-02-22T12:50:47,2026-02-22T12:53:56,0.73,8
409,409,1,ME1,M007_01,10070101,2026-02-22T12:50:47,2026-02-22T12:53:56,0.73,Einschätzung mit den eigenen Medikamenten
409,409,1,ME1,M008_01,10080101,2026-02-22T12:50:47,2026-02-22T12:53:56,0.73,Wechselwirkungen der Medikamente
409,409,1,ME1,M010_01,10100109,2026-02-22T12:50:47,2026-02-22T12:53:56,0.73,9
410,410,1,ME1,M002_01,10020104,2026-02-22T16:14:25,2026-02-22T16:28:50,0.16,4
410,410,1,ME1,M003_01,10030104,2026-02-22T16:14:25,2026-02-22T16:28:50,0.16,4
410,410,1,ME1,M004_01,10040104,2026-02-22T16:14:25,2026-02-22T16:28:50,0.16,4
410,410,1,ME1,M005,10050002,2026-02-22T16:14:25,2026-02-22T16:28:50,0.16,2
410,410,1,ME1,M006_01,10060104,2026-02-22T16:14:25,2026-02-22T16:28:50,0.16,4
410,410,1,ME1,M007_01,10070102,2026-02-22T16:14:25,2026-02-22T16:28:50,0.16,NO_RECORDED_RESPONSE
410,410,1,ME1,M008_01,10080101,2026-02-22T16:14:25,2026-02-22T16:28:50,0.16,"Ich schlucke täglich 7 Tabletten /Herz, Schilddrüse, Prostata und kann mir nur schwer die Namen und Wirkstoffe der einzelnen Tabletten merken. Bei Überprüfung meines Defibrillators in der MHH bekomme ich häufig zu Hören,  dass man doch eventuell andere Tablette mit anderen Wirkstoffen nehmen solle/ könne. Dies verunsichert mich mehr, als es mir hilft, da ich es sowieso kaum verstehe. Ich muss mich doch wohl auf meinen Kardiologen verlassen, oder?"
410,410,1,ME1,M010_01,10100104,2026-02-22T16:14:25,2026-02-22T16:28:50,0.16,4
412,412,1,ME1,M002_01,10020108,2026-02-23T17:13:41,2026-02-23T17:19:05,0.49,8
412,412,1,ME1,M003_01,10030107,2026-02-23T17:13:41,2026-02-23T17:19:05,0.49,7
412,412,1,ME1,M004_01,10040108,2026-02-23T17:13:41,2026-02-23T17:19:05,0.49,8
412,412,1,ME1,M005,10050002,2026-02-23T17:13:41,2026-02-23T17:19:05,0.49,2
412,412,1,ME1,M006_01,10060108,2026-02-23T17:13:41,2026-02-23T17:19:05,0.49,8
412,412,1,ME1,M007_01,10070101,2026-02-23T17:13:41,2026-02-23T17:19:05,0.49,"Ich weiß erst jetzt, wie mein Defibrillator funktioniert. Solch eine Unterlage hätte ich mir schon vor oder nach der Implatation gewünscht."
412,412,1,ME1,M008_01,10080102,2026-02-23T17:13:41,2026-02-23T17:19:05,0.49,NO_RECORDED_RESPONSE
412,412,1,ME1,M010_01,10100110,2026-02-23T17:13:41,2026-02-23T17:19:05,0.49,10
413,413,1,ME1,M002_01,10020108,2026-02-24T10:03:31,2026-02-24T10:04:59,1.16,8
413,413,1,ME1,M003_01,10030108,2026-02-24T10:03:31,2026-02-24T10:04:59,1.16,8
413,413,1,ME1,M004_01,10040107,2026-02-24T10:03:31,2026-02-24T10:04:59,1.16,7
413,413,1,ME1,M005,10050002,2026-02-24T10:03:31,2026-02-24T10:04:59,1.16,2
413,413,1,ME1,M006_01,10060108,2026-02-24T10:03:31,2026-02-24T10:04:59,1.16,8
413,413,1,ME1,M007_01,10070102,2026-02-24T10:03:31,2026-02-24T10:04:59,1.16,NO_RECORDED_RESPONSE
413,413,1,ME1,M008_01,10080102,2026-02-24T10:03:31,2026-02-24T10:04:59,1.16,NO_RECORDED_RESPONSE
413,413,1,ME1,M010_01,10100109,2026-02-24T10:03:31,2026-02-24T10:04:59,1.16,9
414,414,1,ME1,M002_01,10020110,2026-02-24T10:56:57,2026-02-24T10:58:39,1.55,10
414,414,1,ME1,M003_01,10030108,2026-02-24T10:56:57,2026-02-24T10:58:39,1.55,8
414,414,1,ME1,M004_01,10040107,2026-02-24T10:56:57,2026-02-24T10:58:39,1.55,7
414,414,1,ME1,M005,10050001,2026-02-24T10:56:57,2026-02-24T10:58:39,1.55,1
414,414,1,ME1,M006_01,10060110,2026-02-24T10:56:57,2026-02-24T10:58:39,1.55,10
414,414,1,ME1,M007_01,10070101,2026-02-24T10:56:57,2026-02-24T10:58:39,1.55,Ja
414,414,1,ME1,M008_01,10080102,2026-02-24T10:56:57,2026-02-24T10:58:39,1.55,NO_RECORDED_RESPONSE
414,414,1,ME1,M010_01,10100108,2026-02-24T10:56:57,2026-02-24T10:58:39,1.55,8
416,416,1,ME1,M002_01,10020108,2026-02-24T11:00:15,2026-02-24T11:01:35,1.25,8
416,416,1,ME1,M003_01,10030108,2026-02-24T11:00:15,2026-02-24T11:01:35,1.25,8
416,416,1,ME1,M004_01,10040108,2026-02-24T11:00:15,2026-02-24T11:01:35,1.25,8
416,416,1,ME1,M005,10050001,2026-02-24T11:00:15,2026-02-24T11:01:35,1.25,1
416,416,1,ME1,M006_01,10060108,2026-02-24T11:00:15,2026-02-24T11:01:35,1.25,8
416,416,1,ME1,M007_01,10070102,2026-02-24T11:00:15,2026-02-24T11:01:35,1.25,NO_RECORDED_RESPONSE
416,416,1,ME1,M008_01,10080102,2026-02-24T11:00:15,2026-02-24T11:01:35,1.25,NO_RECORDED_RESPONSE
416,416,1,ME1,M010_01,10100106,2026-02-24T11:00:15,2026-02-24T11:01:35,1.25,6
417,417,1,ME1,M002_01,10020108,2026-02-24T11:13:10,2026-02-24T11:14:22,1.75,8
417,417,1,ME1,M003_01,10030108,2026-02-24T11:13:10,2026-02-24T11:14:22,1.75,8
417,417,1,ME1,M004_01,10040110,2026-02-24T11:13:10,2026-02-24T11:14:22,1.75,10
417,417,1,ME1,M005,10050001,2026-02-24T11:13:10,2026-02-24T11:14:22,1.75,1
417,417,1,ME1,M006_01,10060108,2026-02-24T11:13:10,2026-02-24T11:14:22,1.75,8
417,417,1,ME1,M007_01,10070102,2026-02-24T11:13:10,2026-02-24T11:14:22,1.75,NO_RECORDED_RESPONSE
417,417,1,ME1,M008_01,10080102,2026-02-24T11:13:10,2026-02-24T11:14:22,1.75,NO_RECORDED_RESPONSE
417,417,1,ME1,M010_01,10100108,2026-02-24T11:13:10,2026-02-24T11:14:22,1.75,8
418,418,1,SUS,SU01_01,20010104,2026-02-24T11:15:41,2026-02-24T11:17:32,1.04,4
418,418,1,SUS,SU01_02,20010205,2026-02-24T11:15:41,2026-02-24T11:17:32,1.04,5
418,418,1,SUS,SU01_03,20010304,2026-02-24T11:15:41,2026-02-24T11:17:32,1.04,4
418,418,1,SUS,SU01_04,20010405,2026-02-24T11:15:41,2026-02-24T11:17:32,1.04,5
418,418,1,SUS,SU01_05,20010504,2026-02-24T11:15:41,2026-02-24T11:17:32,1.04,4
418,418,1,SUS,SU01_06,20010605,2026-02-24T11:15:41,2026-02-24T11:17:32,1.04,5
418,418,1,SUS,SU01_07,20010702,2026-02-24T11:15:41,2026-02-24T11:17:32,1.04,2
418,418,1,SUS,SU01_08,20010804,2026-02-24T11:15:41,2026-02-24T11:17:32,1.04,4
418,418,1,SUS,SU01_09,20010904,2026-02-24T11:15:41,2026-02-24T11:17:32,1.04,4
418,418,1,SUS,SU01_10,20011003,2026-02-24T11:15:41,2026-02-24T11:17:32,1.04,3
419,419,1,uMARS,UM01,30010003,2026-02-24T11:17:44,2026-02-24T11:26:09,0.93,4
419,419,1,uMARS,UM02,30020005,2026-02-24T11:17:44,2026-02-24T11:26:09,0.93,5
419,419,1,uMARS,UM03,30030004,2026-02-24T11:17:44,2026-02-24T11:26:09,0.93,4
419,419,1,uMARS,UM04,30040005,2026-02-24T11:17:44,2026-02-24T11:26:09,0.93,5
419,419,1,uMARS,UM06,30060004,2026-02-24T11:17:44,2026-02-24T11:26:09,0.93,4
419,419,1,uMARS,UM07,30070004,2026-02-24T11:17:44,2026-02-24T11:26:09,0.93,4
419,419,1,uMARS,UM08,30080005,2026-02-24T11:17:44,2026-02-24T11:26:09,0.93,5
419,419,1,uMARS,UM09,30090005,2026-02-24T11:17:44,2026-02-24T11:26:09,0.93,5
419,419,1,uMARS,UM10,30100005,2026-02-24T11:17:44,2026-02-24T11:26:09,0.93,5
419,419,1,uMARS,UM11,30110004,2026-02-24T11:17:44,2026-02-24T11:26:09,0.93,4
419,419,1,uMARS,UM12,30120005,2026-02-24T11:17:44,2026-02-24T11:26:09,0.93,4
419,419,1,uMARS,UM13,30130006,2026-02-24T11:17:44,2026-02-24T11:26:09,0.93,5
419,419,1,uMARS,UM14,30140005,2026-02-24T11:17:44,2026-02-24T11:26:09,0.93,4
419,419,1,uMARS,UM15,30150006,2026-02-24T11:17:44,2026-02-24T11:26:09,0.93,5
419,419,1,uMARS,UM16,30160005,2026-02-24T11:17:44,2026-02-24T11:26:09,0.93,5
419,419,1,uMARS,UM17,30170003,2026-02-24T11:17:44,2026-02-24T11:26:09,0.93,3
419,419,1,uMARS,UM18,30180005,2026-02-24T11:17:44,2026-02-24T11:26:09,0.93,5
419,419,1,uMARS,UM19,30190005,2026-02-24T11:17:44,2026-02-24T11:26:09,0.93,5
419,419,1,uMARS,UM20,30200005,2026-02-24T11:17:44,2026-02-24T11:26:09,0.93,5
419,419,1,uMARS,UM21,30210004,2026-02-24T11:17:44,2026-02-24T11:26:09,0.93,4
419,419,1,uMARS,UM22,30220004,2026-02-24T11:17:44,2026-02-24T11:26:09,0.93,4
419,419,1,uMARS,UM23,30230004,2026-02-24T11:17:44,2026-02-24T11:26:09,0.93,4
419,419,1,uMARS,UM24,30240004,2026-02-24T11:17:44,2026-02-24T11:26:09,0.93,4
419,419,1,uMARS,UM25,30250004,2026-02-24T11:17:44,2026-02-24T11:26:09,0.93,4
420,420,1,SUS,SU01_01,20010105,2026-02-24T16:35:30,2026-02-24T16:37:21,1.04,5
420,420,1,SUS,SU01_02,20010205,2026-02-24T16:35:30,2026-02-24T16:37:21,1.04,5
420,420,1,SUS,SU01_03,20010305,2026-02-24T16:35:30,2026-02-24T16:37:21,1.04,5
420,420,1,SUS,SU01_04,20010405,2026-02-24T16:35:30,2026-02-24T16:37:21,1.04,5
420,420,1,SUS,SU01_05,20010505,2026-02-24T16:35:30,2026-02-24T16:37:21,1.04,5
420,420,1,SUS,SU01_06,20010605,2026-02-24T16:35:30,2026-02-24T16:37:21,1.04,5
420,420,1,SUS,SU01_07,20010705,2026-02-24T16:35:30,2026-02-24T16:37:21,1.04,5
420,420,1,SUS,SU01_08,20010805,2026-02-24T16:35:30,2026-02-24T16:37:21,1.04,5
420,420,1,SUS,SU01_09,20010905,2026-02-24T16:35:30,2026-02-24T16:37:21,1.04,5
420,420,1,SUS,SU01_10,20011005,2026-02-24T16:35:30,2026-02-24T16:37:21,1.04,5
421,421,1,uMARS,UM01,30010003,2026-02-24T16:37:28,2026-02-24T16:39:24,1.62,4
421,421,1,uMARS,UM02,30020004,2026-02-24T16:37:28,2026-02-24T16:39:24,1.62,4
421,421,1,uMARS,UM03,30030003,2026-02-24T16:37:28,2026-02-24T16:39:24,1.62,3
421,421,1,uMARS,UM04,30040004,2026-02-24T16:37:28,2026-02-24T16:39:24,1.62,4
421,421,1,uMARS,UM06,30060007,2026-02-24T16:37:28,2026-02-24T16:39:24,1.62,NO_RECORDED_RESPONSE
421,421,1,uMARS,UM07,30070007,2026-02-24T16:37:28,2026-02-24T16:39:24,1.62,NO_RECORDED_RESPONSE
421,421,1,uMARS,UM08,30080007,2026-02-24T16:37:28,2026-02-24T16:39:24,1.62,NO_RECORDED_RESPONSE
421,421,1,uMARS,UM09,30090007,2026-02-24T16:37:28,2026-02-24T16:39:24,1.62,NO_RECORDED_RESPONSE
421,421,1,uMARS,UM10,30100007,2026-02-24T16:37:28,2026-02-24T16:39:24,1.62,NO_RECORDED_RESPONSE
421,421,1,uMARS,UM11,30110007,2026-02-24T16:37:28,2026-02-24T16:39:24,1.62,NO_RECORDED_RESPONSE
421,421,1,uMARS,UM12,30120008,2026-02-24T16:37:28,2026-02-24T16:39:24,1.62,NO_RECORDED_RESPONSE
421,421,1,uMARS,UM13,30130008,2026-02-24T16:37:28,2026-02-24T16:39:24,1.62,NO_RECORDED_RESPONSE
421,421,1,uMARS,UM14,30140008,2026-02-24T16:37:28,2026-02-24T16:39:24,1.62,NO_RECORDED_RESPONSE
421,421,1,uMARS,UM15,30150008,2026-02-24T16:37:28,2026-02-24T16:39:24,1.62,NO_RECORDED_RESPONSE
421,421,1,uMARS,UM16,30160007,2026-02-24T16:37:28,2026-02-24T16:39:24,1.62,NO_RECORDED_RESPONSE
421,421,1,uMARS,UM17,30170007,2026-02-24T16:37:28,2026-02-24T16:39:24,1.62,NO_RECORDED_RESPONSE
421,421,1,uMARS,UM18,30180007,2026-02-24T16:37:28,2026-02-24T16:39:24,1.62,NO_RECORDED_RESPONSE
421,421,1,uMARS,UM19,30190007,2026-02-24T16:37:28,2026-02-24T16:39:24,1.62,NO_RECORDED_RESPONSE
421,421,1,uMARS,UM20,30200007,2026-02-24T16:37:28,2026-02-24T16:39:24,1.62,NO_RECORDED_RESPONSE
421,421,1,uMARS,UM21,30210007,2026-02-24T16:37:28,2026-02-24T16:39:24,1.62,NO_RECORDED_RESPONSE
421,421,1,uMARS,UM22,30220007,2026-02-24T16:37:28,2026-02-24T16:39:24,1.62,NO_RECORDED_RESPONSE
421,421,1,uMARS,UM23,30230007,2026-02-24T16:37:28,2026-02-24T16:39:24,1.62,NO_RECORDED_RESPONSE
421,421,1,uMARS,UM24,30240007,2026-02-24T16:37:28,2026-02-24T16:39:24,1.62,NO_RECORDED_RESPONSE
421,421,1,uMARS,UM25,30250007,2026-02-24T16:37:28,2026-02-24T16:39:24,1.62,NO_RECORDED_RESPONSE
423,423,1,ME1,M002_01,10020110,2026-02-24T16:46:45,2026-02-24T16:52:18,0.47,10
423,423,1,ME1,M003_01,10030106,2026-02-24T16:46:45,2026-02-24T16:52:18,0.47,6
423,423,1,ME1,M004_01,10040110,2026-02-24T16:46:45,2026-02-24T16:52:18,0.47,10
423,423,1,ME1,M005,10050001,2026-02-24T16:46:45,2026-02-24T16:52:18,0.47,1
423,423,1,ME1,M006_01,10060109,2026-02-24T16:46:45,2026-02-24T16:52:18,0.47,9
423,423,1,ME1,M007_01,10070101,2026-02-24T16:46:45,2026-02-24T16:52:18,0.47,"Sehr informativ für Patienten, die neu mit ihrer Krankheit konfrontiert werden um solides Grundwissen zu erlangen."
423,423,1,ME1,M008_01,10080101,2026-02-24T16:46:45,2026-02-24T16:52:18,0.47,"Ggf. ür Interessierte ggf. links zu weiterführender Literatur/Brochure für Patienten, die mehr ins  Detail gehen."
423,423,1,ME1,M010_01,10100103,2026-02-24T16:46:45,2026-02-24T16:52:18,0.47,3
424,424,1,ME1,M002_01,10020110,2026-02-24T16:53:29,2026-02-24T16:55:56,0.94,10
424,424,1,ME1,M003_01,10030105,2026-02-24T16:53:29,2026-02-24T16:55:56,0.94,5
424,424,1,ME1,M004_01,10040110,2026-02-24T16:53:29,2026-02-24T16:55:56,0.94,10
424,424,1,ME1,M005,10050001,2026-02-24T16:53:29,2026-02-24T16:55:56,0.94,1
424,424,1,ME1,M006_01,10060110,2026-02-24T16:53:29,2026-02-24T16:55:56,0.94,10
424,424,1,ME1,M007_01,10070101,2026-02-24T16:53:29,2026-02-24T16:55:56,0.94,Gute solide Information für Patienten nach Erstdiagnose einer Herzerkrankung
424,424,1,ME1,M008_01,10080101,2026-02-24T16:53:29,2026-02-24T16:55:56,0.94,links zu Brochuren
424,424,1,ME1,M010_01,10100101,2026-02-24T16:53:29,2026-02-24T16:55:56,0.94,1
425,425,1,ME1,M002_01,10020110,2026-02-24T16:57:17,2026-02-24T16:59:34,1.15,10
425,425,1,ME1,M003_01,10030105,2026-02-24T16:57:17,2026-02-24T16:59:34,1.15,5
425,425,1,ME1,M004_01,10040110,2026-02-24T16:57:17,2026-02-24T16:59:34,1.15,10
425,425,1,ME1,M005,10050001,2026-02-24T16:57:17,2026-02-24T16:59:34,1.15,1
425,425,1,ME1,M006_01,10060110,2026-02-24T16:57:17,2026-02-24T16:59:34,1.15,10
425,425,1,ME1,M007_01,10070101,2026-02-24T16:57:17,2026-02-24T16:59:34,1.15,"Sehr gute Info für den Patienten, gute Übersicht, die auch ein gutes Grundverständnis vermittelt und Ängste nehmen kann bzw. zu Fragen an den Kardiologen animieren kann."
425,425,1,ME1,M008_01,10080102,2026-02-24T16:57:17,2026-02-24T16:59:34,1.15,NO_RECORDED_RESPONSE
425,425,1,ME1,M010_01,10100102,2026-02-24T16:57:17,2026-02-24T16:59:34,1.15,2
426,426,1,ME1,M002_01,10020110,2026-02-24T17:00:08,2026-02-24T17:02:19,0.78,10
426,426,1,ME1,M003_01,10030105,2026-02-24T17:00:08,2026-02-24T17:02:19,0.78,5
426,426,1,ME1,M004_01,10040110,2026-02-24T17:00:08,2026-02-24T17:02:19,0.78,10
426,426,1,ME1,M005,10050001,2026-02-24T17:00:08,2026-02-24T17:02:19,0.78,1
426,426,1,ME1,M006_01,10060110,2026-02-24T17:00:08,2026-02-24T17:02:19,0.78,10
426,426,1,ME1,M007_01,10070101,2026-02-24T17:00:08,2026-02-24T17:02:19,0.78,"Sehr guter Überblick für Patienten (Anmerkung, falls ich es nicht schon früher gemacht habe: Ich bin selbst Internistin/Nephrologin). Ich finde die Struktur aller Module sehr gut."
426,426,1,ME1,M008_01,10080102,2026-02-24T17:00:08,2026-02-24T17:02:19,0.78,NO_RECORDED_RESPONSE
426,426,1,ME1,M010_01,10100102,2026-02-24T17:00:08,2026-02-24T17:02:19,0.78,2
427,427,1,ME1,M002_01,10020110,2026-02-24T17:02:57,2026-02-24T17:04:32,1.05,10
427,427,1,ME1,M003_01,10030105,2026-02-24T17:02:57,2026-02-24T17:04:32,1.05,5
427,427,1,ME1,M004_01,10040110,2026-02-24T17:02:57,2026-02-24T17:04:32,1.05,10
427,427,1,ME1,M005,10050001,2026-02-24T17:02:57,2026-02-24T17:04:32,1.05,1
427,427,1,ME1,M006_01,10060110,2026-02-24T17:02:57,2026-02-24T17:04:32,1.05,10
427,427,1,ME1,M007_01,10070101,2026-02-24T17:02:57,2026-02-24T17:04:32,1.05,"Ebenfalls sehr gutes Modul, das auch Fragen beantwortet bzw. thematisiert, die sich Patienten möglicherweise nicht trauen zu fragen."
427,427,1,ME1,M008_01,10080102,2026-02-24T17:02:57,2026-02-24T17:04:32,1.05,NO_RECORDED_RESPONSE
427,427,1,ME1,M010_01,10100102,2026-02-24T17:02:57,2026-02-24T17:04:32,1.05,2
429,429,1,ME1,M002_01,10020110,2026-02-24T17:10:06,2026-02-24T17:13:00,0.72,10
429,429,1,ME1,M003_01,10030105,2026-02-24T17:10:06,2026-02-24T17:13:00,0.72,5
429,429,1,ME1,M004_01,10040110,2026-02-24T17:10:06,2026-02-24T17:13:00,0.72,10
429,429,1,ME1,M005,10050001,2026-02-24T17:10:06,2026-02-24T17:13:00,0.72,1
429,429,1,ME1,M006_01,10060110,2026-02-24T17:10:06,2026-02-24T17:13:00,0.72,10
429,429,1,ME1,M007_01,10070101,2026-02-24T17:10:06,2026-02-24T17:13:00,0.72,Wichtiges Thema um Patient und Angehörige auf Notfälle vorzubereiten und Kompetenz zu vermitteln.
429,429,1,ME1,M008_01,10080101,2026-02-24T17:10:06,2026-02-24T17:13:00,0.72,Für Angehörige: Mehr Details zur Herzdruckmassage. Video zur Herzdruckmassage.
429,429,1,ME1,M010_01,10100102,2026-02-24T17:10:06,2026-02-24T17:13:00,0.72,2
430,430,1,SUS,SU01_01,20010105,2026-02-24T17:13:14,2026-02-24T17:14:22,1.69,5
430,430,1,SUS,SU01_02,20010205,2026-02-24T17:13:14,2026-02-24T17:14:22,1.69,5
430,430,1,SUS,SU01_03,20010305,2026-02-24T17:13:14,2026-02-24T17:14:22,1.69,5
430,430,1,SUS,SU01_04,20010405,2026-02-24T17:13:14,2026-02-24T17:14:22,1.69,5
430,430,1,SUS,SU01_05,20010505,2026-02-24T17:13:14,2026-02-24T17:14:22,1.69,5
430,430,1,SUS,SU01_06,20010604,2026-02-24T17:13:14,2026-02-24T17:14:22,1.69,4
430,430,1,SUS,SU01_07,20010705,2026-02-24T17:13:14,2026-02-24T17:14:22,1.69,5
430,430,1,SUS,SU01_08,20010805,2026-02-24T17:13:14,2026-02-24T17:14:22,1.69,5
430,430,1,SUS,SU01_09,20010905,2026-02-24T17:13:14,2026-02-24T17:14:22,1.69,5
430,430,1,SUS,SU01_10,20011005,2026-02-24T17:13:14,2026-02-24T17:14:22,1.69,5
431,431,1,uMARS,UM01,30010004,2026-02-24T17:14:27,2026-02-24T17:26:51,1.19,5
431,431,1,uMARS,UM02,30020005,2026-02-24T17:14:27,2026-02-24T17:26:51,1.19,5
431,431,1,uMARS,UM03,30030003,2026-02-24T17:14:27,2026-02-24T17:26:51,1.19,3
431,431,1,uMARS,UM04,30040004,2026-02-24T17:14:27,2026-02-24T17:26:51,1.19,4
431,431,1,uMARS,UM06,30060005,2026-02-24T17:14:27,2026-02-24T17:26:51,1.19,5
431,431,1,uMARS,UM07,30070004,2026-02-24T17:14:27,2026-02-24T17:26:51,1.19,4
431,431,1,uMARS,UM08,30080004,2026-02-24T17:14:27,2026-02-24T17:26:51,1.19,4
431,431,1,uMARS,UM09,30090004,2026-02-24T17:14:27,2026-02-24T17:26:51,1.19,4
431,431,1,uMARS,UM10,30100004,2026-02-24T17:14:27,2026-02-24T17:26:51,1.19,4
431,431,1,uMARS,UM11,30110004,2026-02-24T17:14:27,2026-02-24T17:26:51,1.19,4
431,431,1,uMARS,UM12,30120005,2026-02-24T17:14:27,2026-02-24T17:26:51,1.19,4
431,431,1,uMARS,UM13,30130005,2026-02-24T17:14:27,2026-02-24T17:26:51,1.19,4
431,431,1,uMARS,UM14,30140005,2026-02-24T17:14:27,2026-02-24T17:26:51,1.19,4
431,431,1,uMARS,UM15,30150006,2026-02-24T17:14:27,2026-02-24T17:26:51,1.19,5
431,431,1,uMARS,UM16,30160005,2026-02-24T17:14:27,2026-02-24T17:26:51,1.19,5
431,431,1,uMARS,UM17,30170003,2026-02-24T17:14:27,2026-02-24T17:26:51,1.19,3
431,431,1,uMARS,UM18,30180003,2026-02-24T17:14:27,2026-02-24T17:26:51,1.19,3
431,431,1,uMARS,UM19,30190004,2026-02-24T17:14:27,2026-02-24T17:26:51,1.19,4
431,431,1,uMARS,UM20,30200005,2026-02-24T17:14:27,2026-02-24T17:26:51,1.19,5
431,431,1,uMARS,UM21,30210005,2026-02-24T17:14:27,2026-02-24T17:26:51,1.19,5
431,431,1,uMARS,UM22,30220005,2026-02-24T17:14:27,2026-02-24T17:26:51,1.19,5
431,431,1,uMARS,UM23,30230005,2026-02-24T17:14:27,2026-02-24T17:26:51,1.19,5
431,431,1,uMARS,UM24,30240005,2026-02-24T17:14:27,2026-02-24T17:26:51,1.19,5
431,431,1,uMARS,UM25,30250005,2026-02-24T17:14:27,2026-02-24T17:26:51,1.19,5
434,434,1,ME1,M002_01,10020109,2026-02-25T15:45:08,2026-02-25T15:52:10,0.37,9
434,434,1,ME1,M003_01,10030107,2026-02-25T15:45:08,2026-02-25T15:52:10,0.37,7
434,434,1,ME1,M004_01,10040108,2026-02-25T15:45:08,2026-02-25T15:52:10,0.37,8
434,434,1,ME1,M005,10050001,2026-02-25T15:45:08,2026-02-25T15:52:10,0.37,1
434,434,1,ME1,M006_01,10060107,2026-02-25T15:45:08,2026-02-25T15:52:10,0.37,7
434,434,1,ME1,M007_01,10070102,2026-02-25T15:45:08,2026-02-25T15:52:10,0.37,NO_RECORDED_RESPONSE
434,434,1,ME1,M008_01,10080101,2026-02-25T15:45:08,2026-02-25T15:52:10,0.37,"Als Physiker interessiert mich natürlich auch die technische Seite
- Wie hoch sind die Spannungen, die abgegeben werden
- Was passiert bei Berührung von äußeren    Spannungsquellen (Autobatterie)
- Induktionskochfeld
- CT, MRT sollte genauer erklärt werden
- mechanische Belastungen
Fußball spielen
- Schwimmen/Tauchen (Druck auf den Körper)
- Kann das Gerät durch äussere Einflüsse abgeschaltet werden (Blitz, EMP)"
434,434,1,ME1,M010_01,10100109,2026-02-25T15:45:08,2026-02-25T15:52:10,0.37,9
